#
# A fatal error has been detected by the Java Runtime Environment:
#
#  SIGSEGV (0xb) at pc=0x000000010e17d274, pid=27179, tid=28163
#
# JRE version: OpenJDK Runtime Environment Microsoft-11369864 (17.0.15+6) (build 17.0.15+6-LTS)
# Java VM: OpenJDK 64-Bit Server VM Microsoft-11369864 (17.0.15+6-LTS, mixed mode, tiered, compressed oops, compressed class ptrs, g1 gc, bsd-aarch64)
# Problematic frame:
# V  [libjvm.dylib+0x95d274]  BoolNode::Ideal(PhaseGVN*, bool)+0x4b4
#
# No core dump will be written. Core dumps have been disabled. To enable core dumping, try "ulimit -c unlimited" before starting Java again
#
# If you would like to submit a bug report, please visit:
#   https://aka.ms/minecraftjavacrashes
#

---------------  S U M M A R Y ------------

Command Line: -Djava.library.path=/Documents/curseforge/minecraft/Install/bin/8b8a59c96ecc87d7f8fcc3bcf7b5b68c3d06a2db -Djna.tmpdir=/Documents/curseforge/minecraft/Install/bin/8b8a59c96ecc87d7f8fcc3bcf7b5b68c3d06a2db -Dorg.lwjgl.system.SharedLibraryExtractPath=/Documents/curseforge/minecraft/Install/bin/8b8a59c96ecc87d7f8fcc3bcf7b5b68c3d06a2db -Dio.netty.native.workdir=/Documents/curseforge/minecraft/Install/bin/8b8a59c96ecc87d7f8fcc3bcf7b5b68c3d06a2db -Dminecraft.launcher.brand=minecraft-launcher -Dminecraft.launcher.version=3.17.4 -Djava.net.preferIPv6Addresses=system -DignoreList=bootstraplauncher,securejarhandler,asm-commons,asm-util,asm-analysis,asm-tree,asm,JarJarFileSystems,client-extra,fmlcore,javafmllanguage,lowcodelanguage,mclanguage,forge-,forge-47.4.1.jar,forge-47.4.1 -DmergeModules=jna-5.10.0.jar,jna-platform-5.10.0.jar -DlibraryDirectory=/Documents/curseforge/minecraft/Install/libraries --module-path=/Documents/curseforge/minecraft/Install/libraries/cpw/mods/bootstraplauncher/1.1.2/bootstraplauncher-1.1.2.jar:/Documents/curseforge/minecraft/Install/libraries/cpw/mods/securejarhandler/2.1.10/securejarhandler-2.1.10.jar:/Documents/curseforge/minecraft/Install/libraries/org/ow2/asm/asm-commons/9.7.1/asm-commons-9.7.1.jar:/Documents/curseforge/minecraft/Install/libraries/org/ow2/asm/asm-util/9.7.1/asm-util-9.7.1.jar:/Documents/curseforge/minecraft/Install/libraries/org/ow2/asm/asm-analysis/9.7.1/asm-analysis-9.7.1.jar:/Documents/curseforge/minecraft/Install/libraries/org/ow2/asm/asm-tree/9.7.1/asm-tree-9.7.1.jar:/Documents/curseforge/minecraft/Install/libraries/org/ow2/asm/asm/9.7.1/asm-9.7.1.jar:/Documents/curseforge/minecraft/Install/libraries/net/minecraftforge/JarJarFileSystems/0.3.19/JarJarFileSystems-0.3.19.jar --add-modules=ALL-MODULE-PATH --add-opens=java.base/java.util.jar=cpw.mods.securejarhandler --add-opens=java.base/java.lang.invoke=cpw.mods.securejarhandler --add-exports=java.base/sun.security.util=cpw.mods.securejarhandler --add-exports=jdk.naming.dns/com.sun.jndi.dns=java.naming -Xmx12288m -Xms256m -Dfml.ignorePatchDiscrepancies=true -Dfml.ignoreInvalidMinecraftCertificates=true -Duser.language=en -Duser.country=US -DlibraryDirectory=/Documents/curseforge/minecraft/Install/libraries -XX:+UnlockExperimentalVMOptions -XX:+UseG1GC -XX:G1NewSizePercent=20 -XX:G1ReservePercent=20 -XX:MaxGCPauseMillis=50 -XX:G1HeapRegionSize=32M -Dlog4j.configurationFile=/Documents/curseforge/minecraft/Install/assets/log_configs/client-1.12.xml cpw.mods.bootstraplauncher.BootstrapLauncher --version forge-47.4.1 --gameDir /Documents/curseforge/minecraft/Instances/The Last Engineer --assetsDir /Documents/curseforge/minecraft/Install/assets --assetIndex 5 --userType msa --versionType release --width 1024 --height 768 --quickPlayPath /Documents/curseforge/minecraft/Install/quickPlay/java/1753884671519.json --launchTarget forgeclient --fml.forgeVersion 47.4.1 --fml.mcVersion 1.20.1 --fml.forgeGroup net.minecraftforge --fml.mcpVersion 20230612.114412

Host: "Mac16,7" arm64, 14 cores, 48G, Darwin 24.4.0, macOS 15.4.1 (24E263)
Time: Wed Jul 30 19:24:36 2025 +04 elapsed time: 4405.335649 seconds (0d 1h 13m 25s)

---------------  T H R E A D  ---------------

Current thread (0x0000000130078800):  JavaThread "C2 CompilerThread0" daemon [_thread_in_native, id=28163, stack(0x000000016c6c8000,0x000000016c8cb000)]


Current CompileTask:
C2:4405335 2041190  s    4       me.jellysquid.mods.sodium.client.world.cloned.ClonedChunkSectionCache::acquire (84 bytes)

Stack: [0x000000016c6c8000,0x000000016c8cb000],  sp=0x000000016c8c7cb0,  free space=2047k
Native frames: (J=compiled Java code, j=interpreted, Vv=VM code, C=native code)
V  [libjvm.dylib+0x95d274]  BoolNode::Ideal(PhaseGVN*, bool)+0x4b4
V  [libjvm.dylib+0x815738]  PhaseIterGVN::transform_old(Node*)+0xc0
V  [libjvm.dylib+0x8152b0]  PhaseIterGVN::optimize()+0xac
V  [libjvm.dylib+0x298ce0]  Compile::Optimize()+0x14c
V  [libjvm.dylib+0x297d50]  Compile::Compile(ciEnv*, ciMethod*, int, bool, bool, bool, bool, bool, bool, bool, DirectiveSet*)+0xb30
V  [libjvm.dylib+0x29a71c]  Compile::Compile(ciEnv*, ciMethod*, int, bool, bool, bool, bool, bool, bool, bool, DirectiveSet*)+0x30
V  [libjvm.dylib+0x205194]  C2Compiler::compile_method(ciEnv*, ciMethod*, int, bool, DirectiveSet*)+0x12c
V  [libjvm.dylib+0x2a9850]  CompileBroker::invoke_compiler_on_method(CompileTask*)+0x548
V  [libjvm.dylib+0x2a915c]  CompileBroker::compiler_thread_loop()+0x3f0
V  [libjvm.dylib+0x9bdf14]  JavaThread::thread_main_inner()+0x15c
V  [libjvm.dylib+0x9bc574]  Thread::call_run()+0xcc
V  [libjvm.dylib+0x7d9064]  thread_native_entry(Thread*)+0x158
C  [libsystem_pthread.dylib+0x6c0c]  _pthread_start+0x88


siginfo: si_signo: 11 (SIGSEGV), si_code: 2 (SEGV_ACCERR), si_addr: 0x0000000000000014

Registers:
 x0=0x000000010f02d028  x1=0x000000016c8c8930  x2=0x0000000000000001  x3=0x0000000000000001
 x4=0x0000000000000054  x5=0x0000000000000101  x6=0x000000010d0b5980  x7=0x0000000000000000
 x8=0x00000008d7d3d370  x9=0x0000000000000000 x10=0x0000000000000002 x11=0x0000000320dd68f0
x12=0x00000008c4f96a78 x13=0x00000008957d2448 x14=0x000000036e794e18 x15=0xffffffffffffffff
x16=0x0000000000003615 x17=0x000000012f9302a0 x18=0x0000000000000000 x19=0x000000016c8c8930
x20=0x00000008c4f96940 x21=0x00000008f6aa1d48 x22=0x00000008c4f96a08 x23=0x00000008c4f96a78
x24=0x0000000000000054 x25=0x000000000000001c x26=0x000000010d0b5980 x27=0x000000010e4b7278
x28=0x00000008c4f96aac  fp=0x000000016c8c7d10  lr=0x000000010e17d234  sp=0x000000016c8c7cb0
pc=0x000000010e17d274 cpsr=0x0000000080000000

Register to memory mapping:

 x0=0x000000010f02d028 points into unknown readable memory: 0x000000010e4531e8 | e8 31 45 0e 01 00 00 00
 x1=0x000000016c8c8930 is pointing into the stack for thread: 0x0000000130078800
 x2=0x0000000000000001 is an unknown value
 x3=0x0000000000000001 is an unknown value
 x4=0x0000000000000054 is an unknown value
 x5=0x0000000000000101 is an unknown value
 x6=0x000000010d0b5980 points into unknown readable memory: 0x000000010e4531e8 | e8 31 45 0e 01 00 00 00
 x7=0x0 is NULL
 x8=0x00000008d7d3d370 points into unknown readable memory: 0x000000010e422258 | 58 22 42 0e 01 00 00 00
 x9=0x0 is NULL
x10=0x0000000000000002 is an unknown value
x11=0x0000000320dd68f0 points into unknown readable memory: 0x00000008f689c210 | 10 c2 89 f6 08 00 00 00
x12=0x00000008c4f96a78 points into unknown readable memory: 0x000000010e4521d8 | d8 21 45 0e 01 00 00 00
x13=0x00000008957d2448 points into unknown readable memory: 0x00000008957d23f8 | f8 23 7d 95 08 00 00 00
x14=0x000000036e794e18 points into unknown readable memory: 0x000000010e448fd8 | d8 8f 44 0e 01 00 00 00
x15=0xffffffffffffffff: const_jargs+0xfb093fa7 in /Documents/curseforge/minecraft/Install/runtime/java-runtime-gamma/mac-os-arm64/java-runtime-gamma/jre.bundle/Contents/Home/bin/java at 0x0000000104f64000
x16=0x0000000000003615 is an unknown value
x17=0x000000012f9302a0 points into unknown readable memory: 0xfffffffffffffffe | fe ff ff ff ff ff ff ff
x18=0x0 is NULL
x19=0x000000016c8c8930 is pointing into the stack for thread: 0x0000000130078800
x20=0x00000008c4f96940 points into unknown readable memory: 0x000000010e422e98 | 98 2e 42 0e 01 00 00 00
x21=0x00000008f6aa1d48 points into unknown readable memory: 0x000000010e41a660 | 60 a6 41 0e 01 00 00 00
x22=0x00000008c4f96a08 points into unknown readable memory: 0x000000010e420620 | 20 06 42 0e 01 00 00 00
x23=0x00000008c4f96a78 points into unknown readable memory: 0x000000010e4521d8 | d8 21 45 0e 01 00 00 00
x24=0x0000000000000054 is an unknown value
x25=0x000000000000001c is an unknown value
x26=0x000000010d0b5980 points into unknown readable memory: 0x000000010e4531e8 | e8 31 45 0e 01 00 00 00
x27=0x000000010e4b7278: _ZN7TypeInt4ZEROE+0 in /Documents/curseforge/minecraft/Install/runtime/java-runtime-gamma/mac-os-arm64/java-runtime-gamma/jre.bundle/Contents/Home/lib/server/libjvm.dylib at 0x000000010d820000
x28=0x00000008c4f96aac points into unknown readable memory: 03 00 00 00


Top of Stack: (sp=0x000000016c8c7cb0)
0x000000016c8c7cb0:   000000016c8c7d10 000000010e032740
0x000000016c8c7cc0:   000000016c8c8930 0000000185ab70f8
0x000000016c8c7cd0:   00000008f2108048 0000000000000001
0x000000016c8c7ce0:   000000010e460a20 0000000000002918
0x000000016c8c7cf0:   000000010e4865d0 0000000000000000
0x000000016c8c7d00:   000000016c8c8930 00000008c4f96a78
0x000000016c8c7d10:   000000016c8c7d40 000000010e035738
0x000000016c8c7d20:   000000016c8ca078 00000008c4f96a78
0x000000016c8c7d30:   000000016c8c9308 000000016c8c8930
0x000000016c8c7d40:   000000016c8c7d90 000000010e0352b0
0x000000016c8c7d50:   000000010e49ebc8 000000010e2fe7ed
0x000000016c8c7d60:   000000010e493323 000000016c8ca078
0x000000016c8c7d70:   0000000000020338 0000000370bf2200
0x000000016c8c7d80:   000000012f84c850 000000010e483db8
0x000000016c8c7d90:   000000016c8c9400 000000010dab8ce0
0x000000016c8c7da0:   000000016c8c8268 0000000130078800
0x000000016c8c7db0:   000000016c8c7f38 0000000130078800
0x000000016c8c7dc0:   000000016c8c8268 0000000370bf7590
0x000000016c8c7dd0:   000000016c8c7f20 000000010debdbc0
0x000000016c8c7de0:   98f66d8ab29900ac 000000010ee08620
0x000000016c8c7df0:   0000000370bf9a20 0000000370bfa1e8
0x000000016c8c7e00:   0000000880d80180 00000000000000b8
0x000000016c8c7e10:   0000000880d801b0 000000012f84cda0
0x000000016c8c7e20:   00000008932eb158 000000080a08bab0
0x000000016c8c7e30:   000000016c8c8188 0000000130078800
0x000000016c8c7e40:   000000016c8c7f90 000000010debd4c4
0x000000016c8c7e50:   000000016c8c8238 00000008932eb158
0x000000016c8c7e60:   0000000130078800 000000010debdbc0
0x000000016c8c7e70:   000000016c8c7ec0 000000010e2000f4
0x000000016c8c7e80:   000000016c8c7eb0 000000010e1fe014
0x000000016c8c7e90:   000000008000c070 00000008f83aa2a0
0x000000016c8c7ea0:   0000000376d98900 0000000376d98900 

Instructions: (pc=0x000000010e17d274)
0x000000010e17d174:   5f 01 08 eb 00 01 49 fa 40 01 67 9e 00 58 20 0e
0x000000010e17d184:   00 38 30 2e 08 00 26 1e 48 09 41 fa 02 a9 41 fa
0x000000010e17d194:   c9 84 00 54 88 02 40 f9 08 01 40 f9 e0 03 14 aa
0x000000010e17d1a4:   00 01 3f d6 a9 2a 40 b9 68 2a 40 f9 1a 79 69 f8
0x000000010e17d1b4:   49 13 40 b9 5f 03 00 f1 20 19 43 7a 81 e4 ff 54
0x000000010e17d1c4:   f9 03 00 aa db 19 00 d0 7b e3 09 91 69 03 40 f9
0x000000010e17d1d4:   1f 24 05 71 20 01 5a fa a0 06 00 54 3f 73 00 71
0x000000010e17d1e4:   e8 17 9f 1a 1f 53 01 71 01 09 00 54 3f 73 00 71
0x000000010e17d1f4:   c1 08 00 54 89 03 40 b9 e8 03 15 aa 3f 15 00 71
0x000000010e17d204:   40 04 00 54 3f 0d 00 71 e1 03 00 54 a8 02 40 f9
0x000000010e17d214:   08 01 40 f9 e0 03 15 aa 00 01 3f d6 1f 5c 00 71
0x000000010e17d224:   21 03 00 54 a8 06 40 f9 00 09 40 f9 ba 6f f9 97
0x000000010e17d234:   a0 02 00 b4 08 00 80 d2 09 14 40 b9 3f 05 00 71
0x000000010e17d244:   41 02 00 54 09 18 40 b9 3f 05 00 71 e1 01 00 54
0x000000010e17d254:   a8 06 40 f9 08 05 40 f9 09 29 40 b9 6a 2a 40 f9
0x000000010e17d264:   49 79 69 f8 2a 11 40 b9 5f 0d 00 71 29 01 9f 9a
0x000000010e17d274:   2a 15 40 b9 aa 00 f8 36 29 19 40 b9 3f 09 00 31
0x000000010e17d284:   4d 00 00 54 08 00 80 d2 89 06 40 f9 2a 09 40 f9
0x000000010e17d294:   5f 01 08 eb 80 25 00 54 29 05 40 f9 3f 01 08 eb
0x000000010e17d2a4:   20 25 00 54 28 00 80 52 1a 00 00 14 89 06 40 f9
0x000000010e17d2b4:   2a 05 40 f9 5f 01 14 eb 00 02 00 54 4a 29 40 b9
0x000000010e17d2c4:   0a 79 6a f8 cb 19 00 d0 1f 20 03 d5 6b f5 40 f9
0x000000010e17d2d4:   5f 01 0b eb 21 01 00 54 29 09 40 f9 29 29 40 b9
0x000000010e17d2e4:   08 79 69 f8 c9 19 00 d0 1f 20 03 d5 29 41 41 f9
0x000000010e17d2f4:   1f 01 09 eb c0 47 00 54 1f 53 01 71 60 08 00 54
0x000000010e17d304:   29 00 80 52 89 00 00 14 1f 53 01 71 21 06 00 54
0x000000010e17d314:   89 03 40 b9 1f 01 00 71 20 19 43 7a 21 05 00 54
0x000000010e17d324:   88 06 40 f9 1b 05 40 f9 68 03 40 f9 08 01 40 f9
0x000000010e17d334:   e0 03 1b aa 00 01 3f d6 1f 5c 00 71 a1 01 00 54
0x000000010e17d344:   68 07 40 f9 00 09 40 f9 73 6f f9 97 20 01 00 b4
0x000000010e17d354:   08 a4 42 29 28 01 08 0a 1f 05 00 31 a1 00 00 54
0x000000010e17d364:   68 07 40 f9 08 05 40 f9 1f 01 15 eb e0 51 00 54 


Stack slot to memory mapping:
stack at sp + 0 slots: 0x000000016c8c7d10 is pointing into the stack for thread: 0x0000000130078800
stack at sp + 1 slots: 0x000000010e032740: _ZN8NodeHash16hash_find_insertEP4Node+0x70 in /Documents/curseforge/minecraft/Install/runtime/java-runtime-gamma/mac-os-arm64/java-runtime-gamma/jre.bundle/Contents/Home/lib/server/libjvm.dylib at 0x000000010d820000
stack at sp + 2 slots: 0x000000016c8c8930 is pointing into the stack for thread: 0x0000000130078800
stack at sp + 3 slots: 0x0000000185ab70f8: _tlv_get_addr+0 in /usr/lib/system/libdyld.dylib at 0x0000000185ab4000
stack at sp + 4 slots: 0x00000008f2108048 points into unknown readable memory: 0x000000010e41cd28 | 28 cd 41 0e 01 00 00 00
stack at sp + 5 slots: 0x0000000000000001 is an unknown value
stack at sp + 6 slots: 0x000000010e460a20: NodeLimitFudgeFactor+0 in /Documents/curseforge/minecraft/Install/runtime/java-runtime-gamma/mac-os-arm64/java-runtime-gamma/jre.bundle/Contents/Home/lib/server/libjvm.dylib at 0x000000010d820000
stack at sp + 7 slots: 0x0000000000002918 is an unknown value


---------------  P R O C E S S  ---------------

Threads class SMR info:
_java_thread_list=0x00000001057aae90, length=252, elements={
0x0000000130014c00, 0x0000000130076000, 0x0000000130078200, 0x0000000130076c00,
0x0000000130077200, 0x0000000130077800, 0x0000000130078800, 0x0000000130078e00,
0x0000000130079400, 0x0000000130070a00, 0x000000010f01ac00, 0x0000000164a42e00,
0x000000010f6c3c00, 0x0000000130886e00, 0x000000012f0a7600, 0x000000012f016000,
0x000000012f561200, 0x000000010c80c000, 0x000000037200e800, 0x000000010f069a00,
0x000000037096f000, 0x0000000130833800, 0x000000013011f000, 0x000000010ccb4a00,
0x000000010cd1fc00, 0x000000012f164400, 0x0000000166057600, 0x0000000166083e00,
0x000000036f960a00, 0x0000000165f6f400, 0x000000037097c400, 0x000000011f7ffa00,
0x0000000164a9b200, 0x000000036f9c9a00, 0x00000003a71edc00, 0x0000000130fffa00,
0x000000012e7e7800, 0x000000013007d200, 0x0000000130886400, 0x000000010ccc4000,
0x000000010cca2600, 0x000000010cca2c00, 0x000000036fb47400, 0x00000003705a3c00,
0x000000010f6d7a00, 0x000000011f7ff400, 0x0000000375cb0600, 0x00000001656b4200,
0x000000010f72a600, 0x000000036f926000, 0x000000037033ee00, 0x00000003a787e800,
0x0000000375ef1a00, 0x000000010f265800, 0x000000037701a800, 0x000000011f0bfe00,
0x0000000164862800, 0x0000000164f65200, 0x000000010f818600, 0x00000003707ca400,
0x000000010ff7a800, 0x0000000372053600, 0x000000036c824800, 0x000000037033e800,
0x0000000375bc0800, 0x0000000370537800, 0x0000000370ea8800, 0x000000036fec1c00,
0x0000000376c3ba00, 0x000000010f556c00, 0x000000012e392400, 0x000000036df59c00,
0x000000084d852a00, 0x000000037106b200, 0x00000001650be400, 0x000000084dafbe00,
0x000000036c87ce00, 0x000000012e39e400, 0x000000036c816400, 0x000000010d25e400,
0x0000000376c1fe00, 0x000000036f98f800, 0x0000000376cef200, 0x000000036f98f000,
0x00000003a70ce000, 0x000000010ccf4600, 0x0000000375fc1800, 0x00000001306ba200,
0x000000010fbd2600, 0x00000003a72afc00, 0x0000000375cc0a00, 0x0000000370646c00,
0x000000036f95aa00, 0x0000000370eea400, 0x0000000375bdb000, 0x000000036e514600,
0x000000016401be00, 0x00000008e1d22200, 0x0000000376cf4000, 0x000000010cc3ba00,
0x00000008c8383c00, 0x000000084daf2a00, 0x0000000130859000, 0x000000012f5baa00,
0x000000037708ec00, 0x000000012f0f3000, 0x000000037180a600, 0x00000008c680fc00,
0x00000008e1ce6a00, 0x00000008c96a8200, 0x000000036e5cfc00, 0x000000010f8b0800,
0x00000003777bc800, 0x000000010f93e000, 0x000000012e6a4800, 0x00000008c7666800,
0x00000008c8c56e00, 0x00000003a7b27200, 0x0000000376de5400, 0x00000008e3db9c00,
0x000000036f9e9c00, 0x000000011fff4600, 0x0000000895661e00, 0x000000036dfdfa00,
0x00000008c4b4ec00, 0x000000011fcd7000, 0x00000008828a1000, 0x000000036e5e6000,
0x000000012e048600, 0x0000000375cf9600, 0x000000010f5ad600, 0x000000010fff7a00,
0x0000000882caf400, 0x000000011f68a600, 0x0000000165848e00, 0x000000036deb5800,
0x0000000882ffca00, 0x0000000376cf4600, 0x0000000376cf3a00, 0x00000003768cee00,
0x000000084d8c7800, 0x0000000130b63000, 0x0000000165687c00, 0x000000010f563c00,
0x00000003a7044400, 0x00000003a7043000, 0x000000010fe4d800, 0x000000010fd37400,
0x000000037200a000, 0x00000008e1d18e00, 0x000000010f124600, 0x000000037700f200,
0x000000036f91e400, 0x0000000165039200, 0x0000000375ed1200, 0x000000012f103000,
0x000000036e5eb600, 0x000000036e573c00, 0x00000008c49f7400, 0x000000016412c800,
0x0000000371822600, 0x000000010d103c00, 0x000000010f7bbc00, 0x000000010f078600,
0x000000012e624800, 0x00000001640a7800, 0x00000001650b6600, 0x0000000165875600,
0x00000003701ea400, 0x00000008c4832400, 0x00000003772df800, 0x000000084dff7200,
0x000000037203b000, 0x000000084dbbe000, 0x00000008c88a8c00, 0x0000000371009800,
0x00000008c8d33600, 0x00000001650c6200, 0x0000000130198800, 0x00000008c8c26000,
0x000000037059b400, 0x0000000882f0ee00, 0x00000003706bbc00, 0x000000010cc9d800,
0x00000001649c9400, 0x000000036e758a00, 0x0000000375dcf800, 0x00000003701eb000,
0x00000003a70dde00, 0x00000008e1b86e00, 0x00000008e1c33e00, 0x00000003a71e0000,
0x00000008c95c5e00, 0x000000036fab7a00, 0x000000010cd6b200, 0x0000000370646400,
0x000000012e5b0e00, 0x000000011f459a00, 0x000000011f24a600, 0x00000008c9628600,
0x000000036e4a0a00, 0x0000000370ccba00, 0x0000000370c9ca00, 0x000000012e599400,
0x0000000375b72a00, 0x000000036c81c800, 0x000000011f24ac00, 0x0000000895656c00,
0x00000003703c9c00, 0x000000010f809200, 0x000000037203be00, 0x000000036e603a00,
0x000000036c808c00, 0x000000010f99a600, 0x00000008c4f8c400, 0x00000003701dce00,
0x000000037103ea00, 0x00000001300d1c00, 0x0000000371819800, 0x0000000882caee00,
0x000000084d9c7200, 0x00000003a70e0400, 0x00000008c8e06200, 0x00000001300d2200,
0x00000008c8c9a400, 0x00000008c8fe9c00, 0x00000008c928a400, 0x000000084dd7fc00,
0x0000000882a10a00, 0x0000000375d1c400, 0x000000037203b600, 0x000000010f7c3000,
0x0000000375e1ce00, 0x000000010ffa3600, 0x00000003a7f9e400, 0x000000010d127800,
0x0000000164020400, 0x0000000165269e00, 0x000000011f360800, 0x0000000375bd1400,
0x00000008e180e000, 0x0000000375b4ce00, 0x000000011f360e00, 0x000000016503a400,
0x00000001656a4e00, 0x000000036fb4bc00, 0x000000037733bc00, 0x0000000371810600,
0x00000003772ec600, 0x000000012e1e3c00, 0x0000000130171600, 0x000000011f68e600
}

Java Threads: ( => current thread )
  0x0000000130014c00 JavaThread "Render thread" [_thread_in_native, id=259, stack(0x000000016a6a0000,0x000000016ae9c000)]
  0x0000000130076000 JavaThread "Reference Handler" daemon [_thread_blocked, id=31235, stack(0x000000016bb74000,0x000000016bd77000)]
  0x0000000130078200 JavaThread "Finalizer" daemon [_thread_blocked, id=30979, stack(0x000000016bd80000,0x000000016bf83000)]
  0x0000000130076c00 JavaThread "Signal Dispatcher" daemon [_thread_blocked, id=28675, stack(0x000000016c0a4000,0x000000016c2a7000)]
  0x0000000130077200 JavaThread "Service Thread" daemon [_thread_blocked, id=24067, stack(0x000000016c2b0000,0x000000016c4b3000)]
  0x0000000130077800 JavaThread "Monitor Deflation Thread" daemon [_thread_blocked, id=24579, stack(0x000000016c4bc000,0x000000016c6bf000)]
=>0x0000000130078800 JavaThread "C2 CompilerThread0" daemon [_thread_in_native, id=28163, stack(0x000000016c6c8000,0x000000016c8cb000)]
  0x0000000130078e00 JavaThread "C1 CompilerThread0" daemon [_thread_blocked, id=27651, stack(0x000000016c8d4000,0x000000016cad7000)]
  0x0000000130079400 JavaThread "Sweeper thread" daemon [_thread_blocked, id=27395, stack(0x000000016cae0000,0x000000016cce3000)]
  0x0000000130070a00 JavaThread "Common-Cleaner" daemon [_thread_blocked, id=25347, stack(0x000000016ccec000,0x000000016ceef000)]
  0x000000010f01ac00 JavaThread "Notification Thread" daemon [_thread_blocked, id=25859, stack(0x000000016d104000,0x000000016d307000)]
  0x0000000164a42e00 JavaThread "Thread-1" daemon [_thread_blocked, id=26891, stack(0x0000000376210000,0x0000000376413000)]
  0x000000010f6c3c00 JavaThread "FileSystemWatcher" daemon [_thread_blocked, id=49695, stack(0x0000000377904000,0x0000000377b07000)]
  0x0000000130886e00 JavaThread "JNA Cleaner" daemon [_thread_blocked, id=60695, stack(0x0000000376004000,0x0000000376207000)]
  0x000000012f0a7600 JavaThread "Timer hack thread" daemon [_thread_blocked, id=97299, stack(0x0000000390310000,0x0000000390513000)]
  0x000000012f016000 JavaThread "Yggdrasil Key Fetcher" daemon [_thread_blocked, id=96531, stack(0x0000000396c0c000,0x0000000396e0f000)]
  0x000000012f561200 JavaThread "Cleaner-0" daemon [_thread_blocked, id=69151, stack(0x0000000397304000,0x0000000397507000)]
  0x000000010c80c000 JavaThread "FileSystemWatcher" daemon [_thread_blocked, id=115715, stack(0x000000039c404000,0x000000039c607000)]
  0x000000037200e800 JavaThread "Thread-5" daemon [_thread_blocked, id=100099, stack(0x00000003a1304000,0x00000003a1507000)]
  0x000000010f069a00 JavaThread "FileSystemWatcher" daemon [_thread_blocked, id=114947, stack(0x00000003a1510000,0x00000003a1713000)]
  0x000000037096f000 JavaThread "FileSystemWatcher" daemon [_thread_blocked, id=100867, stack(0x00000003a1928000,0x00000003a1b2b000)]
  0x0000000130833800 JavaThread "Config Lib config file watcher" daemon [_thread_blocked, id=101379, stack(0x00000003a1b34000,0x00000003a1d37000)]
  0x000000013011f000 JavaThread "FileSystemWatcher" daemon [_thread_blocked, id=114435, stack(0x00000003a2104000,0x00000003a2307000)]
  0x000000010ccb4a00 JavaThread "UnionLib Toml Reader 0" daemon [_thread_blocked, id=102147, stack(0x00000003a2310000,0x00000003a2513000)]
  0x000000010cd1fc00 JavaThread "DFU cleaning thread" daemon [_thread_blocked, id=102663, stack(0x00000003a2950000,0x00000003a2b53000)]
  0x000000012f164400 JavaThread "JEI Config File Watcher" daemon [_thread_blocked, id=113931, stack(0x00000003a8604000,0x00000003a8807000)]
  0x0000000166057600 JavaThread "FileSystemWatcher" daemon [_thread_blocked, id=113411, stack(0x00000003a8810000,0x00000003a8a13000)]
  0x0000000166083e00 JavaThread "FileSystemWatcher" daemon [_thread_blocked, id=112643, stack(0x00000003a9c04000,0x00000003a9e07000)]
  0x000000036f960a00 JavaThread "Config Lib config file watcher" daemon [_thread_blocked, id=112387, stack(0x00000003a9e10000,0x00000003aa013000)]
  0x0000000165f6f400 JavaThread "KubeJS Background Thread" daemon [_thread_blocked, id=112131, stack(0x00000003aa204000,0x00000003aa407000)]
  0x000000037097c400 JavaThread "Timer-1" [_thread_blocked, id=112903, stack(0x00000003a9704000,0x00000003a9907000)]
  0x000000011f7ffa00 JavaThread "pool-10-thread-1" [_thread_blocked, id=103183, stack(0x00000003aa904000,0x00000003aab07000)]
  0x0000000164a9b200 JavaThread "Ingredient reference clearing thread" daemon [_thread_blocked, id=104707, stack(0x00000003af004000,0x00000003af207000)]
  0x000000036f9c9a00 JavaThread "pool-12-thread-1" [_thread_blocked, id=104971, stack(0x00000003af804000,0x00000003afa07000)]
  0x00000003a71edc00 JavaThread "Worker-Main-1" daemon [_thread_blocked, id=111619, stack(0x00000003afd04000,0x00000003aff07000)]
  0x0000000130fffa00 JavaThread "Worker-Main-3" daemon [_thread_blocked, id=111107, stack(0x00000003b011c000,0x00000003b031f000)]
  0x000000012e7e7800 JavaThread "Worker-Main-4" daemon [_thread_blocked, id=106243, stack(0x00000003b0328000,0x00000003b052b000)]
  0x000000013007d200 JavaThread "Worker-Main-11" daemon [_thread_blocked, id=108803, stack(0x00000003b117c000,0x00000003b137f000)]
  0x0000000130886400 JavaThread "Worker-Main-12" daemon [_thread_blocked, id=108035, stack(0x00000003b1388000,0x00000003b158b000)]
  0x000000010ccc4000 JavaThread "FileSystemWatcher" daemon [_thread_blocked, id=152579, stack(0x00000003b6594000,0x00000003b6797000)]
  0x000000010cca2600 JavaThread "FileSystemWatcher" daemon [_thread_blocked, id=152067, stack(0x00000003c84a0000,0x00000003c86a3000)]
  0x000000010cca2c00 JavaThread "FileSystemWatcher" daemon [_thread_blocked, id=261891, stack(0x00000003c86ac000,0x00000003c88af000)]
  0x000000036fb47400 JavaThread "FileSystemWatcher" daemon [_thread_blocked, id=261379, stack(0x00000003c88b8000,0x00000003c8abb000)]
  0x00000003705a3c00 JavaThread "FileSystemWatcher" daemon [_thread_blocked, id=260867, stack(0x00000003c8ac4000,0x00000003c8cc7000)]
  0x000000010f6d7a00 JavaThread "FileSystemWatcher" daemon [_thread_blocked, id=260355, stack(0x00000003c8cd0000,0x00000003c8ed3000)]
  0x000000011f7ff400 JavaThread "FileSystemWatcher" daemon [_thread_blocked, id=259843, stack(0x00000003c8edc000,0x00000003c90df000)]
  0x0000000375cb0600 JavaThread "FileSystemWatcher" daemon [_thread_blocked, id=259587, stack(0x00000003c90e8000,0x00000003c92eb000)]
  0x00000001656b4200 JavaThread "FileSystemWatcher" daemon [_thread_blocked, id=259075, stack(0x00000003c92f4000,0x00000003c94f7000)]
  0x000000010f72a600 JavaThread "FileSystemWatcher" daemon [_thread_blocked, id=175107, stack(0x00000003ca008000,0x00000003ca20b000)]
  0x000000036f926000 JavaThread "FileSystemWatcher" daemon [_thread_blocked, id=175363, stack(0x00000003ca214000,0x00000003ca417000)]
  0x000000037033ee00 JavaThread "FileSystemWatcher" daemon [_thread_blocked, id=175875, stack(0x00000003ca420000,0x00000003ca623000)]
  0x00000003a787e800 JavaThread "FileSystemWatcher" daemon [_thread_blocked, id=258307, stack(0x00000003ca62c000,0x00000003ca82f000)]
  0x0000000375ef1a00 JavaThread "FileSystemWatcher" daemon [_thread_blocked, id=176387, stack(0x00000003ca838000,0x00000003caa3b000)]
  0x000000010f265800 JavaThread "FileSystemWatcher" daemon [_thread_blocked, id=257795, stack(0x00000003caa44000,0x00000003cac47000)]
  0x000000037701a800 JavaThread "Java2D Disposer" daemon [_thread_blocked, id=257283, stack(0x00000003d1230000,0x00000003d1433000)]
  0x000000011f0bfe00 JavaThread "FileSystemWatcher" daemon [_thread_blocked, id=256771, stack(0x00000003d1630000,0x00000003d1833000)]
  0x0000000164862800 JavaThread "Auto-Sync thread" daemon [_thread_blocked, id=256515, stack(0x00000003d183c000,0x00000003d1a3f000)]
  0x0000000164f65200 JavaThread "ConfigSaver" daemon [_thread_blocked, id=255747, stack(0x00000003d1c54000,0x00000003d1e57000)]
  0x000000010f818600 JavaThread "IO-Worker-13" [_thread_blocked, id=158471, stack(0x000000040b314000,0x000000040b517000)]
  0x00000003707ca400 JavaThread "JAOPCA Executor Thread" daemon [_thread_blocked, id=78599, stack(0x000000040e538000,0x000000040e73b000)]
  0x000000010ff7a800 JavaThread "pool-16-thread-1" [_thread_blocked, id=44807, stack(0x000000040e904000,0x000000040eb07000)]
  0x0000000372053600 JavaThread "spark-monitoring-thread" daemon [_thread_blocked, id=67599, stack(0x000000040ef04000,0x000000040f107000)]
  0x000000036c824800 JavaThread "spark-worker-pool-1-thread-1" daemon [_thread_blocked, id=253703, stack(0x000000040f110000,0x000000040f313000)]
  0x000000037033e800 JavaThread "Thread-20" daemon [_thread_blocked, id=96315, stack(0x0000000362c40000,0x0000000362e43000)]
  0x0000000375bc0800 JavaThread "Cleaner-1" daemon [_thread_blocked, id=182303, stack(0x00000004fde54000,0x00000004fe057000)]
  0x0000000370537800 JavaThread "CullThread" daemon [_thread_blocked, id=183051, stack(0x00000004fe810000,0x00000004fea13000)]
  0x0000000370ea8800 JavaThread "Worker-Main-14" daemon [_thread_blocked, id=118559, stack(0x00000004fea1c000,0x00000004fec1f000)]
  0x000000036fec1c00 JavaThread "pool-11-thread-1" [_thread_blocked, id=185095, stack(0x0000000364040000,0x0000000364243000)]
  0x0000000376c3ba00 JavaThread "FileSystemWatcher" daemon [_thread_blocked, id=120083, stack(0x0000000375504000,0x0000000375707000)]
  0x000000010f556c00 JavaThread "Worker-Main-15" daemon [_thread_blocked, id=240135, stack(0x0000000882064000,0x0000000882267000)]
  0x000000012e392400 JavaThread "c2me-sched" daemon [_thread_blocked, id=218631, stack(0x000000088e190000,0x000000088e393000)]
  0x000000036df59c00 JavaThread "CompletableFutureDelayScheduler" daemon [_thread_blocked, id=218375, stack(0x000000088e39c000,0x000000088e59f000)]
  0x000000084d852a00 JavaThread "C2ME worker #1" daemon [_thread_blocked, id=217859, stack(0x000000088e5a8000,0x000000088e7ab000)]
  0x000000037106b200 JavaThread "C2ME worker #2" daemon [_thread_blocked, id=208131, stack(0x000000088e7b4000,0x000000088e9b7000)]
  0x00000001650be400 JavaThread "C2ME worker #4" daemon [_thread_blocked, id=217091, stack(0x000000088e9c0000,0x000000088ebc3000)]
  0x000000084dafbe00 JavaThread "C2ME worker #5" daemon [_thread_blocked, id=216579, stack(0x000000088ebcc000,0x000000088edcf000)]
  0x000000036c87ce00 JavaThread "C2ME worker #6" daemon [_thread_blocked, id=216323, stack(0x000000088edd8000,0x000000088efdb000)]
  0x000000012e39e400 JavaThread "C2ME worker #3" daemon [_thread_blocked, id=215811, stack(0x000000088efe4000,0x000000088f1e7000)]
  0x000000036c816400 JavaThread "C2ME worker #7" daemon [_thread_blocked, id=215299, stack(0x000000088f1f0000,0x000000088f3f3000)]
  0x000000010d25e400 JavaThread "pool-45-thread-1" [_thread_blocked, id=214415, stack(0x000000088fa04000,0x000000088fc07000)]
  0x0000000376c1fe00 JavaThread "pool-45-thread-2" [_thread_blocked, id=209567, stack(0x000000088fe38000,0x000000089003b000)]
  0x000000036f98f800 JavaThread "pool-45-thread-3" [_thread_blocked, id=209171, stack(0x0000000890044000,0x0000000890247000)]
  0x0000000376cef200 JavaThread "pool-45-thread-4" [_thread_blocked, id=213571, stack(0x000000089045c000,0x000000089065f000)]
  0x000000036f98f000 JavaThread "Netty Server IO #0" daemon [_thread_in_native, id=214067, stack(0x0000000890668000,0x000000089086b000)]
  0x00000003a70ce000 JavaThread "Netty Local Client IO #0" daemon [_thread_blocked, id=210435, stack(0x0000000890874000,0x0000000890a77000)]
  0x000000010ccf4600 JavaThread "Netty Server IO #1" daemon [_thread_in_native, id=212487, stack(0x0000000890a80000,0x0000000890c83000)]
  0x0000000375fc1800 JavaThread "Citadel Pathfinding Worker #0" daemon [_thread_blocked, id=212039, stack(0x0000000890c8c000,0x0000000890e8f000)]
  0x00000001306ba200 JavaThread "Flywheel Task Executor #0" [_thread_blocked, id=264211, stack(0x00000008bce1c000,0x00000008bd01f000)]
  0x000000010fbd2600 JavaThread "Flywheel Task Executor #1" [_thread_blocked, id=264707, stack(0x00000008bd028000,0x00000008bd22b000)]
  0x00000003a72afc00 JavaThread "Flywheel Task Executor #2" [_thread_blocked, id=346627, stack(0x00000008bd234000,0x00000008bd437000)]
  0x0000000375cc0a00 JavaThread "Flywheel Task Executor #3" [_thread_blocked, id=346371, stack(0x00000008bd440000,0x00000008bd643000)]
  0x0000000370646c00 JavaThread "Flywheel Task Executor #4" [_thread_blocked, id=346115, stack(0x00000008bd64c000,0x00000008bd84f000)]
  0x000000036f95aa00 JavaThread "Flywheel Task Executor #5" [_thread_blocked, id=265731, stack(0x00000008bd858000,0x00000008bda5b000)]
  0x0000000370eea400 JavaThread "Flywheel Task Executor #6" [_thread_blocked, id=345859, stack(0x00000008bda64000,0x00000008bdc67000)]
  0x0000000375bdb000 JavaThread "Flywheel Task Executor #7" [_thread_blocked, id=345347, stack(0x00000008bdc70000,0x00000008bde73000)]
  0x000000036e514600 JavaThread "FileSystemWatcher" daemon [_thread_blocked, id=268115, stack(0x000000041681c000,0x0000000416a1f000)]
  0x000000016401be00 JavaThread "Config Lib config file watcher" daemon [_thread_blocked, id=268291, stack(0x0000000880640000,0x0000000880843000)]
  0x00000008e1d22200 JavaThread "Worker-Main-16" daemon [_thread_blocked, id=99371, stack(0x000000039a44c000,0x000000039a64f000)]
  0x0000000376cf4000 JavaThread "Worker-Main-18" daemon [_thread_blocked, id=153383, stack(0x000000039aa70000,0x000000039ac73000)]
  0x000000010cc3ba00 JavaThread "Worker-Main-17" daemon [_thread_blocked, id=50279, stack(0x000000039b2a0000,0x000000039b4a3000)]
  0x00000008c8383c00 JavaThread "Worker-Main-19" daemon [_thread_blocked, id=106795, stack(0x000000039b6b8000,0x000000039b8bb000)]
  0x000000084daf2a00 JavaThread "FastSuite Recipe Lookup Thread: 3" daemon [_thread_blocked, id=116751, stack(0x00000008d7694000,0x00000008d7897000)]
  0x0000000130859000 JavaThread "FastSuite Recipe Lookup Thread: 19" daemon [_thread_blocked, id=97999, stack(0x0000000881004000,0x0000000881207000)]
  0x000000012f5baa00 JavaThread "FastSuite Recipe Lookup Thread: 20" daemon [_thread_blocked, id=97175, stack(0x00000008d0008000,0x00000008d020b000)]
  0x000000037708ec00 JavaThread "FastSuite Recipe Lookup Thread: 32" daemon [_thread_blocked, id=43423, stack(0x000000090ca58000,0x000000090cc5b000)]
  0x000000012f0f3000 JavaThread "FastSuite Recipe Lookup Thread: 35" daemon [_thread_blocked, id=110543, stack(0x00000008e89ac000,0x00000008e8baf000)]
  0x000000037180a600 JavaThread "FastSuite Recipe Lookup Thread: 38" daemon [_thread_blocked, id=92803, stack(0x0000000886b04000,0x0000000886d07000)]
  0x00000008c680fc00 JavaThread "FastSuite Recipe Lookup Thread: 39" daemon [_thread_blocked, id=150815, stack(0x000000036b314000,0x000000036b517000)]
  0x00000008e1ce6a00 JavaThread "FastSuite Recipe Lookup Thread: 40" daemon [_thread_blocked, id=61003, stack(0x000000036b9bc000,0x000000036bbbf000)]
  0x00000008c96a8200 JavaThread "ForkJoinPool.commonPool-worker-61" daemon [_thread_blocked, id=145467, stack(0x00000003d206c000,0x00000003d226f000)]
  0x000000036e5cfc00 JavaThread "ForkJoinPool.commonPool-worker-62" daemon [_thread_blocked, id=148527, stack(0x000000041a294000,0x000000041a497000)]
  0x000000010f8b0800 JavaThread "ForkJoinPool.commonPool-worker-63" daemon [_thread_blocked, id=72775, stack(0x00000004fe604000,0x00000004fe807000)]
  0x00000003777bc800 JavaThread "ForkJoinPool.commonPool-worker-64" daemon [_thread_blocked, id=156427, stack(0x0000000881404000,0x0000000881607000)]
  0x000000010f93e000 JavaThread "ForkJoinPool.commonPool-worker-67" daemon [_thread_blocked, id=156171, stack(0x0000000890250000,0x0000000890453000)]
  0x000000012e6a4800 JavaThread "ForkJoinPool.commonPool-worker-65" daemon [_thread_blocked, id=125187, stack(0x00000008e0668000,0x00000008e086b000)]
  0x00000008c7666800 JavaThread "ForkJoinPool.commonPool-worker-70" daemon [_thread_blocked, id=102579, stack(0x00000008e5364000,0x00000008e5567000)]
  0x00000008c8c56e00 JavaThread "ForkJoinPool.commonPool-worker-71" daemon [_thread_blocked, id=109647, stack(0x00000008e795c000,0x00000008e7b5f000)]
  0x00000003a7b27200 JavaThread "ForkJoinPool.commonPool-worker-72" daemon [_thread_blocked, id=242787, stack(0x00000008e941c000,0x00000008e961f000)]
  0x0000000376de5400 JavaThread "ForkJoinPool.commonPool-worker-73" daemon [_thread_blocked, id=156783, stack(0x00000008ee918000,0x00000008eeb1b000)]
  0x00000008e3db9c00 JavaThread "FastSuite Recipe Lookup Thread: 41" daemon [_thread_blocked, id=253531, stack(0x000000036bcac000,0x000000036beaf000)]
  0x000000036f9e9c00 JavaThread "FastSuite Recipe Lookup Thread: 42" daemon [_thread_blocked, id=151843, stack(0x00000003aff10000,0x00000003b0113000)]
  0x000000011fff4600 JavaThread "Worker-Main-21" daemon [_thread_blocked, id=96783, stack(0x00000003b6004000,0x00000003b6207000)]
  0x0000000895661e00 JavaThread "Worker-Main-20" daemon [_thread_blocked, id=125851, stack(0x00000008d1328000,0x00000008d152b000)]
  0x000000036dfdfa00 JavaThread "Structurize IO Worker #1" daemon [_thread_blocked, id=211731, stack(0x000000035d088000,0x000000035d28b000)]
  0x00000008c4b4ec00 JavaThread "Worker-ResourceReload-14" daemon [_thread_blocked, id=127159, stack(0x000000035fffc000,0x00000003601ff000)]
  0x000000011fcd7000 JavaThread "Worker-ResourceReload-15" daemon [_thread_blocked, id=155395, stack(0x000000036a804000,0x000000036aa07000)]
  0x00000008828a1000 JavaThread "Worker-ResourceReload-16" daemon [_thread_blocked, id=186923, stack(0x000000036b038000,0x000000036b23b000)]
  0x000000036e5e6000 JavaThread "Worker-ResourceReload-17" daemon [_thread_blocked, id=262159, stack(0x000000036bf64000,0x000000036c167000)]
  0x000000012e048600 JavaThread "Worker-ResourceReload-18" daemon [_thread_blocked, id=262927, stack(0x0000000374204000,0x0000000374407000)]
  0x0000000375cf9600 JavaThread "Worker-ResourceReload-19" daemon [_thread_blocked, id=348431, stack(0x0000000374fa8000,0x00000003751ab000)]
  0x000000010f5ad600 JavaThread "Worker-ResourceReload-20" daemon [_thread_blocked, id=262671, stack(0x0000000377b10000,0x0000000377d13000)]
  0x000000010fff7a00 JavaThread "Worker-ResourceReload-21" daemon [_thread_blocked, id=263439, stack(0x000000039b004000,0x000000039b207000)]
  0x0000000882caf400 JavaThread "Worker-ResourceReload-22" daemon [_thread_blocked, id=188939, stack(0x000000039bb94000,0x000000039bd97000)]
  0x000000011f68a600 JavaThread "Worker-ResourceReload-23" daemon [_thread_blocked, id=246387, stack(0x000000039c804000,0x000000039ca07000)]
  0x0000000165848e00 JavaThread "Worker-ResourceReload-24" daemon [_thread_blocked, id=240647, stack(0x00000003c6fac000,0x00000003c71af000)]
  0x000000036deb5800 JavaThread "Worker-ResourceReload-25" daemon [_thread_blocked, id=206343, stack(0x00000003c7324000,0x00000003c7527000)]
  0x0000000882ffca00 JavaThread "Worker-ResourceReload-26" daemon [_thread_blocked, id=223495, stack(0x00000003c7990000,0x00000003c7b93000)]
  0x0000000376cf4600 JavaThread "KubeJS Recipe Event Worker 0" daemon [_thread_blocked, id=154727, stack(0x0000000416404000,0x0000000416607000)]
  0x0000000376cf3a00 JavaThread "KubeJS Recipe Event Worker 0" daemon [_thread_blocked, id=73083, stack(0x000000041a9a4000,0x000000041aba7000)]
  0x00000003768cee00 JavaThread "KubeJS Recipe Event Worker 0" daemon [_thread_blocked, id=186683, stack(0x000000041bfdc000,0x000000041c1df000)]
  0x000000084d8c7800 JavaThread "KubeJS Recipe Event Worker 0" daemon [_thread_blocked, id=203015, stack(0x000000041c1e8000,0x000000041c3eb000)]
  0x0000000130b63000 JavaThread "KubeJS Recipe Event Worker 0" daemon [_thread_blocked, id=198411, stack(0x0000000881a04000,0x0000000881c07000)]
  0x0000000165687c00 JavaThread "KubeJS Recipe Event Worker 0" daemon [_thread_blocked, id=232199, stack(0x0000000881c10000,0x0000000881e13000)]
  0x000000010f563c00 JavaThread "KubeJS Recipe Event Worker 0" daemon [_thread_blocked, id=192783, stack(0x0000000881e1c000,0x000000088201f000)]
  0x00000003a7044400 JavaThread "KubeJS Recipe Event Worker 0" daemon [_thread_blocked, id=231943, stack(0x0000000882270000,0x0000000882473000)]
  0x00000003a7043000 JavaThread "KubeJS Recipe Event Worker 0" daemon [_thread_blocked, id=198663, stack(0x000000088247c000,0x000000088267f000)]
  0x000000010fe4d800 JavaThread "KubeJS Recipe Event Worker 0" daemon [_thread_blocked, id=228615, stack(0x0000000883004000,0x0000000883207000)]
  0x000000010fd37400 JavaThread "KubeJS Recipe Event Worker 0" daemon [_thread_blocked, id=183927, stack(0x0000000883210000,0x0000000883413000)]
  0x000000037200a000 JavaThread "KubeJS Recipe Event Worker 0" daemon [_thread_blocked, id=224007, stack(0x000000088341c000,0x000000088361f000)]
  0x00000008e1d18e00 JavaThread "KubeJS Recipe Event Worker 0" daemon [_thread_blocked, id=225543, stack(0x0000000883628000,0x000000088382b000)]
  0x000000010f124600 JavaThread "Server thread" [_thread_blocked, id=222475, stack(0x0000000884a40000,0x0000000884c43000)]
  0x000000037700f200 JavaThread "FileSystemWatcher" daemon [_thread_blocked, id=348191, stack(0x0000000884c4c000,0x0000000884e4f000)]
  0x000000036f91e400 JavaThread "spark-worker-pool-3-thread-1" daemon [_thread_blocked, id=243479, stack(0x0000000884e58000,0x000000088505b000)]
  0x0000000165039200 JavaThread "Async-profiler Timer" daemon [_thread_in_native, id=229895, stack(0x0000000885064000,0x0000000885267000)]
  0x0000000375ed1200 JavaThread "spark-async-sampler-worker-thread" [_thread_blocked, id=203275, stack(0x0000000885270000,0x0000000885473000)]
  0x000000012f103000 JavaThread "Thread-1969" [_thread_blocked, id=228359, stack(0x000000088547c000,0x000000088567f000)]
  0x000000036e5eb600 JavaThread "C2ME Storage #82" daemon [_thread_blocked, id=229435, stack(0x0000000885688000,0x000000088588b000)]
  0x000000036e573c00 JavaThread "C2ME Storage #83" daemon [_thread_blocked, id=207367, stack(0x0000000885894000,0x0000000885a97000)]
  0x00000008c49f7400 JavaThread "C2ME Storage #84" daemon [_thread_blocked, id=242571, stack(0x0000000885aa0000,0x0000000885ca3000)]
  0x000000016412c800 JavaThread "C2ME Storage #85" daemon [_thread_blocked, id=220687, stack(0x0000000885cac000,0x0000000885eaf000)]
  0x0000000371822600 JavaThread "C2ME Storage #86" daemon [_thread_blocked, id=220167, stack(0x0000000885eb8000,0x00000008860bb000)]
  0x000000010d103c00 JavaThread "C2ME Storage #87" daemon [_thread_blocked, id=348699, stack(0x000000035fc1c000,0x000000035fe1f000)]
  0x000000010f7bbc00 JavaThread "C2ME Storage #88" daemon [_thread_blocked, id=239671, stack(0x00000008862d0000,0x00000008864d3000)]
  0x000000010f078600 JavaThread "C2ME Storage #89" daemon [_thread_blocked, id=223239, stack(0x00000008864dc000,0x00000008866df000)]
  0x000000012e624800 JavaThread "C2ME Storage #90" daemon [_thread_blocked, id=239111, stack(0x00000008866e8000,0x00000008868eb000)]
  0x00000001640a7800 JavaThread "C2ME Storage #91" daemon [_thread_blocked, id=233223, stack(0x0000000886d4c000,0x0000000886f4f000)]
  0x00000001650b6600 JavaThread "C2ME Storage #92" daemon [_thread_blocked, id=198151, stack(0x0000000886f58000,0x000000088715b000)]
  0x0000000165875600 JavaThread "C2ME Storage #93" daemon [_thread_blocked, id=235019, stack(0x0000000887164000,0x0000000887367000)]
  0x00000003701ea400 JavaThread "C2ME Storage #94" daemon [_thread_blocked, id=234247, stack(0x0000000887370000,0x0000000887573000)]
  0x00000008c4832400 JavaThread "C2ME Storage #95" daemon [_thread_blocked, id=196615, stack(0x000000088757c000,0x000000088777f000)]
  0x00000003772df800 JavaThread "C2ME Storage #96" daemon [_thread_blocked, id=235783, stack(0x0000000887788000,0x000000088798b000)]
  0x000000084dff7200 JavaThread "C2ME Storage #97" daemon [_thread_blocked, id=197383, stack(0x0000000887994000,0x0000000887b97000)]
  0x000000037203b000 JavaThread "C2ME Storage #98" daemon [_thread_blocked, id=233735, stack(0x0000000887ba0000,0x0000000887da3000)]
  0x000000084dbbe000 JavaThread "C2ME Storage #99" daemon [_thread_blocked, id=196103, stack(0x0000000887dac000,0x0000000887faf000)]
  0x00000008c88a8c00 JavaThread "C2ME Storage #100" daemon [_thread_blocked, id=193803, stack(0x0000000887fb8000,0x00000008881bb000)]
  0x0000000371009800 JavaThread "C2ME Storage #101" daemon [_thread_blocked, id=194567, stack(0x00000008881c4000,0x00000008883c7000)]
  0x00000008c8d33600 JavaThread "C2ME Storage #102" daemon [_thread_blocked, id=237063, stack(0x00000008883d0000,0x00000008885d3000)]
  0x00000001650c6200 JavaThread "C2ME Storage #103" daemon [_thread_blocked, id=190475, stack(0x00000008885dc000,0x00000008887df000)]
  0x0000000130198800 JavaThread "C2ME Storage #104" daemon [_thread_blocked, id=191143, stack(0x00000008887e8000,0x00000008889eb000)]
  0x00000008c8c26000 JavaThread "C2ME Storage #105" daemon [_thread_blocked, id=219915, stack(0x00000008889f4000,0x0000000888bf7000)]
  0x000000037059b400 JavaThread "C2ME Storage #106" daemon [_thread_blocked, id=219655, stack(0x0000000888c00000,0x0000000888e03000)]
  0x0000000882f0ee00 JavaThread "C2ME Storage #107" daemon [_thread_blocked, id=221959, stack(0x0000000888e0c000,0x000000088900f000)]
  0x00000003706bbc00 JavaThread "C2ME Storage #108" daemon [_thread_blocked, id=222727, stack(0x000000088b27c000,0x000000088b47f000)]
  0x000000010cc9d800 JavaThread "C2ME Storage #109" daemon [_thread_blocked, id=223759, stack(0x000000088b488000,0x000000088b68b000)]
  0x00000001649c9400 JavaThread "C2ME Storage #110" daemon [_thread_blocked, id=224775, stack(0x000000088b694000,0x000000088b897000)]
  0x000000036e758a00 JavaThread "C2ME Storage #111" daemon [_thread_blocked, id=203531, stack(0x000000088b8a0000,0x000000088baa3000)]
  0x0000000375dcf800 JavaThread "C2ME Storage #112" daemon [_thread_blocked, id=226311, stack(0x000000088baac000,0x000000088bcaf000)]
  0x00000003701eb000 JavaThread "C2ME Storage #113" daemon [_thread_blocked, id=201991, stack(0x000000088bcb8000,0x000000088bebb000)]
  0x00000003a70dde00 JavaThread "C2ME Storage #114" daemon [_thread_blocked, id=200227, stack(0x00000003c809c000,0x00000003c829f000)]
  0x00000008e1b86e00 JavaThread "C2ME Storage #115" daemon [_thread_blocked, id=201319, stack(0x000000088bec4000,0x000000088c0c7000)]
  0x00000008e1c33e00 JavaThread "C2ME Storage #116" daemon [_thread_blocked, id=201735, stack(0x000000088c0d0000,0x000000088c2d3000)]
  0x00000003a71e0000 JavaThread "C2ME Storage #117" daemon [_thread_blocked, id=202503, stack(0x000000088c2dc000,0x000000088c4df000)]
  0x00000008c95c5e00 JavaThread "C2ME Storage #118" daemon [_thread_blocked, id=227591, stack(0x000000088c4e8000,0x000000088c6eb000)]
  0x000000036fab7a00 JavaThread "C2ME Storage #119" daemon [_thread_blocked, id=200459, stack(0x000000088c6f4000,0x000000088c8f7000)]
  0x000000010cd6b200 JavaThread "C2ME Storage #120" daemon [_thread_blocked, id=228103, stack(0x000000088c900000,0x000000088cb03000)]
  0x0000000370646400 JavaThread "C2ME Storage #121" daemon [_thread_blocked, id=229131, stack(0x000000088cb0c000,0x000000088cd0f000)]
  0x000000012e5b0e00 JavaThread "C2ME Storage #122" daemon [_thread_blocked, id=230407, stack(0x000000088cd18000,0x000000088cf1b000)]
  0x000000011f459a00 JavaThread "C2ME Storage #123" daemon [_thread_blocked, id=192619, stack(0x000000088cf24000,0x000000088d127000)]
  0x000000011f24a600 JavaThread "C2ME Storage #124" daemon [_thread_blocked, id=232711, stack(0x000000088d33c000,0x000000088d53f000)]
  0x00000008c9628600 JavaThread "C2ME Storage #125" daemon [_thread_blocked, id=197643, stack(0x000000088d548000,0x000000088d74b000)]
  0x000000036e4a0a00 JavaThread "C2ME Storage #126" daemon [_thread_blocked, id=197127, stack(0x000000088d754000,0x000000088d957000)]
  0x0000000370ccba00 JavaThread "C2ME Storage #127" daemon [_thread_blocked, id=235531, stack(0x000000088d960000,0x000000088db63000)]
  0x0000000370c9ca00 JavaThread "C2ME Storage #128" daemon [_thread_blocked, id=238599, stack(0x000000088db6c000,0x000000088dd6f000)]
  0x000000012e599400 JavaThread "C2ME Storage #129" daemon [_thread_blocked, id=193031, stack(0x000000088dd78000,0x000000088df7b000)]
  0x0000000375b72a00 JavaThread "C2ME Storage #130" daemon [_thread_blocked, id=238971, stack(0x000000088df84000,0x000000088e187000)]
  0x000000036c81c800 JavaThread "C2ME Storage #131" daemon [_thread_blocked, id=236811, stack(0x000000088f3fc000,0x000000088f5ff000)]
  0x000000011f24ac00 JavaThread "C2ME Storage #132" daemon [_thread_blocked, id=195335, stack(0x0000000895804000,0x0000000895a07000)]
  0x0000000895656c00 JavaThread "C2ME Storage #133" daemon [_thread_blocked, id=236295, stack(0x0000000895a10000,0x0000000895c13000)]
  0x00000003703c9c00 JavaThread "C2ME Storage #134" daemon [_thread_blocked, id=237831, stack(0x0000000895c1c000,0x0000000895e1f000)]
  0x000000010f809200 JavaThread "C2ME Storage #135" daemon [_thread_blocked, id=190211, stack(0x0000000895e28000,0x000000089602b000)]
  0x000000037203be00 JavaThread "C2ME Storage #136" daemon [_thread_blocked, id=191543, stack(0x0000000896034000,0x0000000896237000)]
  0x000000036e603a00 JavaThread "C2ME Storage #137" daemon [_thread_blocked, id=215099, stack(0x0000000896240000,0x0000000896443000)]
  0x000000036c808c00 JavaThread "C2ME Storage #138" daemon [_thread_blocked, id=343619, stack(0x000000089644c000,0x000000089664f000)]
  0x000000010f99a600 JavaThread "C2ME Storage #139" daemon [_thread_blocked, id=241159, stack(0x0000000896658000,0x000000089685b000)]
  0x00000008c4f8c400 JavaThread "C2ME Storage #140" daemon [_thread_blocked, id=189703, stack(0x0000000896864000,0x0000000896a67000)]
  0x00000003701dce00 JavaThread "C2ME Storage #141" daemon [_thread_blocked, id=189619, stack(0x0000000896a70000,0x0000000896c73000)]
  0x000000037103ea00 JavaThread "C2ME Storage #142" daemon [_thread_blocked, id=156035, stack(0x0000000896c7c000,0x0000000896e7f000)]
  0x00000001300d1c00 JavaThread "C2ME Storage #143" daemon [_thread_blocked, id=343815, stack(0x0000000896e88000,0x000000089708b000)]
  0x0000000371819800 JavaThread "C2ME Storage #144" daemon [_thread_blocked, id=344587, stack(0x0000000897094000,0x0000000897297000)]
  0x0000000882caee00 JavaThread "C2ME Storage #145" daemon [_thread_blocked, id=344327, stack(0x00000008972a0000,0x00000008974a3000)]
  0x000000084d9c7200 JavaThread "C2ME Storage #146" daemon [_thread_blocked, id=115463, stack(0x00000008974ac000,0x00000008976af000)]
  0x00000003a70e0400 JavaThread "C2ME Storage #147" daemon [_thread_blocked, id=186147, stack(0x00000008976b8000,0x00000008978bb000)]
  0x00000008c8e06200 JavaThread "C2ME Storage #148" daemon [_thread_blocked, id=105743, stack(0x00000008978c4000,0x0000000897ac7000)]
  0x00000001300d2200 JavaThread "C2ME Storage #149" daemon [_thread_blocked, id=243231, stack(0x0000000897ad0000,0x0000000897cd3000)]
  0x00000008c8c9a400 JavaThread "C2ME Storage #150" daemon [_thread_blocked, id=184451, stack(0x0000000897cdc000,0x0000000897edf000)]
  0x00000008c8fe9c00 JavaThread "C2ME Storage #151" daemon [_thread_blocked, id=151719, stack(0x0000000897ee8000,0x00000008980eb000)]
  0x00000008c928a400 JavaThread "C2ME Storage #152" daemon [_thread_blocked, id=187179, stack(0x00000008980f4000,0x00000008982f7000)]
  0x000000084dd7fc00 JavaThread "C2ME Storage #153" daemon [_thread_blocked, id=153307, stack(0x0000000898300000,0x0000000898503000)]
  0x0000000882a10a00 JavaThread "C2ME Storage #154" daemon [_thread_blocked, id=247939, stack(0x000000089850c000,0x000000089870f000)]
  0x0000000375d1c400 JavaThread "C2ME Storage #155" daemon [_thread_blocked, id=155179, stack(0x0000000898718000,0x000000089891b000)]
  0x000000037203b600 JavaThread "C2ME Storage #156" daemon [_thread_blocked, id=149055, stack(0x0000000898ba4000,0x0000000898da7000)]
  0x000000010f7c3000 JavaThread "minecraft_overworld - Light" daemon [_thread_blocked, id=245063, stack(0x0000000898db0000,0x0000000898fb3000)]
  0x0000000375e1ce00 JavaThread "ModernFix integrated server watchdog" daemon [_thread_blocked, id=345199, stack(0x00000008991c8000,0x00000008993cb000)]
  0x000000010ffa3600 JavaThread "Netty Server IO #2" daemon [_thread_in_native, id=150675, stack(0x0000000898fbc000,0x00000008991bf000)]
  0x00000003a7f9e400 JavaThread "Netty Local Client IO #1" daemon [_thread_blocked, id=183619, stack(0x00000008993d4000,0x00000008995d7000)]
  0x000000010d127800 JavaThread "Netty Server IO #3" daemon [_thread_in_native, id=74555, stack(0x00000008995e0000,0x00000008997e3000)]
  0x0000000164020400 JavaThread "Sound engine" daemon [_thread_blocked, id=230803, stack(0x000000088d130000,0x000000088d333000)]
  0x0000000165269e00 JavaThread "Chunk Render Task Executor #0" [_thread_blocked, id=204043, stack(0x0000000883834000,0x0000000883a37000)]
  0x000000011f360800 JavaThread "Chunk Render Task Executor #1" [_thread_blocked, id=97599, stack(0x00000008999f8000,0x0000000899bfb000)]
  0x0000000375bd1400 JavaThread "Chunk Render Task Executor #2" [_thread_blocked, id=115975, stack(0x0000000899c04000,0x0000000899e07000)]
  0x00000008e180e000 JavaThread "Chunk Render Task Executor #3" [_thread_blocked, id=117003, stack(0x0000000899e10000,0x000000089a013000)]
  0x0000000375b4ce00 JavaThread "Chunk Render Task Executor #4" [_thread_blocked, id=187931, stack(0x000000089a01c000,0x000000089a21f000)]
  0x000000011f360e00 JavaThread "Chunk Render Task Executor #5" [_thread_blocked, id=117787, stack(0x00000008a1764000,0x00000008a1967000)]
  0x000000016503a400 JavaThread "Chunk Render Task Executor #6" [_thread_blocked, id=157519, stack(0x00000008a1970000,0x00000008a1b73000)]
  0x00000001656a4e00 JavaThread "Chunk Render Task Executor #7" [_thread_blocked, id=178795, stack(0x00000008a1b7c000,0x00000008a1d7f000)]
  0x000000036fb4bc00 JavaThread "minecraft_the_nether - Light" daemon [_thread_blocked, id=246035, stack(0x00000008bbc1c000,0x00000008bbe1f000)]
  0x000000037733bc00 JavaThread "ForkJoinPool.commonPool-worker-75" daemon [_thread_blocked, id=206679, stack(0x000000087ffe0000,0x00000008801e3000)]
  0x0000000371810600 JavaThread "ForkJoinPool.commonPool-worker-74" daemon [_thread_blocked, id=246823, stack(0x00000008801ec000,0x00000008803ef000)]
  0x00000003772ec600 JavaThread "ForkJoinPool.commonPool-worker-76" daemon [_thread_blocked, id=212999, stack(0x00000008803f8000,0x00000008805fb000)]
  0x000000012e1e3c00 JavaThread "C2 CompilerThread1" daemon [_thread_in_vm, id=218983, stack(0x000000087fdd4000,0x000000087ffd7000)]
  0x0000000130171600 JavaThread "C2 CompilerThread2" daemon [_thread_blocked, id=213335, stack(0x00000008860c4000,0x00000008862c7000)]
  0x000000011f68e600 JavaThread "Thread-2072" [_thread_blocked, id=109343, stack(0x000000088fc10000,0x000000088fe13000)]

Other Threads:
  0x000000012f92eca0 VMThread "VM Thread" [stack: 0x000000016b968000,0x000000016bb6b000] [id=19459]
  0x000000011ee11040 WatcherThread [stack: 0x000000016d310000,0x000000016d513000] [id=26371]
  0x000000010ee097a0 GCTaskThread "GC Thread#0" [stack: 0x000000016af2c000,0x000000016b12f000] [id=15363]
  0x000000012ef34050 GCTaskThread "GC Thread#1" [stack: 0x000000016d728000,0x000000016d92b000] [id=33027]
  0x000000012ef34d10 GCTaskThread "GC Thread#2" [stack: 0x000000016d934000,0x000000016db37000] [id=33283]
  0x000000012ef359d0 GCTaskThread "GC Thread#3" [stack: 0x000000016db40000,0x000000016dd43000] [id=42755]
  0x000000012ef36690 GCTaskThread "GC Thread#4" [stack: 0x000000016dd4c000,0x000000016df4f000] [id=33795]
  0x000000012ef37350 GCTaskThread "GC Thread#5" [stack: 0x000000016df58000,0x000000016e15b000] [id=34051]
  0x000000010561b000 GCTaskThread "GC Thread#6" [stack: 0x000000016e164000,0x000000016e367000] [id=34307]
  0x000000010561b940 GCTaskThread "GC Thread#7" [stack: 0x000000016e370000,0x000000016e573000] [id=41475]
  0x000000010561c1f0 GCTaskThread "GC Thread#8" [stack: 0x000000016e57c000,0x000000016e77f000] [id=34819]
  0x000000010561cad0 GCTaskThread "GC Thread#9" [stack: 0x000000016e788000,0x000000016e98b000] [id=40963]
  0x000000010557eac0 GCTaskThread "GC Thread#10" [stack: 0x000000016efb8000,0x000000016f1bb000] [id=39427]
  0x000000010ee0a600 ConcurrentGCThread "G1 Main Marker" [stack: 0x000000016b138000,0x000000016b33b000] [id=13059]
  0x000000012f81cce0 ConcurrentGCThread "G1 Conc#0" [stack: 0x000000016b344000,0x000000016b547000] [id=13827]
  0x000000010557a6c0 ConcurrentGCThread "G1 Conc#1" [stack: 0x000000016eba0000,0x000000016eda3000] [id=40451]
  0x000000012f947fb0 ConcurrentGCThread "G1 Conc#2" [stack: 0x000000016edac000,0x000000016efaf000] [id=39939]
  0x000000012f821430 ConcurrentGCThread "G1 Refine#0" [stack: 0x000000016b550000,0x000000016b753000] [id=14083]
  0x0000000105583a20 ConcurrentGCThread "G1 Refine#1" [stack: 0x000000036f51c000,0x000000036f71f000] [id=124675]
  0x000000012eb79530 ConcurrentGCThread "G1 Refine#2" [stack: 0x0000000372804000,0x0000000372a07000] [id=93187]
  0x00000001055b2350 ConcurrentGCThread "G1 Refine#3" [stack: 0x0000000372a10000,0x0000000372c13000] [id=93699]
  0x000000012eb7a6a0 ConcurrentGCThread "G1 Refine#4" [stack: 0x0000000372c1c000,0x0000000372e1f000] [id=123139]
  0x000000010ec04670 ConcurrentGCThread "G1 Refine#5" [stack: 0x0000000372e28000,0x000000037302b000] [id=122627]
  0x0000000365544290 ConcurrentGCThread "G1 Refine#6" [stack: 0x0000000373034000,0x0000000373237000] [id=94467]
  0x000000010ec05450 ConcurrentGCThread "G1 Refine#7" [stack: 0x0000000373240000,0x0000000373443000] [id=122115]
  0x000000012eeec280 ConcurrentGCThread "G1 Refine#8" [stack: 0x000000037344c000,0x000000037364f000] [id=121603]
  0x000000010ec05cd0 ConcurrentGCThread "G1 Refine#9" [stack: 0x0000000373658000,0x000000037385b000] [id=95491]
  0x000000016cf182f0 ConcurrentGCThread "G1 Refine#10" [stack: 0x0000000373a04000,0x0000000373c07000] [id=120579]
  0x000000012f822160 ConcurrentGCThread "G1 Service" [stack: 0x000000016b75c000,0x000000016b95f000] [id=21507]

Threads with active compile tasks:
C2 CompilerThread0  4405344 2041190  s    4       me.jellysquid.mods.sodium.client.world.cloned.ClonedChunkSectionCache::acquire (84 bytes)

VM state: not at safepoint (normal execution)

VM Mutex/Monitor currently owned by a thread:  ([mutex/lock_event])
[0x000000012f80faf0] CodeCache_lock - owner thread: 0x0000000000000000
[0x000000012f812080] CompiledIC_lock - owner thread: 0x0000000130079400

Heap address: 0x0000000500000000, size: 12288 MB, Compressed Oops mode: Zero based, Oop shift amount: 3

CDS archive(s) not mapped
Compressed class space mapped at: 0x0000000800000000-0x0000000840000000, reserved size: 1073741824
Narrow klass base: 0x0000000800000000, Narrow klass shift: 0, Narrow klass range: 0x40000000

GC Precious Log:
 CPUs: 14 total, 14 available
 Memory: 49152M
 Large Page Support: Disabled
 NUMA Support: Disabled
 Compressed Oops: Enabled (Zero based)
 Heap Region Size: 32M
 Heap Min Capacity: 256M
 Heap Initial Capacity: 256M
 Heap Max Capacity: 12G
 Pre-touch: Disabled
 Parallel Workers: 11
 Concurrent Workers: 3
 Concurrent Refinement Workers: 11
 Periodic GC: Disabled

Heap:
 garbage-first heap   total 12582912K, used 8632802K [0x0000000500000000, 0x0000000800000000)
  region size 32768K, 94 young (3080192K), 3 survivors (98304K)
 Metaspace       used 769444K, committed 774464K, reserved 1703936K
  class space    used 167193K, committed 169472K, reserved 1048576K

Heap Regions: E=young(eden), S=young(survivor), O=old, HS=humongous(starts), HC=humongous(continues), CS=collection set, F=free, OA=open archive, CA=closed archive, TAMS=top-at-mark-start (previous, next)
|   0|0x0000000500000000, 0x0000000502000000, 0x0000000502000000|100%| O|  |TAMS 0x0000000502000000, 0x0000000500000000| Untracked 
|   1|0x0000000502000000, 0x0000000504000000, 0x0000000504000000|100%| O|  |TAMS 0x0000000504000000, 0x0000000502000000| Untracked 
|   2|0x0000000504000000, 0x0000000506000000, 0x0000000506000000|100%| O|  |TAMS 0x0000000506000000, 0x0000000504000000| Untracked 
|   3|0x0000000506000000, 0x0000000508000000, 0x0000000508000000|100%| O|  |TAMS 0x0000000508000000, 0x0000000506000000| Untracked 
|   4|0x0000000508000000, 0x000000050a000000, 0x000000050a000000|100%| O|  |TAMS 0x000000050a000000, 0x0000000508000000| Untracked 
|   5|0x000000050a000000, 0x000000050c000000, 0x000000050c000000|100%| O|  |TAMS 0x000000050c000000, 0x000000050a000000| Untracked 
|   6|0x000000050c000000, 0x000000050e000000, 0x000000050e000000|100%| O|  |TAMS 0x000000050e000000, 0x000000050c000000| Untracked 
|   7|0x000000050e000000, 0x0000000510000000, 0x0000000510000000|100%| O|  |TAMS 0x0000000510000000, 0x000000050e000000| Untracked 
|   8|0x0000000510000000, 0x0000000512000000, 0x0000000512000000|100%| O|  |TAMS 0x0000000512000000, 0x0000000510000000| Untracked 
|   9|0x0000000512000000, 0x0000000514000000, 0x0000000514000000|100%| O|  |TAMS 0x0000000514000000, 0x0000000512000000| Untracked 
|  10|0x0000000514000000, 0x0000000516000000, 0x0000000516000000|100%| O|  |TAMS 0x0000000516000000, 0x0000000514000000| Untracked 
|  11|0x0000000516000000, 0x0000000518000000, 0x0000000518000000|100%| O|  |TAMS 0x0000000518000000, 0x0000000516000000| Untracked 
|  12|0x0000000518000000, 0x000000051a000000, 0x000000051a000000|100%| O|  |TAMS 0x000000051a000000, 0x0000000518000000| Untracked 
|  13|0x000000051a000000, 0x000000051c000000, 0x000000051c000000|100%| O|  |TAMS 0x000000051c000000, 0x000000051a000000| Untracked 
|  14|0x000000051c000000, 0x000000051e000000, 0x000000051e000000|100%| O|  |TAMS 0x000000051e000000, 0x000000051c000000| Untracked 
|  15|0x000000051e000000, 0x0000000520000000, 0x0000000520000000|100%| O|  |TAMS 0x0000000520000000, 0x000000051e000000| Untracked 
|  16|0x0000000520000000, 0x0000000522000000, 0x0000000522000000|100%| O|  |TAMS 0x0000000522000000, 0x0000000520000000| Untracked 
|  17|0x0000000522000000, 0x0000000524000000, 0x0000000524000000|100%| O|  |TAMS 0x0000000524000000, 0x0000000522000000| Untracked 
|  18|0x0000000524000000, 0x0000000526000000, 0x0000000526000000|100%| O|  |TAMS 0x0000000526000000, 0x0000000524000000| Untracked 
|  19|0x0000000526000000, 0x0000000528000000, 0x0000000528000000|100%| O|  |TAMS 0x0000000528000000, 0x0000000526000000| Untracked 
|  20|0x0000000528000000, 0x000000052a000000, 0x000000052a000000|100%| O|  |TAMS 0x000000052a000000, 0x0000000528000000| Untracked 
|  21|0x000000052a000000, 0x000000052c000000, 0x000000052c000000|100%| O|  |TAMS 0x000000052c000000, 0x000000052a000000| Untracked 
|  22|0x000000052c000000, 0x000000052e000000, 0x000000052e000000|100%| O|  |TAMS 0x000000052e000000, 0x000000052c000000| Untracked 
|  23|0x000000052e000000, 0x0000000530000000, 0x0000000530000000|100%| O|  |TAMS 0x0000000530000000, 0x000000052e000000| Untracked 
|  24|0x0000000530000000, 0x0000000532000000, 0x0000000532000000|100%| O|  |TAMS 0x0000000532000000, 0x0000000530000000| Untracked 
|  25|0x0000000532000000, 0x0000000534000000, 0x0000000534000000|100%| O|  |TAMS 0x0000000534000000, 0x0000000532000000| Untracked 
|  26|0x0000000534000000, 0x0000000536000000, 0x0000000536000000|100%| O|  |TAMS 0x0000000536000000, 0x0000000534000000| Untracked 
|  27|0x0000000536000000, 0x0000000538000000, 0x0000000538000000|100%| O|  |TAMS 0x0000000538000000, 0x0000000536000000| Untracked 
|  28|0x0000000538000000, 0x000000053a000000, 0x000000053a000000|100%| O|  |TAMS 0x000000053a000000, 0x0000000538000000| Untracked 
|  29|0x000000053a000000, 0x000000053c000000, 0x000000053c000000|100%| O|  |TAMS 0x000000053c000000, 0x000000053a000000| Untracked 
|  30|0x000000053c000000, 0x000000053e000000, 0x000000053e000000|100%| O|  |TAMS 0x000000053e000000, 0x000000053c000000| Untracked 
|  31|0x000000053e000000, 0x0000000540000000, 0x0000000540000000|100%| O|  |TAMS 0x0000000540000000, 0x000000053e000000| Untracked 
|  32|0x0000000540000000, 0x0000000542000000, 0x0000000542000000|100%| O|  |TAMS 0x0000000542000000, 0x0000000540000000| Untracked 
|  33|0x0000000542000000, 0x0000000544000000, 0x0000000544000000|100%| O|  |TAMS 0x0000000544000000, 0x0000000542000000| Untracked 
|  34|0x0000000544000000, 0x0000000546000000, 0x0000000546000000|100%| O|  |TAMS 0x0000000546000000, 0x0000000544000000| Untracked 
|  35|0x0000000546000000, 0x0000000548000000, 0x0000000548000000|100%| O|  |TAMS 0x0000000548000000, 0x0000000546000000| Untracked 
|  36|0x0000000548000000, 0x000000054a000000, 0x000000054a000000|100%| O|  |TAMS 0x000000054a000000, 0x0000000548000000| Untracked 
|  37|0x000000054a000000, 0x000000054c000000, 0x000000054c000000|100%| O|  |TAMS 0x000000054c000000, 0x000000054a000000| Untracked 
|  38|0x000000054c000000, 0x000000054e000000, 0x000000054e000000|100%| O|  |TAMS 0x000000054e000000, 0x000000054c000000| Untracked 
|  39|0x000000054e000000, 0x0000000550000000, 0x0000000550000000|100%| O|  |TAMS 0x0000000550000000, 0x000000054e000000| Untracked 
|  40|0x0000000550000000, 0x0000000552000000, 0x0000000552000000|100%| O|  |TAMS 0x0000000552000000, 0x0000000550000000| Untracked 
|  41|0x0000000552000000, 0x0000000554000000, 0x0000000554000000|100%| O|  |TAMS 0x0000000554000000, 0x0000000552000000| Untracked 
|  42|0x0000000554000000, 0x0000000556000000, 0x0000000556000000|100%| O|  |TAMS 0x0000000556000000, 0x0000000554000000| Untracked 
|  43|0x0000000556000000, 0x0000000558000000, 0x0000000558000000|100%| O|  |TAMS 0x0000000558000000, 0x0000000556000000| Untracked 
|  44|0x0000000558000000, 0x000000055a000000, 0x000000055a000000|100%| O|  |TAMS 0x000000055a000000, 0x0000000558000000| Untracked 
|  45|0x000000055a000000, 0x000000055c000000, 0x000000055c000000|100%| O|  |TAMS 0x000000055c000000, 0x000000055a000000| Untracked 
|  46|0x000000055c000000, 0x000000055e000000, 0x000000055e000000|100%| O|  |TAMS 0x000000055e000000, 0x000000055c000000| Untracked 
|  47|0x000000055e000000, 0x0000000560000000, 0x0000000560000000|100%| O|  |TAMS 0x0000000560000000, 0x000000055e000000| Untracked 
|  48|0x0000000560000000, 0x0000000562000000, 0x0000000562000000|100%| O|  |TAMS 0x0000000562000000, 0x0000000560000000| Untracked 
|  49|0x0000000562000000, 0x0000000564000000, 0x0000000564000000|100%| O|  |TAMS 0x0000000564000000, 0x0000000562000000| Untracked 
|  50|0x0000000564000000, 0x0000000566000000, 0x0000000566000000|100%| O|  |TAMS 0x0000000566000000, 0x0000000564000000| Untracked 
|  51|0x0000000566000000, 0x0000000568000000, 0x0000000568000000|100%| O|  |TAMS 0x0000000568000000, 0x0000000566000000| Untracked 
|  52|0x0000000568000000, 0x000000056a000000, 0x000000056a000000|100%| O|  |TAMS 0x000000056a000000, 0x0000000568000000| Untracked 
|  53|0x000000056a000000, 0x000000056c000000, 0x000000056c000000|100%| O|  |TAMS 0x000000056c000000, 0x000000056a000000| Untracked 
|  54|0x000000056c000000, 0x000000056e000000, 0x000000056e000000|100%| O|  |TAMS 0x000000056e000000, 0x000000056c000000| Untracked 
|  55|0x000000056e000000, 0x0000000570000000, 0x0000000570000000|100%| O|  |TAMS 0x0000000570000000, 0x000000056e000000| Untracked 
|  56|0x0000000570000000, 0x0000000572000000, 0x0000000572000000|100%| O|  |TAMS 0x0000000572000000, 0x0000000570000000| Untracked 
|  57|0x0000000572000000, 0x0000000574000000, 0x0000000574000000|100%| O|  |TAMS 0x0000000574000000, 0x0000000572000000| Untracked 
|  58|0x0000000574000000, 0x0000000576000000, 0x0000000576000000|100%| O|  |TAMS 0x0000000576000000, 0x0000000574000000| Untracked 
|  59|0x0000000576000000, 0x0000000578000000, 0x0000000578000000|100%| O|  |TAMS 0x0000000578000000, 0x0000000576000000| Untracked 
|  60|0x0000000578000000, 0x000000057a000000, 0x000000057a000000|100%| O|  |TAMS 0x000000057a000000, 0x0000000578000000| Untracked 
|  61|0x000000057a000000, 0x000000057c000000, 0x000000057c000000|100%| O|  |TAMS 0x000000057c000000, 0x000000057a000000| Untracked 
|  62|0x000000057c000000, 0x000000057e000000, 0x000000057e000000|100%| O|  |TAMS 0x000000057e000000, 0x000000057c000000| Untracked 
|  63|0x000000057e000000, 0x0000000580000000, 0x0000000580000000|100%| O|  |TAMS 0x0000000580000000, 0x000000057e000000| Untracked 
|  64|0x0000000580000000, 0x0000000582000000, 0x0000000582000000|100%| O|  |TAMS 0x0000000582000000, 0x0000000580000000| Untracked 
|  65|0x0000000582000000, 0x0000000584000000, 0x0000000584000000|100%| O|  |TAMS 0x0000000584000000, 0x0000000582000000| Untracked 
|  66|0x0000000584000000, 0x0000000586000000, 0x0000000586000000|100%| O|  |TAMS 0x0000000586000000, 0x0000000584000000| Untracked 
|  67|0x0000000586000000, 0x0000000588000000, 0x0000000588000000|100%| O|  |TAMS 0x0000000588000000, 0x0000000586000000| Untracked 
|  68|0x0000000588000000, 0x000000058a000000, 0x000000058a000000|100%| O|  |TAMS 0x000000058a000000, 0x0000000588000000| Untracked 
|  69|0x000000058a000000, 0x000000058c000000, 0x000000058c000000|100%| O|  |TAMS 0x000000058c000000, 0x000000058a000000| Untracked 
|  70|0x000000058c000000, 0x000000058e000000, 0x000000058e000000|100%| O|  |TAMS 0x000000058e000000, 0x000000058c000000| Untracked 
|  71|0x000000058e000000, 0x0000000590000000, 0x0000000590000000|100%| O|  |TAMS 0x0000000590000000, 0x000000058e000000| Untracked 
|  72|0x0000000590000000, 0x0000000592000000, 0x0000000592000000|100%| O|  |TAMS 0x0000000592000000, 0x0000000590000000| Untracked 
|  73|0x0000000592000000, 0x0000000594000000, 0x0000000594000000|100%| O|  |TAMS 0x0000000594000000, 0x0000000592000000| Untracked 
|  74|0x0000000594000000, 0x0000000596000000, 0x0000000596000000|100%| O|  |TAMS 0x0000000596000000, 0x0000000594000000| Untracked 
|  75|0x0000000596000000, 0x0000000598000000, 0x0000000598000000|100%| O|  |TAMS 0x0000000598000000, 0x0000000596000000| Untracked 
|  76|0x0000000598000000, 0x000000059a000000, 0x000000059a000000|100%| O|  |TAMS 0x000000059a000000, 0x0000000598000000| Untracked 
|  77|0x000000059a000000, 0x000000059c000000, 0x000000059c000000|100%| O|  |TAMS 0x000000059c000000, 0x000000059a000000| Untracked 
|  78|0x000000059c000000, 0x000000059e000000, 0x000000059e000000|100%| O|  |TAMS 0x000000059e000000, 0x000000059c000000| Untracked 
|  79|0x000000059e000000, 0x00000005a0000000, 0x00000005a0000000|100%| O|  |TAMS 0x00000005a0000000, 0x000000059e000000| Untracked 
|  80|0x00000005a0000000, 0x00000005a2000000, 0x00000005a2000000|100%| O|  |TAMS 0x00000005a2000000, 0x00000005a0000000| Untracked 
|  81|0x00000005a2000000, 0x00000005a4000000, 0x00000005a4000000|100%| O|  |TAMS 0x00000005a4000000, 0x00000005a2000000| Untracked 
|  82|0x00000005a4000000, 0x00000005a6000000, 0x00000005a6000000|100%| O|  |TAMS 0x00000005a6000000, 0x00000005a4000000| Untracked 
|  83|0x00000005a6000000, 0x00000005a8000000, 0x00000005a8000000|100%| O|  |TAMS 0x00000005a8000000, 0x00000005a6000000| Untracked 
|  84|0x00000005a8000000, 0x00000005aa000000, 0x00000005aa000000|100%| O|  |TAMS 0x00000005aa000000, 0x00000005a8000000| Untracked 
|  85|0x00000005aa000000, 0x00000005ac000000, 0x00000005ac000000|100%| O|  |TAMS 0x00000005ac000000, 0x00000005aa000000| Untracked 
|  86|0x00000005ac000000, 0x00000005ae000000, 0x00000005ae000000|100%| O|  |TAMS 0x00000005ae000000, 0x00000005ac000000| Untracked 
|  87|0x00000005ae000000, 0x00000005b0000000, 0x00000005b0000000|100%| O|  |TAMS 0x00000005b0000000, 0x00000005ae000000| Untracked 
|  88|0x00000005b0000000, 0x00000005b2000000, 0x00000005b2000000|100%| O|  |TAMS 0x00000005b2000000, 0x00000005b0000000| Untracked 
|  89|0x00000005b2000000, 0x00000005b4000000, 0x00000005b4000000|100%| O|  |TAMS 0x00000005b4000000, 0x00000005b2000000| Untracked 
|  90|0x00000005b4000000, 0x00000005b4000000, 0x00000005b6000000|  0%| F|  |TAMS 0x00000005b4000000, 0x00000005b4000000| Untracked 
|  91|0x00000005b6000000, 0x00000005b8000000, 0x00000005b8000000|100%| O|  |TAMS 0x00000005b8000000, 0x00000005b6000000| Untracked 
|  92|0x00000005b8000000, 0x00000005ba000000, 0x00000005ba000000|100%| O|  |TAMS 0x00000005ba000000, 0x00000005b8000000| Untracked 
|  93|0x00000005ba000000, 0x00000005bc000000, 0x00000005bc000000|100%| O|  |TAMS 0x00000005bc000000, 0x00000005ba000000| Untracked 
|  94|0x00000005bc000000, 0x00000005be000000, 0x00000005be000000|100%| O|  |TAMS 0x00000005be000000, 0x00000005bc000000| Untracked 
|  95|0x00000005be000000, 0x00000005c0000000, 0x00000005c0000000|100%| O|  |TAMS 0x00000005c0000000, 0x00000005be000000| Untracked 
|  96|0x00000005c0000000, 0x00000005c2000000, 0x00000005c2000000|100%| O|  |TAMS 0x00000005c2000000, 0x00000005c0000000| Untracked 
|  97|0x00000005c2000000, 0x00000005c4000000, 0x00000005c4000000|100%| O|  |TAMS 0x00000005c4000000, 0x00000005c2000000| Untracked 
|  98|0x00000005c4000000, 0x00000005c6000000, 0x00000005c6000000|100%| O|  |TAMS 0x00000005c6000000, 0x00000005c4000000| Untracked 
|  99|0x00000005c6000000, 0x00000005c8000000, 0x00000005c8000000|100%| O|  |TAMS 0x00000005c8000000, 0x00000005c6000000| Untracked 
| 100|0x00000005c8000000, 0x00000005ca000000, 0x00000005ca000000|100%| O|  |TAMS 0x00000005ca000000, 0x00000005c8000000| Untracked 
| 101|0x00000005ca000000, 0x00000005cc000000, 0x00000005cc000000|100%| O|  |TAMS 0x00000005cc000000, 0x00000005ca000000| Untracked 
| 102|0x00000005cc000000, 0x00000005ce000000, 0x00000005ce000000|100%| O|  |TAMS 0x00000005ce000000, 0x00000005cc000000| Untracked 
| 103|0x00000005ce000000, 0x00000005d0000000, 0x00000005d0000000|100%| O|  |TAMS 0x00000005d0000000, 0x00000005ce000000| Untracked 
| 104|0x00000005d0000000, 0x00000005d2000000, 0x00000005d2000000|100%|HS|  |TAMS 0x00000005d2000000, 0x00000005d0000000| Complete 
| 105|0x00000005d2000000, 0x00000005d4000000, 0x00000005d4000000|100%| O|  |TAMS 0x00000005d4000000, 0x00000005d2000000| Untracked 
| 106|0x00000005d4000000, 0x00000005d6000000, 0x00000005d6000000|100%| O|  |TAMS 0x00000005d6000000, 0x00000005d4000000| Untracked 
| 107|0x00000005d6000000, 0x00000005d8000000, 0x00000005d8000000|100%| O|  |TAMS 0x00000005d8000000, 0x00000005d6000000| Untracked 
| 108|0x00000005d8000000, 0x00000005da000000, 0x00000005da000000|100%| O|  |TAMS 0x00000005da000000, 0x00000005d8000000| Untracked 
| 109|0x00000005da000000, 0x00000005dc000000, 0x00000005dc000000|100%| O|  |TAMS 0x00000005dc000000, 0x00000005da000000| Untracked 
| 110|0x00000005dc000000, 0x00000005de000000, 0x00000005de000000|100%| O|  |TAMS 0x00000005de000000, 0x00000005dc000000| Untracked 
| 111|0x00000005de000000, 0x00000005e0000000, 0x00000005e0000000|100%| O|  |TAMS 0x00000005e0000000, 0x00000005de000000| Untracked 
| 112|0x00000005e0000000, 0x00000005e2000000, 0x00000005e2000000|100%| O|  |TAMS 0x00000005e2000000, 0x00000005e0000000| Untracked 
| 113|0x00000005e2000000, 0x00000005e4000000, 0x00000005e4000000|100%| O|  |TAMS 0x00000005e4000000, 0x00000005e2000000| Untracked 
| 114|0x00000005e4000000, 0x00000005e6000000, 0x00000005e6000000|100%| O|  |TAMS 0x00000005e6000000, 0x00000005e4000000| Untracked 
| 115|0x00000005e6000000, 0x00000005e8000000, 0x00000005e8000000|100%| O|  |TAMS 0x00000005e8000000, 0x00000005e6000000| Untracked 
| 116|0x00000005e8000000, 0x00000005ea000000, 0x00000005ea000000|100%| O|  |TAMS 0x00000005ea000000, 0x00000005e8000000| Untracked 
| 117|0x00000005ea000000, 0x00000005ec000000, 0x00000005ec000000|100%| O|  |TAMS 0x00000005ec000000, 0x00000005ea000000| Untracked 
| 118|0x00000005ec000000, 0x00000005ee000000, 0x00000005ee000000|100%| O|  |TAMS 0x00000005ee000000, 0x00000005ec000000| Untracked 
| 119|0x00000005ee000000, 0x00000005f0000000, 0x00000005f0000000|100%| O|  |TAMS 0x00000005ee000000, 0x00000005ee000000| Untracked 
| 120|0x00000005f0000000, 0x00000005f2000000, 0x00000005f2000000|100%| O|  |TAMS 0x00000005f2000000, 0x00000005f0000000| Untracked 
| 121|0x00000005f2000000, 0x00000005f4000000, 0x00000005f4000000|100%| O|  |TAMS 0x00000005f4000000, 0x00000005f2000000| Untracked 
| 122|0x00000005f4000000, 0x00000005f6000000, 0x00000005f6000000|100%| O|  |TAMS 0x00000005f6000000, 0x00000005f4000000| Untracked 
| 123|0x00000005f6000000, 0x00000005f8000000, 0x00000005f8000000|100%| O|  |TAMS 0x00000005f8000000, 0x00000005f6000000| Untracked 
| 124|0x00000005f8000000, 0x00000005fa000000, 0x00000005fa000000|100%| O|  |TAMS 0x00000005f8000000, 0x00000005f8000000| Untracked 
| 125|0x00000005fa000000, 0x00000005fc000000, 0x00000005fc000000|100%| O|  |TAMS 0x00000005fa000000, 0x00000005fa000000| Untracked 
| 126|0x00000005fc000000, 0x00000005fe000000, 0x00000005fe000000|100%| O|  |TAMS 0x00000005fe000000, 0x00000005fc000000| Untracked 
| 127|0x00000005fe000000, 0x0000000600000000, 0x0000000600000000|100%| O|  |TAMS 0x0000000600000000, 0x00000005fe000000| Untracked 
| 128|0x0000000600000000, 0x0000000602000000, 0x0000000602000000|100%| O|  |TAMS 0x0000000602000000, 0x0000000600000000| Untracked 
| 129|0x0000000602000000, 0x0000000604000000, 0x0000000604000000|100%| O|  |TAMS 0x0000000604000000, 0x0000000602000000| Untracked 
| 130|0x0000000604000000, 0x0000000606000000, 0x0000000606000000|100%| O|  |TAMS 0x0000000606000000, 0x0000000604000000| Untracked 
| 131|0x0000000606000000, 0x0000000608000000, 0x0000000608000000|100%| O|  |TAMS 0x0000000608000000, 0x0000000606000000| Untracked 
| 132|0x0000000608000000, 0x0000000608c4f400, 0x000000060a000000| 38%| O|  |TAMS 0x0000000608000000, 0x0000000608000000| Untracked 
| 133|0x000000060a000000, 0x000000060c000000, 0x000000060c000000|100%| O|  |TAMS 0x000000060c000000, 0x000000060a000000| Untracked 
| 134|0x000000060c000000, 0x000000060c000000, 0x000000060e000000|  0%| F|  |TAMS 0x000000060c000000, 0x000000060c000000| Untracked 
| 135|0x000000060e000000, 0x0000000610000000, 0x0000000610000000|100%| O|  |TAMS 0x0000000610000000, 0x000000060e000000| Untracked 
| 136|0x0000000610000000, 0x0000000612000000, 0x0000000612000000|100%| O|  |TAMS 0x0000000612000000, 0x0000000610000000| Untracked 
| 137|0x0000000612000000, 0x0000000614000000, 0x0000000614000000|100%| O|  |TAMS 0x0000000614000000, 0x0000000612000000| Untracked 
| 138|0x0000000614000000, 0x0000000616000000, 0x0000000616000000|100%| O|  |TAMS 0x0000000616000000, 0x0000000614000000| Untracked 
| 139|0x0000000616000000, 0x0000000616000000, 0x0000000618000000|  0%| F|  |TAMS 0x0000000616000000, 0x0000000616000000| Untracked 
| 140|0x0000000618000000, 0x000000061a000000, 0x000000061a000000|100%| O|  |TAMS 0x000000061a000000, 0x0000000618000000| Untracked 
| 141|0x000000061a000000, 0x000000061c000000, 0x000000061c000000|100%| O|  |TAMS 0x000000061c000000, 0x000000061a000000| Untracked 
| 142|0x000000061c000000, 0x000000061e000000, 0x000000061e000000|100%| O|  |TAMS 0x000000061e000000, 0x000000061c000000| Untracked 
| 143|0x000000061e000000, 0x0000000620000000, 0x0000000620000000|100%| O|  |TAMS 0x000000061f96d000, 0x000000061e000000| Untracked 
| 144|0x0000000620000000, 0x0000000620000000, 0x0000000622000000|  0%| F|  |TAMS 0x0000000620000000, 0x0000000620000000| Untracked 
| 145|0x0000000622000000, 0x0000000622000000, 0x0000000624000000|  0%| F|  |TAMS 0x0000000622000000, 0x0000000622000000| Untracked 
| 146|0x0000000624000000, 0x0000000624000000, 0x0000000626000000|  0%| F|  |TAMS 0x0000000624000000, 0x0000000624000000| Untracked 
| 147|0x0000000626000000, 0x0000000626000000, 0x0000000628000000|  0%| F|  |TAMS 0x0000000626000000, 0x0000000626000000| Untracked 
| 148|0x0000000628000000, 0x0000000628000000, 0x000000062a000000|  0%| F|  |TAMS 0x0000000628000000, 0x0000000628000000| Untracked 
| 149|0x000000062a000000, 0x000000062a000000, 0x000000062c000000|  0%| F|  |TAMS 0x000000062a000000, 0x000000062a000000| Untracked 
| 150|0x000000062c000000, 0x000000062e000000, 0x000000062e000000|100%| O|  |TAMS 0x000000062e000000, 0x000000062c000000| Untracked 
| 151|0x000000062e000000, 0x000000062e000000, 0x0000000630000000|  0%| F|  |TAMS 0x000000062e000000, 0x000000062e000000| Untracked 
| 152|0x0000000630000000, 0x0000000632000000, 0x0000000632000000|100%| O|  |TAMS 0x0000000632000000, 0x0000000630000000| Untracked 
| 153|0x0000000632000000, 0x0000000634000000, 0x0000000634000000|100%| O|  |TAMS 0x0000000634000000, 0x0000000632000000| Untracked 
| 154|0x0000000634000000, 0x0000000636000000, 0x0000000636000000|100%| O|  |TAMS 0x0000000636000000, 0x0000000634000000| Untracked 
| 155|0x0000000636000000, 0x0000000636000000, 0x0000000638000000|  0%| F|  |TAMS 0x0000000636000000, 0x0000000636000000| Untracked 
| 156|0x0000000638000000, 0x000000063a000000, 0x000000063a000000|100%| O|  |TAMS 0x000000063a000000, 0x0000000638000000| Untracked 
| 157|0x000000063a000000, 0x000000063c000000, 0x000000063c000000|100%| O|  |TAMS 0x000000063c000000, 0x000000063a000000| Untracked 
| 158|0x000000063c000000, 0x000000063c000000, 0x000000063e000000|  0%| F|  |TAMS 0x000000063c000000, 0x000000063c000000| Untracked 
| 159|0x000000063e000000, 0x000000063e000000, 0x0000000640000000|  0%| F|  |TAMS 0x000000063e000000, 0x000000063e000000| Untracked 
| 160|0x0000000640000000, 0x0000000642000000, 0x0000000642000000|100%| O|  |TAMS 0x0000000642000000, 0x0000000640000000| Untracked 
| 161|0x0000000642000000, 0x0000000642000000, 0x0000000644000000|  0%| F|  |TAMS 0x0000000642000000, 0x0000000642000000| Untracked 
| 162|0x0000000644000000, 0x0000000646000000, 0x0000000646000000|100%| O|  |TAMS 0x0000000646000000, 0x0000000644000000| Untracked 
| 163|0x0000000646000000, 0x0000000648000000, 0x0000000648000000|100%| O|  |TAMS 0x0000000648000000, 0x0000000646000000| Untracked 
| 164|0x0000000648000000, 0x000000064a000000, 0x000000064a000000|100%| O|  |TAMS 0x000000064a000000, 0x0000000648000000| Untracked 
| 165|0x000000064a000000, 0x000000064c000000, 0x000000064c000000|100%| O|  |TAMS 0x000000064c000000, 0x000000064a000000| Untracked 
| 166|0x000000064c000000, 0x000000064c000000, 0x000000064e000000|  0%| F|  |TAMS 0x000000064c000000, 0x000000064c000000| Untracked 
| 167|0x000000064e000000, 0x0000000650000000, 0x0000000650000000|100%| O|  |TAMS 0x0000000650000000, 0x000000064e000000| Untracked 
| 168|0x0000000650000000, 0x0000000650000000, 0x0000000652000000|  0%| F|  |TAMS 0x0000000650000000, 0x0000000650000000| Untracked 
| 169|0x0000000652000000, 0x0000000652000000, 0x0000000654000000|  0%| F|  |TAMS 0x0000000652000000, 0x0000000652000000| Untracked 
| 170|0x0000000654000000, 0x0000000656000000, 0x0000000656000000|100%| O|  |TAMS 0x0000000656000000, 0x0000000654000000| Untracked 
| 171|0x0000000656000000, 0x0000000658000000, 0x0000000658000000|100%| O|  |TAMS 0x0000000658000000, 0x0000000656000000| Untracked 
| 172|0x0000000658000000, 0x000000065a000000, 0x000000065a000000|100%| O|  |TAMS 0x000000065a000000, 0x0000000658000000| Untracked 
| 173|0x000000065a000000, 0x000000065c000000, 0x000000065c000000|100%| O|  |TAMS 0x000000065c000000, 0x000000065a000000| Untracked 
| 174|0x000000065c000000, 0x000000065c000000, 0x000000065e000000|  0%| F|  |TAMS 0x000000065c000000, 0x000000065c000000| Untracked 
| 175|0x000000065e000000, 0x000000065e000000, 0x0000000660000000|  0%| F|  |TAMS 0x000000065e000000, 0x000000065e000000| Untracked 
| 176|0x0000000660000000, 0x0000000660000000, 0x0000000662000000|  0%| F|  |TAMS 0x0000000660000000, 0x0000000660000000| Untracked 
| 177|0x0000000662000000, 0x0000000662000000, 0x0000000664000000|  0%| F|  |TAMS 0x0000000662000000, 0x0000000662000000| Untracked 
| 178|0x0000000664000000, 0x0000000666000000, 0x0000000666000000|100%| O|  |TAMS 0x0000000666000000, 0x0000000664000000| Untracked 
| 179|0x0000000666000000, 0x0000000668000000, 0x0000000668000000|100%| O|  |TAMS 0x0000000668000000, 0x0000000666000000| Untracked 
| 180|0x0000000668000000, 0x0000000668000000, 0x000000066a000000|  0%| F|  |TAMS 0x0000000668000000, 0x0000000668000000| Untracked 
| 181|0x000000066a000000, 0x000000066a000000, 0x000000066c000000|  0%| F|  |TAMS 0x000000066a000000, 0x000000066a000000| Untracked 
| 182|0x000000066c000000, 0x000000066c000000, 0x000000066e000000|  0%| F|  |TAMS 0x000000066c000000, 0x000000066c000000| Untracked 
| 183|0x000000066e000000, 0x000000066e000000, 0x0000000670000000|  0%| F|  |TAMS 0x000000066e000000, 0x000000066e000000| Untracked 
| 184|0x0000000670000000, 0x0000000670000000, 0x0000000672000000|  0%| F|  |TAMS 0x0000000670000000, 0x0000000670000000| Untracked 
| 185|0x0000000672000000, 0x0000000672000000, 0x0000000674000000|  0%| F|  |TAMS 0x0000000672000000, 0x0000000672000000| Untracked 
| 186|0x0000000674000000, 0x0000000674000000, 0x0000000676000000|  0%| F|  |TAMS 0x0000000674000000, 0x0000000674000000| Untracked 
| 187|0x0000000676000000, 0x0000000676000000, 0x0000000678000000|  0%| F|  |TAMS 0x0000000676000000, 0x0000000676000000| Untracked 
| 188|0x0000000678000000, 0x0000000678000000, 0x000000067a000000|  0%| F|  |TAMS 0x0000000678000000, 0x0000000678000000| Untracked 
| 189|0x000000067a000000, 0x000000067c000000, 0x000000067c000000|100%| O|  |TAMS 0x000000067c000000, 0x000000067a000000| Untracked 
| 190|0x000000067c000000, 0x000000067e000000, 0x000000067e000000|100%| O|  |TAMS 0x000000067e000000, 0x000000067c000000| Untracked 
| 191|0x000000067e000000, 0x0000000680000000, 0x0000000680000000|100%| O|  |TAMS 0x0000000680000000, 0x000000067e000000| Untracked 
| 192|0x0000000680000000, 0x0000000682000000, 0x0000000682000000|100%| O|  |TAMS 0x0000000682000000, 0x0000000680000000| Untracked 
| 193|0x0000000682000000, 0x0000000684000000, 0x0000000684000000|100%| O|  |TAMS 0x0000000684000000, 0x0000000682000000| Untracked 
| 194|0x0000000684000000, 0x0000000686000000, 0x0000000686000000|100%| O|  |TAMS 0x0000000686000000, 0x0000000684000000| Untracked 
| 195|0x0000000686000000, 0x0000000688000000, 0x0000000688000000|100%| O|  |TAMS 0x0000000688000000, 0x0000000686000000| Untracked 
| 196|0x0000000688000000, 0x000000068a000000, 0x000000068a000000|100%| O|  |TAMS 0x000000068a000000, 0x0000000688000000| Untracked 
| 197|0x000000068a000000, 0x000000068c000000, 0x000000068c000000|100%| O|  |TAMS 0x000000068c000000, 0x000000068a000000| Untracked 
| 198|0x000000068c000000, 0x000000068e000000, 0x000000068e000000|100%| O|  |TAMS 0x000000068e000000, 0x000000068c000000| Untracked 
| 199|0x000000068e000000, 0x0000000690000000, 0x0000000690000000|100%| O|  |TAMS 0x0000000690000000, 0x000000068e000000| Untracked 
| 200|0x0000000690000000, 0x0000000692000000, 0x0000000692000000|100%| O|  |TAMS 0x0000000692000000, 0x0000000690000000| Untracked 
| 201|0x0000000692000000, 0x0000000694000000, 0x0000000694000000|100%| O|  |TAMS 0x0000000694000000, 0x0000000692000000| Untracked 
| 202|0x0000000694000000, 0x0000000694000000, 0x0000000696000000|  0%| F|  |TAMS 0x0000000694000000, 0x0000000694000000| Untracked 
| 203|0x0000000696000000, 0x0000000696000000, 0x0000000698000000|  0%| F|  |TAMS 0x0000000696000000, 0x0000000696000000| Untracked 
| 204|0x0000000698000000, 0x0000000698000000, 0x000000069a000000|  0%| F|  |TAMS 0x0000000698000000, 0x0000000698000000| Untracked 
| 205|0x000000069a000000, 0x000000069a000000, 0x000000069c000000|  0%| F|  |TAMS 0x000000069a000000, 0x000000069a000000| Untracked 
| 206|0x000000069c000000, 0x000000069c000000, 0x000000069e000000|  0%| F|  |TAMS 0x000000069c000000, 0x000000069c000000| Untracked 
| 207|0x000000069e000000, 0x000000069e000000, 0x00000006a0000000|  0%| F|  |TAMS 0x000000069e000000, 0x000000069e000000| Untracked 
| 208|0x00000006a0000000, 0x00000006a0000000, 0x00000006a2000000|  0%| F|  |TAMS 0x00000006a0000000, 0x00000006a0000000| Untracked 
| 209|0x00000006a2000000, 0x00000006a2000000, 0x00000006a4000000|  0%| F|  |TAMS 0x00000006a2000000, 0x00000006a2000000| Untracked 
| 210|0x00000006a4000000, 0x00000006a4000000, 0x00000006a6000000|  0%| F|  |TAMS 0x00000006a4000000, 0x00000006a4000000| Untracked 
| 211|0x00000006a6000000, 0x00000006a6000000, 0x00000006a8000000|  0%| F|  |TAMS 0x00000006a6000000, 0x00000006a6000000| Untracked 
| 212|0x00000006a8000000, 0x00000006a8000000, 0x00000006aa000000|  0%| F|  |TAMS 0x00000006a8000000, 0x00000006a8000000| Untracked 
| 213|0x00000006aa000000, 0x00000006aa000000, 0x00000006ac000000|  0%| F|  |TAMS 0x00000006aa000000, 0x00000006aa000000| Untracked 
| 214|0x00000006ac000000, 0x00000006ac000000, 0x00000006ae000000|  0%| F|  |TAMS 0x00000006ac000000, 0x00000006ac000000| Untracked 
| 215|0x00000006ae000000, 0x00000006ae000000, 0x00000006b0000000|  0%| F|  |TAMS 0x00000006ae000000, 0x00000006ae000000| Untracked 
| 216|0x00000006b0000000, 0x00000006b0000000, 0x00000006b2000000|  0%| F|  |TAMS 0x00000006b0000000, 0x00000006b0000000| Untracked 
| 217|0x00000006b2000000, 0x00000006b2000000, 0x00000006b4000000|  0%| F|  |TAMS 0x00000006b2000000, 0x00000006b2000000| Untracked 
| 218|0x00000006b4000000, 0x00000006b4000000, 0x00000006b6000000|  0%| F|  |TAMS 0x00000006b4000000, 0x00000006b4000000| Untracked 
| 219|0x00000006b6000000, 0x00000006b6000000, 0x00000006b8000000|  0%| F|  |TAMS 0x00000006b6000000, 0x00000006b6000000| Untracked 
| 220|0x00000006b8000000, 0x00000006b8000000, 0x00000006ba000000|  0%| F|  |TAMS 0x00000006b8000000, 0x00000006b8000000| Untracked 
| 221|0x00000006ba000000, 0x00000006ba000000, 0x00000006bc000000|  0%| F|  |TAMS 0x00000006ba000000, 0x00000006ba000000| Untracked 
| 222|0x00000006bc000000, 0x00000006bc000000, 0x00000006be000000|  0%| F|  |TAMS 0x00000006bc000000, 0x00000006bc000000| Untracked 
| 223|0x00000006be000000, 0x00000006be000000, 0x00000006c0000000|  0%| F|  |TAMS 0x00000006be000000, 0x00000006be000000| Untracked 
| 224|0x00000006c0000000, 0x00000006c0000000, 0x00000006c2000000|  0%| F|  |TAMS 0x00000006c0000000, 0x00000006c0000000| Untracked 
| 225|0x00000006c2000000, 0x00000006c2000000, 0x00000006c4000000|  0%| F|  |TAMS 0x00000006c2000000, 0x00000006c2000000| Untracked 
| 226|0x00000006c4000000, 0x00000006c4000000, 0x00000006c6000000|  0%| F|  |TAMS 0x00000006c4000000, 0x00000006c4000000| Untracked 
| 227|0x00000006c6000000, 0x00000006c6000000, 0x00000006c8000000|  0%| F|  |TAMS 0x00000006c6000000, 0x00000006c6000000| Untracked 
| 228|0x00000006c8000000, 0x00000006c8000000, 0x00000006ca000000|  0%| F|  |TAMS 0x00000006c8000000, 0x00000006c8000000| Untracked 
| 229|0x00000006ca000000, 0x00000006ca000000, 0x00000006cc000000|  0%| F|  |TAMS 0x00000006ca000000, 0x00000006ca000000| Untracked 
| 230|0x00000006cc000000, 0x00000006cc000000, 0x00000006ce000000|  0%| F|  |TAMS 0x00000006cc000000, 0x00000006cc000000| Untracked 
| 231|0x00000006ce000000, 0x00000006ce000000, 0x00000006d0000000|  0%| F|  |TAMS 0x00000006ce000000, 0x00000006ce000000| Untracked 
| 232|0x00000006d0000000, 0x00000006d0000000, 0x00000006d2000000|  0%| F|  |TAMS 0x00000006d0000000, 0x00000006d0000000| Untracked 
| 233|0x00000006d2000000, 0x00000006d2000000, 0x00000006d4000000|  0%| F|  |TAMS 0x00000006d2000000, 0x00000006d2000000| Untracked 
| 234|0x00000006d4000000, 0x00000006d4000000, 0x00000006d6000000|  0%| F|  |TAMS 0x00000006d4000000, 0x00000006d4000000| Untracked 
| 235|0x00000006d6000000, 0x00000006d6000000, 0x00000006d8000000|  0%| F|  |TAMS 0x00000006d6000000, 0x00000006d6000000| Untracked 
| 236|0x00000006d8000000, 0x00000006d8000000, 0x00000006da000000|  0%| F|  |TAMS 0x00000006d8000000, 0x00000006d8000000| Untracked 
| 237|0x00000006da000000, 0x00000006da000000, 0x00000006dc000000|  0%| F|  |TAMS 0x00000006da000000, 0x00000006da000000| Untracked 
| 238|0x00000006dc000000, 0x00000006dc000000, 0x00000006de000000|  0%| F|  |TAMS 0x00000006dc000000, 0x00000006dc000000| Untracked 
| 239|0x00000006de000000, 0x00000006de000000, 0x00000006e0000000|  0%| F|  |TAMS 0x00000006de000000, 0x00000006de000000| Untracked 
| 240|0x00000006e0000000, 0x00000006e0000000, 0x00000006e2000000|  0%| F|  |TAMS 0x00000006e0000000, 0x00000006e0000000| Untracked 
| 241|0x00000006e2000000, 0x00000006e2000000, 0x00000006e4000000|  0%| F|  |TAMS 0x00000006e2000000, 0x00000006e2000000| Untracked 
| 242|0x00000006e4000000, 0x00000006e4000000, 0x00000006e6000000|  0%| F|  |TAMS 0x00000006e4000000, 0x00000006e4000000| Untracked 
| 243|0x00000006e6000000, 0x00000006e6000000, 0x00000006e8000000|  0%| F|  |TAMS 0x00000006e6000000, 0x00000006e6000000| Untracked 
| 244|0x00000006e8000000, 0x00000006e8000000, 0x00000006ea000000|  0%| F|  |TAMS 0x00000006e8000000, 0x00000006e8000000| Untracked 
| 245|0x00000006ea000000, 0x00000006ea000000, 0x00000006ec000000|  0%| F|  |TAMS 0x00000006ea000000, 0x00000006ea000000| Untracked 
| 246|0x00000006ec000000, 0x00000006ec000000, 0x00000006ee000000|  0%| F|  |TAMS 0x00000006ec000000, 0x00000006ec000000| Untracked 
| 247|0x00000006ee000000, 0x00000006ee000000, 0x00000006f0000000|  0%| F|  |TAMS 0x00000006ee000000, 0x00000006ee000000| Untracked 
| 248|0x00000006f0000000, 0x00000006f0000000, 0x00000006f2000000|  0%| F|  |TAMS 0x00000006f0000000, 0x00000006f0000000| Untracked 
| 249|0x00000006f2000000, 0x00000006f2000000, 0x00000006f4000000|  0%| F|  |TAMS 0x00000006f2000000, 0x00000006f2000000| Untracked 
| 250|0x00000006f4000000, 0x00000006f4000000, 0x00000006f6000000|  0%| F|  |TAMS 0x00000006f4000000, 0x00000006f4000000| Untracked 
| 251|0x00000006f6000000, 0x00000006f6000000, 0x00000006f8000000|  0%| F|  |TAMS 0x00000006f6000000, 0x00000006f6000000| Untracked 
| 252|0x00000006f8000000, 0x00000006f8000000, 0x00000006fa000000|  0%| F|  |TAMS 0x00000006f8000000, 0x00000006f8000000| Untracked 
| 253|0x00000006fa000000, 0x00000006fa000000, 0x00000006fc000000|  0%| F|  |TAMS 0x00000006fa000000, 0x00000006fa000000| Untracked 
| 254|0x00000006fc000000, 0x00000006fc000000, 0x00000006fe000000|  0%| F|  |TAMS 0x00000006fc000000, 0x00000006fc000000| Untracked 
| 255|0x00000006fe000000, 0x00000006fe000000, 0x0000000700000000|  0%| F|  |TAMS 0x00000006fe000000, 0x00000006fe000000| Untracked 
| 256|0x0000000700000000, 0x0000000700000000, 0x0000000702000000|  0%| F|  |TAMS 0x0000000700000000, 0x0000000700000000| Untracked 
| 257|0x0000000702000000, 0x0000000702000000, 0x0000000704000000|  0%| F|  |TAMS 0x0000000702000000, 0x0000000702000000| Untracked 
| 258|0x0000000704000000, 0x0000000704000000, 0x0000000706000000|  0%| F|  |TAMS 0x0000000704000000, 0x0000000704000000| Untracked 
| 259|0x0000000706000000, 0x0000000706000000, 0x0000000708000000|  0%| F|  |TAMS 0x0000000706000000, 0x0000000706000000| Untracked 
| 260|0x0000000708000000, 0x0000000708000000, 0x000000070a000000|  0%| F|  |TAMS 0x0000000708000000, 0x0000000708000000| Untracked 
| 261|0x000000070a000000, 0x000000070a000000, 0x000000070c000000|  0%| F|  |TAMS 0x000000070a000000, 0x000000070a000000| Untracked 
| 262|0x000000070c000000, 0x000000070c000000, 0x000000070e000000|  0%| F|  |TAMS 0x000000070c000000, 0x000000070c000000| Untracked 
| 263|0x000000070e000000, 0x000000070e000000, 0x0000000710000000|  0%| F|  |TAMS 0x000000070e000000, 0x000000070e000000| Untracked 
| 264|0x0000000710000000, 0x0000000710000000, 0x0000000712000000|  0%| F|  |TAMS 0x0000000710000000, 0x0000000710000000| Untracked 
| 265|0x0000000712000000, 0x0000000712000000, 0x0000000714000000|  0%| F|  |TAMS 0x0000000712000000, 0x0000000712000000| Untracked 
| 266|0x0000000714000000, 0x0000000714000000, 0x0000000716000000|  0%| F|  |TAMS 0x0000000714000000, 0x0000000714000000| Untracked 
| 267|0x0000000716000000, 0x0000000716000000, 0x0000000718000000|  0%| F|  |TAMS 0x0000000716000000, 0x0000000716000000| Untracked 
| 268|0x0000000718000000, 0x0000000718000000, 0x000000071a000000|  0%| F|  |TAMS 0x0000000718000000, 0x0000000718000000| Untracked 
| 269|0x000000071a000000, 0x000000071a000000, 0x000000071c000000|  0%| F|  |TAMS 0x000000071a000000, 0x000000071a000000| Untracked 
| 270|0x000000071c000000, 0x000000071c000000, 0x000000071e000000|  0%| F|  |TAMS 0x000000071c000000, 0x000000071c000000| Untracked 
| 271|0x000000071e000000, 0x000000071e000000, 0x0000000720000000|  0%| F|  |TAMS 0x000000071e000000, 0x000000071e000000| Untracked 
| 272|0x0000000720000000, 0x0000000720000000, 0x0000000722000000|  0%| F|  |TAMS 0x0000000720000000, 0x0000000720000000| Untracked 
| 273|0x0000000722000000, 0x0000000722000000, 0x0000000724000000|  0%| F|  |TAMS 0x0000000722000000, 0x0000000722000000| Untracked 
| 274|0x0000000724000000, 0x0000000724000000, 0x0000000726000000|  0%| F|  |TAMS 0x0000000724000000, 0x0000000724000000| Untracked 
| 275|0x0000000726000000, 0x0000000726000000, 0x0000000728000000|  0%| F|  |TAMS 0x0000000726000000, 0x0000000726000000| Untracked 
| 276|0x0000000728000000, 0x0000000728000000, 0x000000072a000000|  0%| F|  |TAMS 0x0000000728000000, 0x0000000728000000| Untracked 
| 277|0x000000072a000000, 0x000000072a000000, 0x000000072c000000|  0%| F|  |TAMS 0x000000072a000000, 0x000000072a000000| Untracked 
| 278|0x000000072c000000, 0x000000072c000000, 0x000000072e000000|  0%| F|  |TAMS 0x000000072c000000, 0x000000072c000000| Untracked 
| 279|0x000000072e000000, 0x000000072e000000, 0x0000000730000000|  0%| F|  |TAMS 0x000000072e000000, 0x000000072e000000| Untracked 
| 280|0x0000000730000000, 0x0000000730000000, 0x0000000732000000|  0%| F|  |TAMS 0x0000000730000000, 0x0000000730000000| Untracked 
| 281|0x0000000732000000, 0x0000000732000000, 0x0000000734000000|  0%| F|  |TAMS 0x0000000732000000, 0x0000000732000000| Untracked 
| 282|0x0000000734000000, 0x0000000734000000, 0x0000000736000000|  0%| F|  |TAMS 0x0000000734000000, 0x0000000734000000| Untracked 
| 283|0x0000000736000000, 0x0000000736000000, 0x0000000738000000|  0%| F|  |TAMS 0x0000000736000000, 0x0000000736000000| Untracked 
| 284|0x0000000738000000, 0x0000000738000000, 0x000000073a000000|  0%| F|  |TAMS 0x0000000738000000, 0x0000000738000000| Untracked 
| 285|0x000000073a000000, 0x000000073a000000, 0x000000073c000000|  0%| F|  |TAMS 0x000000073a000000, 0x000000073a000000| Untracked 
| 286|0x000000073c000000, 0x000000073c000000, 0x000000073e000000|  0%| F|  |TAMS 0x000000073c000000, 0x000000073c000000| Untracked 
| 287|0x000000073e000000, 0x000000073e000000, 0x0000000740000000|  0%| F|  |TAMS 0x000000073e000000, 0x000000073e000000| Untracked 
| 288|0x0000000740000000, 0x0000000740000000, 0x0000000742000000|  0%| F|  |TAMS 0x0000000740000000, 0x0000000740000000| Untracked 
| 289|0x0000000742000000, 0x0000000742000000, 0x0000000744000000|  0%| F|  |TAMS 0x0000000742000000, 0x0000000742000000| Untracked 
| 290|0x0000000744000000, 0x00000007441cb4b0, 0x0000000746000000|  5%| E|  |TAMS 0x0000000744000000, 0x0000000744000000| Complete 
| 291|0x0000000746000000, 0x0000000748000000, 0x0000000748000000|100%| E|CS|TAMS 0x0000000746000000, 0x0000000746000000| Complete 
| 292|0x0000000748000000, 0x000000074a000000, 0x000000074a000000|100%| E|CS|TAMS 0x0000000748000000, 0x0000000748000000| Complete 
| 293|0x000000074a000000, 0x000000074c000000, 0x000000074c000000|100%| E|CS|TAMS 0x000000074a000000, 0x000000074a000000| Complete 
| 294|0x000000074c000000, 0x000000074e000000, 0x000000074e000000|100%| E|CS|TAMS 0x000000074c000000, 0x000000074c000000| Complete 
| 295|0x000000074e000000, 0x0000000750000000, 0x0000000750000000|100%| E|CS|TAMS 0x000000074e000000, 0x000000074e000000| Complete 
| 296|0x0000000750000000, 0x0000000752000000, 0x0000000752000000|100%| E|CS|TAMS 0x0000000750000000, 0x0000000750000000| Complete 
| 297|0x0000000752000000, 0x0000000754000000, 0x0000000754000000|100%| E|CS|TAMS 0x0000000752000000, 0x0000000752000000| Complete 
| 298|0x0000000754000000, 0x0000000756000000, 0x0000000756000000|100%| E|CS|TAMS 0x0000000754000000, 0x0000000754000000| Complete 
| 299|0x0000000756000000, 0x0000000758000000, 0x0000000758000000|100%| E|CS|TAMS 0x0000000756000000, 0x0000000756000000| Complete 
| 300|0x0000000758000000, 0x000000075a000000, 0x000000075a000000|100%| E|CS|TAMS 0x0000000758000000, 0x0000000758000000| Complete 
| 301|0x000000075a000000, 0x000000075c000000, 0x000000075c000000|100%| E|CS|TAMS 0x000000075a000000, 0x000000075a000000| Complete 
| 302|0x000000075c000000, 0x000000075e000000, 0x000000075e000000|100%| E|CS|TAMS 0x000000075c000000, 0x000000075c000000| Complete 
| 303|0x000000075e000000, 0x0000000760000000, 0x0000000760000000|100%| E|CS|TAMS 0x000000075e000000, 0x000000075e000000| Complete 
| 304|0x0000000760000000, 0x0000000762000000, 0x0000000762000000|100%| E|CS|TAMS 0x0000000760000000, 0x0000000760000000| Complete 
| 305|0x0000000762000000, 0x0000000764000000, 0x0000000764000000|100%| E|CS|TAMS 0x0000000762000000, 0x0000000762000000| Complete 
| 306|0x0000000764000000, 0x0000000766000000, 0x0000000766000000|100%| E|CS|TAMS 0x0000000764000000, 0x0000000764000000| Complete 
| 307|0x0000000766000000, 0x0000000768000000, 0x0000000768000000|100%| E|CS|TAMS 0x0000000766000000, 0x0000000766000000| Complete 
| 308|0x0000000768000000, 0x0000000768229730, 0x000000076a000000|  6%| S|CS|TAMS 0x0000000768000000, 0x0000000768000000| Complete 
| 309|0x000000076a000000, 0x000000076c000000, 0x000000076c000000|100%| S|CS|TAMS 0x000000076a000000, 0x000000076a000000| Complete 
| 310|0x000000076c000000, 0x000000076e000000, 0x000000076e000000|100%| S|CS|TAMS 0x000000076c000000, 0x000000076c000000| Complete 
| 311|0x000000076e000000, 0x0000000770000000, 0x0000000770000000|100%| E|CS|TAMS 0x000000076e000000, 0x000000076e000000| Complete 
| 312|0x0000000770000000, 0x0000000772000000, 0x0000000772000000|100%| E|CS|TAMS 0x0000000770000000, 0x0000000770000000| Complete 
| 313|0x0000000772000000, 0x0000000774000000, 0x0000000774000000|100%| E|CS|TAMS 0x0000000772000000, 0x0000000772000000| Complete 
| 314|0x0000000774000000, 0x0000000776000000, 0x0000000776000000|100%| E|CS|TAMS 0x0000000774000000, 0x0000000774000000| Complete 
| 315|0x0000000776000000, 0x0000000778000000, 0x0000000778000000|100%| E|CS|TAMS 0x0000000776000000, 0x0000000776000000| Complete 
| 316|0x0000000778000000, 0x000000077a000000, 0x000000077a000000|100%| E|CS|TAMS 0x0000000778000000, 0x0000000778000000| Complete 
| 317|0x000000077a000000, 0x000000077c000000, 0x000000077c000000|100%| E|CS|TAMS 0x000000077a000000, 0x000000077a000000| Complete 
| 318|0x000000077c000000, 0x000000077e000000, 0x000000077e000000|100%| E|CS|TAMS 0x000000077c000000, 0x000000077c000000| Complete 
| 319|0x000000077e000000, 0x0000000780000000, 0x0000000780000000|100%| E|CS|TAMS 0x000000077e000000, 0x000000077e000000| Complete 
| 320|0x0000000780000000, 0x0000000782000000, 0x0000000782000000|100%| E|CS|TAMS 0x0000000780000000, 0x0000000780000000| Complete 
| 321|0x0000000782000000, 0x0000000784000000, 0x0000000784000000|100%| E|CS|TAMS 0x0000000782000000, 0x0000000782000000| Complete 
| 322|0x0000000784000000, 0x0000000786000000, 0x0000000786000000|100%| E|CS|TAMS 0x0000000784000000, 0x0000000784000000| Complete 
| 323|0x0000000786000000, 0x0000000788000000, 0x0000000788000000|100%| E|CS|TAMS 0x0000000786000000, 0x0000000786000000| Complete 
| 324|0x0000000788000000, 0x000000078a000000, 0x000000078a000000|100%| E|CS|TAMS 0x0000000788000000, 0x0000000788000000| Complete 
| 325|0x000000078a000000, 0x000000078c000000, 0x000000078c000000|100%| E|CS|TAMS 0x000000078a000000, 0x000000078a000000| Complete 
| 326|0x000000078c000000, 0x000000078e000000, 0x000000078e000000|100%| E|CS|TAMS 0x000000078c000000, 0x000000078c000000| Complete 
| 327|0x000000078e000000, 0x0000000790000000, 0x0000000790000000|100%| E|CS|TAMS 0x000000078e000000, 0x000000078e000000| Complete 
| 328|0x0000000790000000, 0x0000000792000000, 0x0000000792000000|100%| E|CS|TAMS 0x0000000790000000, 0x0000000790000000| Complete 
| 329|0x0000000792000000, 0x0000000794000000, 0x0000000794000000|100%| E|CS|TAMS 0x0000000792000000, 0x0000000792000000| Complete 
| 330|0x0000000794000000, 0x0000000796000000, 0x0000000796000000|100%| E|CS|TAMS 0x0000000794000000, 0x0000000794000000| Complete 
| 331|0x0000000796000000, 0x0000000798000000, 0x0000000798000000|100%| E|CS|TAMS 0x0000000796000000, 0x0000000796000000| Complete 
| 332|0x0000000798000000, 0x000000079a000000, 0x000000079a000000|100%| E|CS|TAMS 0x0000000798000000, 0x0000000798000000| Complete 
| 333|0x000000079a000000, 0x000000079c000000, 0x000000079c000000|100%| E|CS|TAMS 0x000000079a000000, 0x000000079a000000| Complete 
| 334|0x000000079c000000, 0x000000079e000000, 0x000000079e000000|100%| E|CS|TAMS 0x000000079c000000, 0x000000079c000000| Complete 
| 335|0x000000079e000000, 0x00000007a0000000, 0x00000007a0000000|100%| E|CS|TAMS 0x000000079e000000, 0x000000079e000000| Complete 
| 336|0x00000007a0000000, 0x00000007a2000000, 0x00000007a2000000|100%| E|CS|TAMS 0x00000007a0000000, 0x00000007a0000000| Complete 
| 337|0x00000007a2000000, 0x00000007a4000000, 0x00000007a4000000|100%| E|CS|TAMS 0x00000007a2000000, 0x00000007a2000000| Complete 
| 338|0x00000007a4000000, 0x00000007a6000000, 0x00000007a6000000|100%| E|CS|TAMS 0x00000007a4000000, 0x00000007a4000000| Complete 
| 339|0x00000007a6000000, 0x00000007a8000000, 0x00000007a8000000|100%| E|CS|TAMS 0x00000007a6000000, 0x00000007a6000000| Complete 
| 340|0x00000007a8000000, 0x00000007aa000000, 0x00000007aa000000|100%| E|CS|TAMS 0x00000007a8000000, 0x00000007a8000000| Complete 
| 341|0x00000007aa000000, 0x00000007ac000000, 0x00000007ac000000|100%| E|CS|TAMS 0x00000007aa000000, 0x00000007aa000000| Complete 
| 342|0x00000007ac000000, 0x00000007ae000000, 0x00000007ae000000|100%| E|CS|TAMS 0x00000007ac000000, 0x00000007ac000000| Complete 
| 343|0x00000007ae000000, 0x00000007b0000000, 0x00000007b0000000|100%| E|CS|TAMS 0x00000007ae000000, 0x00000007ae000000| Complete 
| 344|0x00000007b0000000, 0x00000007b2000000, 0x00000007b2000000|100%| E|CS|TAMS 0x00000007b0000000, 0x00000007b0000000| Complete 
| 345|0x00000007b2000000, 0x00000007b4000000, 0x00000007b4000000|100%| E|CS|TAMS 0x00000007b2000000, 0x00000007b2000000| Complete 
| 346|0x00000007b4000000, 0x00000007b6000000, 0x00000007b6000000|100%| E|CS|TAMS 0x00000007b4000000, 0x00000007b4000000| Complete 
| 347|0x00000007b6000000, 0x00000007b8000000, 0x00000007b8000000|100%| E|CS|TAMS 0x00000007b6000000, 0x00000007b6000000| Complete 
| 348|0x00000007b8000000, 0x00000007ba000000, 0x00000007ba000000|100%| E|CS|TAMS 0x00000007b8000000, 0x00000007b8000000| Complete 
| 349|0x00000007ba000000, 0x00000007bc000000, 0x00000007bc000000|100%| E|CS|TAMS 0x00000007ba000000, 0x00000007ba000000| Complete 
| 350|0x00000007bc000000, 0x00000007be000000, 0x00000007be000000|100%| E|CS|TAMS 0x00000007bc000000, 0x00000007bc000000| Complete 
| 351|0x00000007be000000, 0x00000007c0000000, 0x00000007c0000000|100%| E|CS|TAMS 0x00000007be000000, 0x00000007be000000| Complete 
| 352|0x00000007c0000000, 0x00000007c2000000, 0x00000007c2000000|100%| E|CS|TAMS 0x00000007c0000000, 0x00000007c0000000| Complete 
| 353|0x00000007c2000000, 0x00000007c4000000, 0x00000007c4000000|100%| E|CS|TAMS 0x00000007c2000000, 0x00000007c2000000| Complete 
| 354|0x00000007c4000000, 0x00000007c6000000, 0x00000007c6000000|100%| E|CS|TAMS 0x00000007c4000000, 0x00000007c4000000| Complete 
| 355|0x00000007c6000000, 0x00000007c8000000, 0x00000007c8000000|100%| E|CS|TAMS 0x00000007c6000000, 0x00000007c6000000| Complete 
| 356|0x00000007c8000000, 0x00000007ca000000, 0x00000007ca000000|100%| E|CS|TAMS 0x00000007c8000000, 0x00000007c8000000| Complete 
| 357|0x00000007ca000000, 0x00000007cc000000, 0x00000007cc000000|100%| E|CS|TAMS 0x00000007ca000000, 0x00000007ca000000| Complete 
| 358|0x00000007cc000000, 0x00000007ce000000, 0x00000007ce000000|100%| E|CS|TAMS 0x00000007cc000000, 0x00000007cc000000| Complete 
| 359|0x00000007ce000000, 0x00000007d0000000, 0x00000007d0000000|100%| E|CS|TAMS 0x00000007ce000000, 0x00000007ce000000| Complete 
| 360|0x00000007d0000000, 0x00000007d2000000, 0x00000007d2000000|100%| E|CS|TAMS 0x00000007d0000000, 0x00000007d0000000| Complete 
| 361|0x00000007d2000000, 0x00000007d4000000, 0x00000007d4000000|100%| E|CS|TAMS 0x00000007d2000000, 0x00000007d2000000| Complete 
| 362|0x00000007d4000000, 0x00000007d6000000, 0x00000007d6000000|100%| E|CS|TAMS 0x00000007d4000000, 0x00000007d4000000| Complete 
| 363|0x00000007d6000000, 0x00000007d8000000, 0x00000007d8000000|100%| E|CS|TAMS 0x00000007d6000000, 0x00000007d6000000| Complete 
| 364|0x00000007d8000000, 0x00000007da000000, 0x00000007da000000|100%| E|CS|TAMS 0x00000007d8000000, 0x00000007d8000000| Complete 
| 365|0x00000007da000000, 0x00000007dc000000, 0x00000007dc000000|100%| E|CS|TAMS 0x00000007da000000, 0x00000007da000000| Complete 
| 366|0x00000007dc000000, 0x00000007de000000, 0x00000007de000000|100%| E|CS|TAMS 0x00000007dc000000, 0x00000007dc000000| Complete 
| 367|0x00000007de000000, 0x00000007e0000000, 0x00000007e0000000|100%| E|CS|TAMS 0x00000007de000000, 0x00000007de000000| Complete 
| 368|0x00000007e0000000, 0x00000007e2000000, 0x00000007e2000000|100%| E|CS|TAMS 0x00000007e0000000, 0x00000007e0000000| Complete 
| 369|0x00000007e2000000, 0x00000007e4000000, 0x00000007e4000000|100%| E|CS|TAMS 0x00000007e2000000, 0x00000007e2000000| Complete 
| 370|0x00000007e4000000, 0x00000007e6000000, 0x00000007e6000000|100%| E|CS|TAMS 0x00000007e4000000, 0x00000007e4000000| Complete 
| 371|0x00000007e6000000, 0x00000007e8000000, 0x00000007e8000000|100%| E|CS|TAMS 0x00000007e6000000, 0x00000007e6000000| Complete 
| 372|0x00000007e8000000, 0x00000007ea000000, 0x00000007ea000000|100%| E|CS|TAMS 0x00000007e8000000, 0x00000007e8000000| Complete 
| 373|0x00000007ea000000, 0x00000007ec000000, 0x00000007ec000000|100%| E|CS|TAMS 0x00000007ea000000, 0x00000007ea000000| Complete 
| 374|0x00000007ec000000, 0x00000007ee000000, 0x00000007ee000000|100%| E|CS|TAMS 0x00000007ec000000, 0x00000007ec000000| Complete 
| 375|0x00000007ee000000, 0x00000007f0000000, 0x00000007f0000000|100%| E|CS|TAMS 0x00000007ee000000, 0x00000007ee000000| Complete 
| 376|0x00000007f0000000, 0x00000007f2000000, 0x00000007f2000000|100%| E|CS|TAMS 0x00000007f0000000, 0x00000007f0000000| Complete 
| 377|0x00000007f2000000, 0x00000007f4000000, 0x00000007f4000000|100%| E|CS|TAMS 0x00000007f2000000, 0x00000007f2000000| Complete 
| 378|0x00000007f4000000, 0x00000007f6000000, 0x00000007f6000000|100%| E|CS|TAMS 0x00000007f4000000, 0x00000007f4000000| Complete 
| 379|0x00000007f6000000, 0x00000007f8000000, 0x00000007f8000000|100%| E|CS|TAMS 0x00000007f6000000, 0x00000007f6000000| Complete 
| 380|0x00000007f8000000, 0x00000007fa000000, 0x00000007fa000000|100%| E|CS|TAMS 0x00000007f8000000, 0x00000007f8000000| Complete 
| 381|0x00000007fa000000, 0x00000007fc000000, 0x00000007fc000000|100%| E|CS|TAMS 0x00000007fa000000, 0x00000007fa000000| Complete 
| 382|0x00000007fc000000, 0x00000007fe000000, 0x00000007fe000000|100%| E|CS|TAMS 0x00000007fc000000, 0x00000007fc000000| Complete 
| 383|0x00000007fe000000, 0x0000000800000000, 0x0000000800000000|100%| E|CS|TAMS 0x00000007fe000000, 0x00000007fe000000| Complete 

Card table byte_map: [0x000000011cf38000,0x000000011e738000] _byte_map_base: 0x000000011a738000

Marking Bits (Prev, Next): (CMBitMap*) 0x000000010f013810, (CMBitMap*) 0x000000010f013850
 Prev Bits: [0x0000000148000000, 0x0000000154000000)
 Next Bits: [0x0000000154000000, 0x0000000160000000)

Polling page: 0x0000000104f9c000

Metaspace:

Usage:
  Non-class:    588.14 MB used.
      Class:    163.27 MB used.
       Both:    751.41 MB used.

Virtual space:
  Non-class space:      640.00 MB reserved,     590.81 MB ( 92%) committed,  10 nodes.
      Class space:        1.00 GB reserved,     165.50 MB ( 16%) committed,  1 nodes.
             Both:        1.62 GB reserved,     756.31 MB ( 45%) committed. 

Chunk freelists:
   Non-Class:  288.00 KB
       Class:  10.48 MB
        Both:  10.77 MB

MaxMetaspaceSize: unlimited
CompressedClassSpaceSize: 1.00 GB
Initial GC threshold: 21.00 MB
Current GC threshold: 1.23 GB
CDS: off
MetaspaceReclaimPolicy: balanced
 - commit_granule_bytes: 65536.
 - commit_granule_words: 8192.
 - virtual_space_node_default_size: 8388608.
 - enlarge_chunks_in_place: 1.
 - new_chunks_are_fully_committed: 0.
 - uncommit_free_chunks: 1.
 - use_allocation_guard: 0.
 - handle_deallocations: 1.


Internal statistics:

num_allocs_failed_limit: 756.
num_arena_births: 8502.
num_arena_deaths: 270.
num_vsnodes_births: 11.
num_vsnodes_deaths: 0.
num_space_committed: 12084.
num_space_uncommitted: 0.
num_chunks_returned_to_freelist: 1088.
num_chunks_taken_from_freelist: 40251.
num_chunk_merges: 872.
num_chunk_splits: 29156.
num_chunks_enlarged: 21453.
num_inconsistent_stats: 0.

CodeHeap 'non-profiled nmethods': size=120032Kb used=118285Kb max_used=120031Kb free=1746Kb
 bounds [0x0000000138ac8000, 0x0000000140000000, 0x0000000140000000]
CodeHeap 'profiled nmethods': size=120016Kb used=98943Kb max_used=108912Kb free=21072Kb
 bounds [0x0000000131000000, 0x0000000137f60000, 0x0000000138534000]
CodeHeap 'non-nmethods': size=5712Kb used=4308Kb max_used=4673Kb free=1403Kb
 bounds [0x0000000138534000, 0x00000001389e4000, 0x0000000138ac8000]
 total_blobs=45820 nmethods=41452 adapters=4271
 compilation: enabled
              stopped_count=0, restarted_count=0
 full_count=0

Compilation events (20 events):
Event: 4405.249 Thread 0x0000000130171600 2041180       4       java.util.HashMap::newNode (13 bytes)
Event: 4405.249 Thread 0x0000000130078800 2041181       4       java.util.HashMap::afterNodeInsertion (1 bytes)
Event: 4405.249 Thread 0x0000000130078800 nmethod 2041181 0x0000000138e2a690 code [0x0000000138e2a840, 0x0000000138e2a8e0]
Event: 4405.249 Thread 0x0000000130171600 nmethod 2041180 0x0000000138c15e90 code [0x0000000138c16040, 0x0000000138c16170]
Event: 4405.271 Thread 0x000000012e1e3c00 2041183       4       com.github.alexthe666.citadel.client.shader.PostEffectRegistry::clearAndBindWrite (66 bytes)
Event: 4405.277 Thread 0x000000012e1e3c00 nmethod 2041183 0x0000000138ea6610 code [0x0000000138ea6840, 0x0000000138ea6fe0]
Event: 4405.281 Thread 0x0000000130078800 2041184       4       net.threetag.palladium.compat.curios.forge.CuriosCompat$$Lambda$82141/0x000000080a0b75a8::accept (20 bytes)
Event: 4405.287 Thread 0x0000000130078800 nmethod 2041184 0x0000000138b9f890 code [0x0000000138b9fcc0, 0x0000000138ba0b30]
Event: 4405.303 Thread 0x000000012e1e3c00 2041185       4       wayoftime.bloodmagic.core.living.LivingUtil::hasFullSet (95 bytes)
Event: 4405.305 Thread 0x0000000130078800 2041186       4       java.util.stream.Sink$ChainedReference::begin (11 bytes)
Event: 4405.305 Thread 0x0000000130078800 nmethod 2041186 0x0000000138e7a290 code [0x0000000138e7a440, 0x0000000138e7a4e0]
Event: 4405.306 Thread 0x000000012e1e3c00 nmethod 2041185 0x0000000138c04810 code [0x0000000138c04a80, 0x0000000138c04fd0]
Event: 4405.311 Thread 0x0000000130171600 2041187       4       dev.engine_room.flywheel.backend.engine.uniform.UniformWriter::writeVec3 (39 bytes)
Event: 4405.312 Thread 0x0000000130171600 nmethod 2041187 0x0000000138cb6a10 code [0x0000000138cb6bc0, 0x0000000138cb6ca0]
Event: 4405.313 Thread 0x0000000130078800 2041188       4       net.threetag.palladium.power.ability.AbilityUtil::getEntries (6 bytes)
Event: 4405.313 Thread 0x0000000130078800 nmethod 2041188 0x0000000138ef5d10 code [0x0000000138ef5ec0, 0x0000000138ef5f90]
Event: 4405.313 Thread 0x0000000130171600 2041189       4       net.threetag.palladium.power.ability.AimAbility::getTimer (209 bytes)
Event: 4405.315 Thread 0x0000000130171600 nmethod 2041189 0x0000000138c2c390 code [0x0000000138c2c600, 0x0000000138c2ca80]
Event: 4405.326 Thread 0x0000000130078800 2041190  s    4       me.jellysquid.mods.sodium.client.world.cloned.ClonedChunkSectionCache::acquire (84 bytes)
Event: 4405.327 Thread 0x000000012e1e3c00 2041191       4       me.jellysquid.mods.sodium.client.world.cloned.ClonedChunkSection::copyBlockEntities (165 bytes)

GC Heap History (20 events):
Event: 4370.514 GC heap before
{Heap before GC invocations=2067 (full 0):
 garbage-first heap   total 12582912K, used 9368761K [0x0000000500000000, 0x0000000800000000)
  region size 32768K, 97 young (3178496K), 3 survivors (98304K)
 Metaspace       used 769237K, committed 774272K, reserved 1703936K
  class space    used 167158K, committed 169408K, reserved 1048576K
}
Event: 4370.548 GC heap after
{Heap after GC invocations=2068 (full 0):
 garbage-first heap   total 12582912K, used 6424741K [0x0000000500000000, 0x0000000800000000)
  region size 32768K, 8 young (262144K), 8 survivors (262144K)
 Metaspace       used 769237K, committed 774272K, reserved 1703936K
  class space    used 167158K, committed 169408K, reserved 1048576K
}
Event: 4372.889 GC heap before
{Heap before GC invocations=2068 (full 0):
 garbage-first heap   total 12582912K, used 9341093K [0x0000000500000000, 0x0000000800000000)
  region size 32768K, 97 young (3178496K), 8 survivors (262144K)
 Metaspace       used 769284K, committed 774272K, reserved 1703936K
  class space    used 167164K, committed 169408K, reserved 1048576K
}
Event: 4372.905 GC heap after
{Heap after GC invocations=2069 (full 0):
 garbage-first heap   total 12582912K, used 6437853K [0x0000000500000000, 0x0000000800000000)
  region size 32768K, 6 young (196608K), 6 survivors (196608K)
 Metaspace       used 769284K, committed 774272K, reserved 1703936K
  class space    used 167164K, committed 169408K, reserved 1048576K
}
Event: 4375.373 GC heap before
{Heap before GC invocations=2070 (full 0):
 garbage-first heap   total 12582912K, used 9485277K [0x0000000500000000, 0x0000000800000000)
  region size 32768K, 99 young (3244032K), 6 survivors (196608K)
 Metaspace       used 769344K, committed 774336K, reserved 1703936K
  class space    used 167183K, committed 169472K, reserved 1048576K
}
Event: 4375.387 GC heap after
{Heap after GC invocations=2071 (full 0):
 garbage-first heap   total 12582912K, used 6465102K [0x0000000500000000, 0x0000000800000000)
  region size 32768K, 7 young (229376K), 7 survivors (229376K)
 Metaspace       used 769344K, committed 774336K, reserved 1703936K
  class space    used 167183K, committed 169472K, reserved 1048576K
}
Event: 4377.268 GC heap before
{Heap before GC invocations=2071 (full 0):
 garbage-first heap   total 12582912K, used 8726094K [0x0000000500000000, 0x0000000800000000)
  region size 32768K, 76 young (2490368K), 7 survivors (229376K)
 Metaspace       used 769349K, committed 774336K, reserved 1703936K
  class space    used 167183K, committed 169472K, reserved 1048576K
}
Event: 4377.299 GC heap after
{Heap after GC invocations=2072 (full 0):
 garbage-first heap   total 12582912K, used 5945093K [0x0000000500000000, 0x0000000800000000)
  region size 32768K, 3 young (98304K), 3 survivors (98304K)
 Metaspace       used 769349K, committed 774336K, reserved 1703936K
  class space    used 167183K, committed 169472K, reserved 1048576K
}
Event: 4380.177 GC heap before
{Heap before GC invocations=2072 (full 0):
 garbage-first heap   total 12582912K, used 8337157K [0x0000000500000000, 0x0000000800000000)
  region size 32768K, 76 young (2490368K), 3 survivors (98304K)
 Metaspace       used 769390K, committed 774400K, reserved 1703936K
  class space    used 167184K, committed 169472K, reserved 1048576K
}
Event: 4380.203 GC heap after
{Heap after GC invocations=2073 (full 0):
 garbage-first heap   total 12582912K, used 5794850K [0x0000000500000000, 0x0000000800000000)
  region size 32768K, 3 young (98304K), 3 survivors (98304K)
 Metaspace       used 769390K, committed 774400K, reserved 1703936K
  class space    used 167184K, committed 169472K, reserved 1048576K
}
Event: 4384.864 GC heap before
{Heap before GC invocations=2073 (full 0):
 garbage-first heap   total 12582912K, used 9628706K [0x0000000500000000, 0x0000000800000000)
  region size 32768K, 120 young (3932160K), 3 survivors (98304K)
 Metaspace       used 769399K, committed 774400K, reserved 1703936K
  class space    used 167184K, committed 169472K, reserved 1048576K
}
Event: 4384.873 GC heap after
{Heap after GC invocations=2074 (full 0):
 garbage-first heap   total 12582912K, used 5794415K [0x0000000500000000, 0x0000000800000000)
  region size 32768K, 3 young (98304K), 3 survivors (98304K)
 Metaspace       used 769399K, committed 774400K, reserved 1703936K
  class space    used 167184K, committed 169472K, reserved 1048576K
}
Event: 4389.731 GC heap before
{Heap before GC invocations=2074 (full 0):
 garbage-first heap   total 12582912K, used 9693807K [0x0000000500000000, 0x0000000800000000)
  region size 32768K, 122 young (3997696K), 3 survivors (98304K)
 Metaspace       used 769408K, committed 774400K, reserved 1703936K
  class space    used 167184K, committed 169472K, reserved 1048576K
}
Event: 4389.736 GC heap after
{Heap after GC invocations=2075 (full 0):
 garbage-first heap   total 12582912K, used 5794308K [0x0000000500000000, 0x0000000800000000)
  region size 32768K, 3 young (98304K), 3 survivors (98304K)
 Metaspace       used 769408K, committed 774400K, reserved 1703936K
  class space    used 167184K, committed 169472K, reserved 1048576K
}
Event: 4394.505 GC heap before
{Heap before GC invocations=2075 (full 0):
 garbage-first heap   total 12582912K, used 9759236K [0x0000000500000000, 0x0000000800000000)
  region size 32768K, 124 young (4063232K), 3 survivors (98304K)
 Metaspace       used 769438K, committed 774464K, reserved 1703936K
  class space    used 167192K, committed 169472K, reserved 1048576K
}
Event: 4394.511 GC heap after
{Heap after GC invocations=2076 (full 0):
 garbage-first heap   total 12582912K, used 5794298K [0x0000000500000000, 0x0000000800000000)
  region size 32768K, 3 young (98304K), 3 survivors (98304K)
 Metaspace       used 769438K, committed 774464K, reserved 1703936K
  class space    used 167192K, committed 169472K, reserved 1048576K
}
Event: 4399.195 GC heap before
{Heap before GC invocations=2077 (full 0):
 garbage-first heap   total 12582912K, used 9791994K [0x0000000500000000, 0x0000000800000000)
  region size 32768K, 125 young (4096000K), 3 survivors (98304K)
 Metaspace       used 769443K, committed 774464K, reserved 1703936K
  class space    used 167193K, committed 169472K, reserved 1048576K
}
Event: 4399.201 GC heap after
{Heap after GC invocations=2078 (full 0):
 garbage-first heap   total 12582912K, used 5796513K [0x0000000500000000, 0x0000000800000000)
  region size 32768K, 3 young (98304K), 3 survivors (98304K)
 Metaspace       used 769443K, committed 774464K, reserved 1703936K
  class space    used 167193K, committed 169472K, reserved 1048576K
}
Event: 4401.942 GC heap before
{Heap before GC invocations=2078 (full 0):
 garbage-first heap   total 12582912K, used 8188577K [0x0000000500000000, 0x0000000800000000)
  region size 32768K, 76 young (2490368K), 3 survivors (98304K)
 Metaspace       used 769443K, committed 774464K, reserved 1703936K
  class space    used 167193K, committed 169472K, reserved 1048576K
}
Event: 4401.985 GC heap after
{Heap after GC invocations=2079 (full 0):
 garbage-first heap   total 12582912K, used 5683682K [0x0000000500000000, 0x0000000800000000)
  region size 32768K, 3 young (98304K), 3 survivors (98304K)
 Metaspace       used 769443K, committed 774464K, reserved 1703936K
  class space    used 167193K, committed 169472K, reserved 1048576K
}

Dll operation events (18 events):
Event: 0.017 Loaded shared library /Documents/curseforge/minecraft/Install/runtime/java-runtime-gamma/mac-os-arm64/java-runtime-gamma/jre.bundle/Contents/Home/lib/libjava.dylib
Event: 0.055 Loaded shared library /Documents/curseforge/minecraft/Install/runtime/java-runtime-gamma/mac-os-arm64/java-runtime-gamma/jre.bundle/Contents/Home/lib/libnio.dylib
Event: 0.081 Loaded shared library /Documents/curseforge/minecraft/Install/runtime/java-runtime-gamma/mac-os-arm64/java-runtime-gamma/jre.bundle/Contents/Home/lib/libzip.dylib
Event: 0.108 Loaded shared library /Documents/curseforge/minecraft/Install/runtime/java-runtime-gamma/mac-os-arm64/java-runtime-gamma/jre.bundle/Contents/Home/lib/libjimage.dylib
Event: 0.147 Loaded shared library /Documents/curseforge/minecraft/Install/runtime/java-runtime-gamma/mac-os-arm64/java-runtime-gamma/jre.bundle/Contents/Home/lib/libnet.dylib
Event: 0.184 Loaded shared library /Documents/curseforge/minecraft/Install/runtime/java-runtime-gamma/mac-os-arm64/java-runtime-gamma/jre.bundle/Contents/Home/lib/libverify.dylib
Event: 0.613 Loaded shared library /Documents/curseforge/minecraft/Install/runtime/java-runtime-gamma/mac-os-arm64/java-runtime-gamma/jre.bundle/Contents/Home/lib/libmanagement.dylib
Event: 0.616 Loaded shared library /Documents/curseforge/minecraft/Install/runtime/java-runtime-gamma/mac-os-arm64/java-runtime-gamma/jre.bundle/Contents/Home/lib/libmanagement_ext.dylib
Event: 1.475 Loaded shared library /Documents/curseforge/minecraft/Install/bin/8b8a59c96ecc87d7f8fcc3bcf7b5b68c3d06a2db/liblwjgl.dylib
Event: 1.685 Loaded shared library /Documents/curseforge/minecraft/Install/bin/8b8a59c96ecc87d7f8fcc3bcf7b5b68c3d06a2db/liblwjgl_opengl.dylib
Event: 1.711 Loaded shared library /Documents/curseforge/minecraft/Install/bin/8b8a59c96ecc87d7f8fcc3bcf7b5b68c3d06a2db/liblwjgl_stb.dylib
Event: 13.361 Loaded shared library /Documents/curseforge/minecraft/Install/bin/8b8a59c96ecc87d7f8fcc3bcf7b5b68c3d06a2db/jna15026376672771810819.tmp
Event: 16.963 Loaded shared library /Documents/curseforge/minecraft/Install/runtime/java-runtime-gamma/mac-os-arm64/java-runtime-gamma/jre.bundle/Contents/Home/lib/libextnet.dylib
Event: 18.426 Loaded shared library /private/var/folders/xm/sh__ffh97l38sjy_lf6t69xw0000gn/T/libjcocoa16832520892663161385.dylib
Event: 19.652 Loaded shared library /Documents/curseforge/minecraft/Install/runtime/java-runtime-gamma/mac-os-arm64/java-runtime-gamma/jre.bundle/Contents/Home/lib/libawt.dylib
Event: 19.657 Loaded shared library /Documents/curseforge/minecraft/Install/runtime/java-runtime-gamma/mac-os-arm64/java-runtime-gamma/jre.bundle/Contents/Home/lib/libawt_lwawt.dylib
Event: 31.847 Loaded shared library /Documents/curseforge/minecraft/Install/runtime/java-runtime-gamma/mac-os-arm64/java-runtime-gamma/jre.bundle/Contents/Home/lib/libfontmanager.dylib
Event: 149.183 Loaded shared library /Documents/curseforge/minecraft/Instances/The Last Engineer/config/spark/tmp/spark-39736c0171958-libasyncProfiler.so.tmp

Deoptimization events (20 events):
Event: 4405.014 Thread 0x0000000130014c00 Uncommon trap: trap_request=0xffffff04 fr.pc=0x000000013f477290 relative=0x00000000000001d0
Event: 4405.014 Thread 0x0000000130014c00 Uncommon trap: reason=tenured action=make_not_entrant pc=0x000000013f477290 method=me.jellysquid.mods.sodium.client.render.chunk.region.RenderRegion.getStorage(Lme/jellysquid/mods/sodium/client/render/chunk/terrain/TerrainRenderPass;)Lme/jellysquid/mods/s
Event: 4405.014 Thread 0x0000000130014c00 DEOPT PACKING pc=0x000000013f477290 sp=0x000000016ae93a30
Event: 4405.014 Thread 0x0000000130014c00 DEOPT UNPACKING pc=0x000000013857b91c sp=0x000000016ae939d0 mode 2
Event: 4405.033 Thread 0x0000000130014c00 Uncommon trap: trap_request=0xffffff04 fr.pc=0x000000013e724104 relative=0x0000000000000284
Event: 4405.033 Thread 0x0000000130014c00 Uncommon trap: reason=tenured action=make_not_entrant pc=0x000000013e724104 method=com.mojang.blaze3d.systems.RenderSystem.setupShaderLights(Lnet/minecraft/client/renderer/ShaderInstance;)V @ 0 c2
Event: 4405.033 Thread 0x0000000130014c00 DEOPT PACKING pc=0x000000013e724104 sp=0x000000016ae93ad0
Event: 4405.033 Thread 0x0000000130014c00 DEOPT UNPACKING pc=0x000000013857b91c sp=0x000000016ae93a80 mode 2
Event: 4405.184 Thread 0x000000010f124600 Uncommon trap: trap_request=0xffffff04 fr.pc=0x0000000139416778 relative=0x00000000000000f8
Event: 4405.184 Thread 0x000000010f124600 Uncommon trap: reason=tenured action=make_not_entrant pc=0x0000000139416778 method=me.desht.pneumaticcraft.common.block.PneumaticCraftEntityBlock.lambda$getTicker$0(Lnet/minecraft/world/level/Level;Lnet/minecraft/core/BlockPos;Lnet/minecraft/world/level/b
Event: 4405.184 Thread 0x000000010f124600 DEOPT PACKING pc=0x0000000139416778 sp=0x0000000884c42470
Event: 4405.184 Thread 0x000000010f124600 DEOPT UNPACKING pc=0x000000013857b91c sp=0x0000000884c423f0 mode 2
Event: 4405.260 Thread 0x0000000130014c00 Uncommon trap: trap_request=0xffffff04 fr.pc=0x000000013b563e28 relative=0x0000000000000668
Event: 4405.260 Thread 0x0000000130014c00 Uncommon trap: reason=tenured action=make_not_entrant pc=0x000000013b563e28 method=net.threetag.palladium.compat.curios.forge.CuriosCompat$$Lambda$82141/0x000000080a0b75a8.accept(Ljava/lang/Object;Ljava/lang/Object;)V @ 0 c2
Event: 4405.260 Thread 0x0000000130014c00 DEOPT PACKING pc=0x000000013b563e28 sp=0x000000016ae937a0
Event: 4405.260 Thread 0x0000000130014c00 DEOPT UNPACKING pc=0x000000013857b91c sp=0x000000016ae93760 mode 2
Event: 4405.304 Thread 0x0000000370537800 Uncommon trap: trap_request=0xffffff04 fr.pc=0x0000000138cf39c0 relative=0x0000000000000080
Event: 4405.304 Thread 0x0000000370537800 Uncommon trap: reason=tenured action=make_not_entrant pc=0x0000000138cf39c0 method=java.util.stream.Sink$ChainedReference.begin(J)V @ 0 c2
Event: 4405.304 Thread 0x0000000370537800 DEOPT PACKING pc=0x0000000138cf39c0 sp=0x00000004fea12280
Event: 4405.304 Thread 0x0000000370537800 DEOPT UNPACKING pc=0x000000013857b91c sp=0x00000004fea12200 mode 2

Classes loaded (20 events):
Event: 188.495 Loading class java/util/stream/ReduceOps$10
Event: 188.495 Loading class java/util/stream/ReduceOps$10 done
Event: 188.495 Loading class java/util/stream/ReduceOps$8ReducingSink
Event: 188.495 Loading class java/util/stream/ReduceOps$8ReducingSink done
Event: 192.406 Loading class java/awt/image/DataBufferUShort
Event: 192.406 Loading class java/awt/image/DataBufferUShort done
Event: 192.406 Loading class sun/awt/image/ShortInterleavedRaster
Event: 192.406 Loading class sun/awt/image/ShortInterleavedRaster done
Event: 486.415 Loading class javax/imageio/ImageTypeSpecifier$Grayscale
Event: 486.415 Loading class javax/imageio/ImageTypeSpecifier$Grayscale done
Event: 1652.273 Loading class java/util/stream/ReduceOps$ReduceTask
Event: 1652.273 Loading class java/util/stream/ReduceOps$ReduceTask done
Event: 3022.872 Loading class sun/util/resources/LocaleData$CommonResourceBundleProvider
Event: 3022.873 Loading class sun/util/resources/LocaleData$LocaleDataResourceBundleProvider
Event: 3022.873 Loading class java/util/spi/ResourceBundleProvider
Event: 3022.873 Loading class java/util/spi/ResourceBundleProvider done
Event: 3022.873 Loading class sun/util/resources/LocaleData$LocaleDataResourceBundleProvider done
Event: 3022.873 Loading class sun/util/resources/LocaleData$CommonResourceBundleProvider done
Event: 3022.873 Loading class sun/util/resources/Bundles$2
Event: 3022.873 Loading class sun/util/resources/Bundles$2 done

Classes unloaded (20 events):
Event: 3934.419 Thread 0x000000012f92eca0 Unloading class 0x000000080a45d400 'java/lang/invoke/LambdaForm$MH+0x000000080a45d400'
Event: 3934.419 Thread 0x000000012f92eca0 Unloading class 0x000000080a45d000 'java/lang/invoke/LambdaForm$MH+0x000000080a45d000'
Event: 3934.419 Thread 0x000000012f92eca0 Unloading class 0x000000080a450000 'java/lang/invoke/LambdaForm$MH+0x000000080a450000'
Event: 3934.419 Thread 0x000000012f92eca0 Unloading class 0x000000080a44cc00 'java/lang/invoke/LambdaForm$MH+0x000000080a44cc00'
Event: 3934.419 Thread 0x000000012f92eca0 Unloading class 0x000000080a435c00 'java/lang/invoke/LambdaForm$MH+0x000000080a435c00'
Event: 3934.419 Thread 0x000000012f92eca0 Unloading class 0x000000080a435800 'java/lang/invoke/LambdaForm$MH+0x000000080a435800'
Event: 3934.419 Thread 0x000000012f92eca0 Unloading class 0x000000080a389000 'java/lang/invoke/LambdaForm$MH+0x000000080a389000'
Event: 3934.419 Thread 0x000000012f92eca0 Unloading class 0x000000080a388c00 'java/lang/invoke/LambdaForm$MH+0x000000080a388c00'
Event: 3934.419 Thread 0x000000012f92eca0 Unloading class 0x000000080a084800 'java/lang/invoke/LambdaForm$DMH+0x000000080a084800'
Event: 3934.419 Thread 0x000000012f92eca0 Unloading class 0x000000080a084400 'java/lang/invoke/LambdaForm$DMH+0x000000080a084400'
Event: 4013.983 Thread 0x000000012f92eca0 Unloading class 0x000000080a520400 'java/lang/invoke/LambdaForm$MH+0x000000080a520400'
Event: 4013.983 Thread 0x000000012f92eca0 Unloading class 0x000000080a520800 'java/lang/invoke/LambdaForm$MH+0x000000080a520800'
Event: 4038.796 Thread 0x000000012f92eca0 Unloading class 0x000000080a510c00 'java/lang/invoke/LambdaForm$MH+0x000000080a510c00'
Event: 4038.796 Thread 0x000000012f92eca0 Unloading class 0x000000080a511000 'java/lang/invoke/LambdaForm$MH+0x000000080a511000'
Event: 4089.032 Thread 0x000000012f92eca0 Unloading class 0x000000080a4dc400 'java/lang/invoke/LambdaForm$MH+0x000000080a4dc400'
Event: 4089.032 Thread 0x000000012f92eca0 Unloading class 0x000000080a4dc800 'java/lang/invoke/LambdaForm$MH+0x000000080a4dc800'
Event: 4165.871 Thread 0x000000012f92eca0 Unloading class 0x000000080a511000 'java/lang/invoke/LambdaForm$MH+0x000000080a511000'
Event: 4165.871 Thread 0x000000012f92eca0 Unloading class 0x000000080a510c00 'java/lang/invoke/LambdaForm$MH+0x000000080a510c00'
Event: 4361.242 Thread 0x000000012f92eca0 Unloading class 0x000000080a510c00 'java/lang/invoke/LambdaForm$MH+0x000000080a510c00'
Event: 4361.242 Thread 0x000000012f92eca0 Unloading class 0x000000080a511000 'java/lang/invoke/LambdaForm$MH+0x000000080a511000'

Classes redefined (0 events):
No events

Internal exceptions (20 events):
Event: 4378.336 Thread 0x000000036e573c00 Exception <a 'sun/nio/fs/UnixException'{0x00000007ea010170}> (0x00000007ea010170) 
thrown [src/hotspot/share/prims/jni.cpp, line 516]
Event: 4378.336 Thread 0x000000036e573c00 Exception <a 'sun/nio/fs/UnixException'{0x00000007ea010388}> (0x00000007ea010388) 
thrown [src/hotspot/share/prims/jni.cpp, line 516]
Event: 4378.353 Thread 0x000000036e573c00 Exception <a 'sun/nio/fs/UnixException'{0x00000007ea0106e8}> (0x00000007ea0106e8) 
thrown [src/hotspot/share/prims/jni.cpp, line 516]
Event: 4378.386 Thread 0x000000036e573c00 Exception <a 'sun/nio/fs/UnixException'{0x00000007ea010b78}> (0x00000007ea010b78) 
thrown [src/hotspot/share/prims/jni.cpp, line 516]
Event: 4378.386 Thread 0x000000036e573c00 Exception <a 'sun/nio/fs/UnixException'{0x00000007ea010d90}> (0x00000007ea010d90) 
thrown [src/hotspot/share/prims/jni.cpp, line 516]
Event: 4378.401 Thread 0x000000036e573c00 Exception <a 'sun/nio/fs/UnixException'{0x00000007ea0110f0}> (0x00000007ea0110f0) 
thrown [src/hotspot/share/prims/jni.cpp, line 516]
Event: 4378.404 Thread 0x000000036e573c00 Exception <a 'sun/nio/fs/UnixException'{0x00000007ea011450}> (0x00000007ea011450) 
thrown [src/hotspot/share/prims/jni.cpp, line 516]
Event: 4378.439 Thread 0x000000036e573c00 Exception <a 'sun/nio/fs/UnixException'{0x00000007ea0117b0}> (0x00000007ea0117b0) 
thrown [src/hotspot/share/prims/jni.cpp, line 516]
Event: 4378.454 Thread 0x000000036e573c00 Exception <a 'sun/nio/fs/UnixException'{0x00000007ea011b10}> (0x00000007ea011b10) 
thrown [src/hotspot/share/prims/jni.cpp, line 516]
Event: 4378.456 Thread 0x000000036e573c00 Exception <a 'sun/nio/fs/UnixException'{0x00000007ea011e70}> (0x00000007ea011e70) 
thrown [src/hotspot/share/prims/jni.cpp, line 516]
Event: 4378.487 Thread 0x000000036e573c00 Exception <a 'sun/nio/fs/UnixException'{0x00000007ea0121c8}> (0x00000007ea0121c8) 
thrown [src/hotspot/share/prims/jni.cpp, line 516]
Event: 4378.504 Thread 0x000000036e573c00 Exception <a 'sun/nio/fs/UnixException'{0x00000007ea012528}> (0x00000007ea012528) 
thrown [src/hotspot/share/prims/jni.cpp, line 516]
Event: 4378.537 Thread 0x000000036e573c00 Exception <a 'sun/nio/fs/UnixException'{0x00000007ea012ae8}> (0x00000007ea012ae8) 
thrown [src/hotspot/share/prims/jni.cpp, line 516]
Event: 4378.538 Thread 0x000000036e573c00 Exception <a 'sun/nio/fs/UnixException'{0x00000007ea012d10}> (0x00000007ea012d10) 
thrown [src/hotspot/share/prims/jni.cpp, line 516]
Event: 4378.538 Thread 0x000000036e573c00 Exception <a 'sun/nio/fs/UnixException'{0x00000007ea012f40}> (0x00000007ea012f40) 
thrown [src/hotspot/share/prims/jni.cpp, line 516]
Event: 4378.555 Thread 0x000000036e573c00 Exception <a 'sun/nio/fs/UnixException'{0x00000007ea0132a0}> (0x00000007ea0132a0) 
thrown [src/hotspot/share/prims/jni.cpp, line 516]
Event: 4378.599 Thread 0x000000036e573c00 Exception <a 'sun/nio/fs/UnixException'{0x00000007ea0135f8}> (0x00000007ea0135f8) 
thrown [src/hotspot/share/prims/jni.cpp, line 516]
Event: 4382.816 Thread 0x0000000130014c00 Implicit null exception at 0x0000000132cec158 to 0x0000000132cec868
Event: 4382.816 Thread 0x0000000130014c00 Exception <a 'java/lang/ClassCastException'{0x000000077e4fc810}: class net.minecraft.client.renderer.texture.SimpleTexture cannot be cast to class net.minecraft.client.renderer.texture.HttpTexture (net.minecraft.client.renderer.texture.SimpleTexture and net.minecraft.client.renderer.texture.HttpTexture are in module minecraft@1.20.1 of loader 'TRANSFORMER' @5867c87)> (0x000000077e4fc810) 
thrown [src/hotspot/share/interpreter/interpreterRuntime.cpp, line 444]
Event: 4399.737 Thread 0x000000010f124600 Implicit null exception at 0x000000013b40a73c to 0x000000013b40b198

VM Operations (20 events):
Event: 4404.893 Executing VM operation: HandshakeAllThreads
Event: 4404.893 Executing VM operation: HandshakeAllThreads done
Event: 4404.934 Executing VM operation: HandshakeAllThreads
Event: 4404.934 Executing VM operation: HandshakeAllThreads done
Event: 4404.995 Executing VM operation: HandshakeAllThreads
Event: 4404.995 Executing VM operation: HandshakeAllThreads done
Event: 4405.035 Executing VM operation: HandshakeAllThreads
Event: 4405.035 Executing VM operation: HandshakeAllThreads done
Event: 4405.048 Executing VM operation: ICBufferFull
Event: 4405.048 Executing VM operation: ICBufferFull done
Event: 4405.078 Executing VM operation: HandshakeAllThreads
Event: 4405.078 Executing VM operation: HandshakeAllThreads done
Event: 4405.122 Executing VM operation: HandshakeAllThreads
Event: 4405.123 Executing VM operation: HandshakeAllThreads done
Event: 4405.192 Executing VM operation: HandshakeAllThreads
Event: 4405.192 Executing VM operation: HandshakeAllThreads done
Event: 4405.249 Executing VM operation: HandshakeAllThreads
Event: 4405.250 Executing VM operation: HandshakeAllThreads done
Event: 4405.286 Executing VM operation: HandshakeAllThreads
Event: 4405.286 Executing VM operation: HandshakeAllThreads done

Memory protections (20 events):
Event: 4391.533 Protecting memory [0x00000008860c4000,0x00000008860d0000] with protection modes 3
Event: 4393.301 Protecting memory [0x00000008860c4000,0x00000008860d0000] with protection modes 0
Event: 4393.532 Protecting memory [0x00000008860c4000,0x00000008860d0000] with protection modes 3
Event: 4393.788 Protecting memory [0x000000087fdd4000,0x000000087fde0000] with protection modes 3
Event: 4395.302 Protecting memory [0x000000087fdd4000,0x000000087fde0000] with protection modes 0
Event: 4395.540 Protecting memory [0x000000087fdd4000,0x000000087fde0000] with protection modes 3
Event: 4397.303 Protecting memory [0x000000087fdd4000,0x000000087fde0000] with protection modes 0
Event: 4397.532 Protecting memory [0x000000087fdd4000,0x000000087fde0000] with protection modes 3
Event: 4399.302 Protecting memory [0x000000087fdd4000,0x000000087fde0000] with protection modes 0
Event: 4399.532 Protecting memory [0x000000087fdd4000,0x000000087fde0000] with protection modes 3
Event: 4401.293 Protecting memory [0x000000087fdd4000,0x000000087fde0000] with protection modes 0
Event: 4401.302 Protecting memory [0x00000008860c4000,0x00000008860d0000] with protection modes 0
Event: 4401.510 Protecting memory [0x000000087fdd4000,0x000000087fde0000] with protection modes 3
Event: 4401.532 Protecting memory [0x00000008860c4000,0x00000008860d0000] with protection modes 3
Event: 4401.985 Protecting memory [0x000000035f48c000,0x000000035f498000] with protection modes 3
Event: 4402.934 Protecting memory [0x000000087fdd4000,0x000000087fde0000] with protection modes 0
Event: 4403.301 Protecting memory [0x00000008860c4000,0x00000008860d0000] with protection modes 0
Event: 4403.533 Protecting memory [0x00000008860c4000,0x00000008860d0000] with protection modes 3
Event: 4404.203 Protecting memory [0x00000008860c4000,0x00000008860d0000] with protection modes 0
Event: 4405.301 Protecting memory [0x000000088fc10000,0x000000088fc1c000] with protection modes 0

Nmethod flushes (20 events):
Event: 4405.215 Thread 0x0000000130079400 flushing  nmethod 0x0000000131e2a490
Event: 4405.216 Thread 0x0000000130079400 flushing  nmethod 0x00000001324f1890
Event: 4405.219 Thread 0x0000000130079400 flushing  nmethod 0x0000000133414a10
Event: 4405.227 Thread 0x0000000130079400 flushing  nmethod 0x0000000137c87f90
Event: 4405.250 Thread 0x0000000130079400 flushing  nmethod 0x0000000138c8b410
Event: 4405.250 Thread 0x0000000130079400 flushing  nmethod 0x0000000138c8b810
Event: 4405.250 Thread 0x0000000130079400 flushing  nmethod 0x0000000138da7c10
Event: 4405.250 Thread 0x0000000130079400 flushing  nmethod 0x0000000138f47010
Event: 4405.250 Thread 0x0000000130079400 flushing  nmethod 0x0000000138fe9e10
Event: 4405.251 Thread 0x0000000130079400 flushing  nmethod 0x0000000139231b10
Event: 4405.251 Thread 0x0000000130079400 flushing  nmethod 0x0000000139232190
Event: 4405.288 Thread 0x0000000130079400 flushing  nmethod 0x0000000139000a90
Event: 4405.288 Thread 0x0000000130079400 flushing  nmethod 0x0000000139016310
Event: 4405.289 Thread 0x0000000130079400 flushing  nmethod 0x0000000139308810
Event: 4405.289 Thread 0x0000000130079400 flushing  nmethod 0x00000001393bc190
Event: 4405.289 Thread 0x0000000130079400 flushing  nmethod 0x000000013940a790
Event: 4405.289 Thread 0x0000000130079400 flushing  nmethod 0x0000000139416490
Event: 4405.295 Thread 0x0000000130079400 flushing  nmethod 0x000000013bbd3010
Event: 4405.304 Thread 0x0000000130079400 flushing  nmethod 0x000000013f79a890
Event: 4405.319 Thread 0x0000000130079400 flushing osr nmethod 0x0000000137c9ad90

Events (20 events):
Event: 4391.533 Thread 0x00000008c7109e00 Thread exited: 0x00000008c7109e00
Event: 4393.301 Thread 0x0000000130014c00 Thread added: 0x0000000370b38c00
Event: 4393.532 Thread 0x0000000370b38c00 Thread exited: 0x0000000370b38c00
Event: 4393.788 Thread 0x000000012e3dce00 Thread exited: 0x000000012e3dce00
Event: 4395.302 Thread 0x0000000130014c00 Thread added: 0x000000011f106800
Event: 4395.540 Thread 0x000000011f106800 Thread exited: 0x000000011f106800
Event: 4397.303 Thread 0x0000000130014c00 Thread added: 0x000000010f99ca00
Event: 4397.532 Thread 0x000000010f99ca00 Thread exited: 0x000000010f99ca00
Event: 4399.302 Thread 0x0000000130014c00 Thread added: 0x0000000895605a00
Event: 4399.532 Thread 0x0000000895605a00 Thread exited: 0x0000000895605a00
Event: 4401.293 Thread 0x0000000130078e00 Thread added: 0x00000008954d6e00
Event: 4401.302 Thread 0x0000000130014c00 Thread added: 0x000000011f106800
Event: 4401.510 Thread 0x00000008954d6e00 Thread exited: 0x00000008954d6e00
Event: 4401.532 Thread 0x000000011f106800 Thread exited: 0x000000011f106800
Event: 4401.985 Thread 0x00000003772dc200 Thread exited: 0x00000003772dc200
Event: 4402.934 Thread 0x0000000130078800 Thread added: 0x000000012e1e3c00
Event: 4403.301 Thread 0x0000000130014c00 Thread added: 0x000000010d10a400
Event: 4403.533 Thread 0x000000010d10a400 Thread exited: 0x000000010d10a400
Event: 4404.203 Thread 0x0000000130078800 Thread added: 0x0000000130171600
Event: 4405.301 Thread 0x0000000130014c00 Thread added: 0x000000011f68e600


Dynamic libraries:
0x0000000104fa4000 	/Documents/curseforge/minecraft/Install/runtime/java-runtime-gamma/mac-os-arm64/java-runtime-gamma/jre.bundle/Contents/Home/lib/libjli.dylib
0x00000001a1f62000 	/System/Library/Frameworks/Cocoa.framework/Versions/A/Cocoa
0x00000001897af000 	/System/Library/Frameworks/AppKit.framework/Versions/C/AppKit
0x000000018ca9a000 	/System/Library/Frameworks/CoreData.framework/Versions/A/CoreData
0x0000000186e26000 	/System/Library/Frameworks/Foundation.framework/Versions/C/Foundation
0x0000000193a07000 	/usr/lib/libSystem.B.dylib
0x000000018ac40000 	/System/Library/PrivateFrameworks/UIFoundation.framework/Versions/A/UIFoundation
0x0000000233cfc000 	/System/Library/PrivateFrameworks/CollectionViewCore.framework/Versions/A/CollectionViewCore
0x000000019afa4000 	/System/Library/PrivateFrameworks/RemoteViewServices.framework/Versions/A/RemoteViewServices
0x00000001915a3000 	/System/Library/PrivateFrameworks/XCTTargetBootstrap.framework/Versions/A/XCTTargetBootstrap
0x0000000196181000 	/System/Library/PrivateFrameworks/InternationalSupport.framework/Versions/A/InternationalSupport
0x00000001964d8000 	/System/Library/PrivateFrameworks/UserActivity.framework/Versions/A/UserActivity
0x0000000261ed9000 	/System/Library/PrivateFrameworks/UIIntelligenceSupport.framework/Versions/A/UIIntelligenceSupport
0x00000001ec0bf000 	/System/Library/Frameworks/SwiftUICore.framework/Versions/A/SwiftUICore
0x0000000266f14000 	/System/Library/PrivateFrameworks/WritingTools.framework/Versions/A/WritingTools
0x0000000265f5f000 	/System/Library/PrivateFrameworks/WindowManagement.framework/Versions/A/WindowManagement
0x0000000186a8a000 	/System/Library/Frameworks/SystemConfiguration.framework/Versions/A/SystemConfiguration
0x00000001955e8000 	/usr/lib/libspindump.dylib
0x000000018adf2000 	/System/Library/Frameworks/UniformTypeIdentifiers.framework/Versions/A/UniformTypeIdentifiers
0x0000000192dfb000 	/usr/lib/libbsm.0.dylib
0x000000018f02c000 	/usr/lib/libapp_launch_measurement.dylib
0x000000018e3d5000 	/System/Library/PrivateFrameworks/CoreAnalytics.framework/Versions/A/CoreAnalytics
0x000000018f030000 	/System/Library/PrivateFrameworks/CoreAutoLayout.framework/Versions/A/CoreAutoLayout
0x0000000190bbf000 	/System/Library/Frameworks/Metal.framework/Versions/A/Metal
0x0000000191de1000 	/usr/lib/liblangid.dylib
0x00000001915a9000 	/System/Library/PrivateFrameworks/CoreSVG.framework/Versions/A/CoreSVG
0x000000018b815000 	/System/Library/PrivateFrameworks/SkyLight.framework/Versions/A/SkyLight
0x000000018bd3a000 	/System/Library/Frameworks/CoreGraphics.framework/Versions/A/CoreGraphics
0x000000019b683000 	/System/Library/Frameworks/Accelerate.framework/Versions/A/Accelerate
0x000000019542b000 	/System/Library/PrivateFrameworks/IconServices.framework/Versions/A/IconServices
0x0000000190b9c000 	/System/Library/Frameworks/IOSurface.framework/Versions/A/IOSurface
0x000000018e406000 	/usr/lib/libDiagnosticMessagesClient.dylib
0x0000000193951000 	/usr/lib/libz.1.dylib
0x000000019f58d000 	/System/Library/Frameworks/ApplicationServices.framework/Versions/A/ApplicationServices
0x000000019158e000 	/System/Library/PrivateFrameworks/DFRFoundation.framework/Versions/A/DFRFoundation
0x0000000189015000 	/usr/lib/libicucore.A.dylib
0x000000019755c000 	/System/Library/Frameworks/AudioToolbox.framework/Versions/A/AudioToolbox
0x0000000196489000 	/System/Library/PrivateFrameworks/DataDetectorsCore.framework/Versions/A/DataDetectorsCore
0x00000001b20c7000 	/System/Library/PrivateFrameworks/TextInput.framework/Versions/A/TextInput
0x000000018b761000 	/usr/lib/libMobileGestalt.dylib
0x0000000191287000 	/System/Library/Frameworks/Carbon.framework/Versions/A/Frameworks/HIToolbox.framework/Versions/A/HIToolbox
0x000000018e90d000 	/System/Library/Frameworks/QuartzCore.framework/Versions/A/QuartzCore
0x0000000188c0c000 	/System/Library/Frameworks/Security.framework/Versions/A/Security
0x000000019afe0000 	/System/Library/Frameworks/Carbon.framework/Versions/A/Frameworks/SpeechRecognition.framework/Versions/A/SpeechRecognition
0x000000018ed34000 	/System/Library/PrivateFrameworks/CoreUI.framework/Versions/A/CoreUI
0x00000001884d9000 	/System/Library/Frameworks/CoreAudio.framework/Versions/A/CoreAudio
0x000000018e4f4000 	/System/Library/Frameworks/DiskArbitration.framework/Versions/A/DiskArbitration
0x0000000195a4e000 	/System/Library/PrivateFrameworks/MultitouchSupport.framework/Versions/A/MultitouchSupport
0x000000018b75f000 	/usr/lib/libenergytrace.dylib
0x00000001a670c000 	/System/Library/PrivateFrameworks/RenderBox.framework/Versions/A/RenderBox
0x000000018965f000 	/System/Library/Frameworks/IOKit.framework/Versions/A/IOKit
0x000000019b3d7000 	/System/Library/Frameworks/CoreServices.framework/Versions/A/CoreServices
0x000000018efbd000 	/System/Library/PrivateFrameworks/PerformanceAnalysis.framework/Versions/A/PerformanceAnalysis
0x00000001e5ab1000 	/System/Library/Frameworks/OpenGL.framework/Versions/A/OpenGL
0x000000018f07a000 	/usr/lib/libxml2.2.dylib
0x0000000192cdf000 	/System/Library/PrivateFrameworks/MobileKeyBag.framework/Versions/A/MobileKeyBag
0x00000001856b4000 	/usr/lib/libobjc.A.dylib
0x00000001859c0000 	/usr/lib/libc++.1.dylib
0x000000019b358000 	/System/Library/Frameworks/Accessibility.framework/Versions/A/Accessibility
0x000000018c46b000 	/System/Library/Frameworks/ColorSync.framework/Versions/A/ColorSync
0x0000000185b1c000 	/System/Library/Frameworks/CoreFoundation.framework/Versions/A/CoreFoundation
0x0000000191963000 	/System/Library/Frameworks/CoreImage.framework/Versions/A/CoreImage
0x00000001882ba000 	/System/Library/Frameworks/CoreText.framework/Versions/A/CoreText
0x00000001e6fee000 	/System/Library/Frameworks/CoreTransferable.framework/Versions/A/CoreTransferable
0x00000001e7572000 	/System/Library/Frameworks/DataDetection.framework/Versions/A/DataDetection
0x00000001e7575000 	/System/Library/Frameworks/DeveloperToolsSupport.framework/Versions/A/DeveloperToolsSupport
0x00000001915e4000 	/System/Library/Frameworks/ImageIO.framework/Versions/A/ImageIO
0x00000001ecc66000 	/System/Library/Frameworks/Symbols.framework/Versions/A/Symbols
0x00000001d92cb000 	/System/Library/PrivateFrameworks/FeatureFlags.framework/Versions/A/FeatureFlags
0x0000000193a0c000 	/System/Library/PrivateFrameworks/SoftLinking.framework/Versions/A/SoftLinking
0x00000001c4c9d000 	/usr/lib/swift/libswiftAccelerate.dylib
0x0000000196ef2000 	/usr/lib/swift/libswiftCore.dylib
0x00000001ae791000 	/usr/lib/swift/libswiftCoreFoundation.dylib
0x00000001ae7eb000 	/usr/lib/swift/libswiftCoreImage.dylib
0x00000001abbb5000 	/usr/lib/swift/libswiftDarwin.dylib
0x000000026e733000 	/usr/lib/swift/libswiftDataDetection.dylib
0x000000019cecc000 	/usr/lib/swift/libswiftDispatch.dylib
0x00000001ae7ec000 	/usr/lib/swift/libswiftIOKit.dylib
0x00000001bb2e3000 	/usr/lib/swift/libswiftMetal.dylib
0x00000001ca1c9000 	/usr/lib/swift/libswiftOSLog.dylib
0x000000019fb32000 	/usr/lib/swift/libswiftObjectiveC.dylib
0x000000026e760000 	/usr/lib/swift/libswiftObservation.dylib
0x00000001c066e000 	/usr/lib/swift/libswiftQuartzCore.dylib
0x00000001c4c8e000 	/usr/lib/swift/libswiftUniformTypeIdentifiers.dylib
0x00000001ae7a3000 	/usr/lib/swift/libswiftXPC.dylib
0x000000026e846000 	/usr/lib/swift/libswift_Builtin_float.dylib
0x000000026e849000 	/usr/lib/swift/libswift_Concurrency.dylib
0x000000026e9a8000 	/usr/lib/swift/libswift_StringProcessing.dylib
0x000000026ea3b000 	/usr/lib/swift/libswift_errno.dylib
0x000000026ea3d000 	/usr/lib/swift/libswift_math.dylib
0x000000026ea40000 	/usr/lib/swift/libswift_signal.dylib
0x000000026ea41000 	/usr/lib/swift/libswift_stdio.dylib
0x000000026ea42000 	/usr/lib/swift/libswift_time.dylib
0x000000019fb36000 	/usr/lib/swift/libswiftos.dylib
0x00000001b201e000 	/usr/lib/swift/libswiftsimd.dylib
0x000000026ea43000 	/usr/lib/swift/libswiftsys_time.dylib
0x000000026ea44000 	/usr/lib/swift/libswiftunistd.dylib
0x0000000193c20000 	/usr/lib/libcompression.dylib
0x00000001960e1000 	/System/Library/PrivateFrameworks/TextureIO.framework/Versions/A/TextureIO
0x00000001950cb000 	/usr/lib/libate.dylib
0x0000000193a01000 	/usr/lib/system/libcache.dylib
0x00000001939bc000 	/usr/lib/system/libcommonCrypto.dylib
0x00000001939e7000 	/usr/lib/system/libcompiler_rt.dylib
0x00000001939dc000 	/usr/lib/system/libcopyfile.dylib
0x000000018580e000 	/usr/lib/system/libcorecrypto.dylib
0x00000001858f4000 	/usr/lib/system/libdispatch.dylib
0x0000000185ab4000 	/usr/lib/system/libdyld.dylib
0x00000001939f7000 	/usr/lib/system/libkeymgr.dylib
0x000000019399f000 	/usr/lib/system/libmacho.dylib
0x0000000192dd4000 	/usr/lib/system/libquarantine.dylib
0x00000001939f4000 	/usr/lib/system/libremovefile.dylib
0x000000018b7db000 	/usr/lib/system/libsystem_asl.dylib
0x00000001857a3000 	/usr/lib/system/libsystem_blocks.dylib
0x000000018593e000 	/usr/lib/system/libsystem_c.dylib
0x00000001939eb000 	/usr/lib/system/libsystem_collections.dylib
0x0000000191dce000 	/usr/lib/system/libsystem_configuration.dylib
0x0000000190b6b000 	/usr/lib/system/libsystem_containermanager.dylib
0x00000001934e3000 	/usr/lib/system/libsystem_coreservices.dylib
0x00000001892e1000 	/usr/lib/system/libsystem_darwin.dylib
0x000000026eb79000 	/usr/lib/system/libsystem_darwindirectory.dylib
0x00000001939f8000 	/usr/lib/system/libsystem_dnssd.dylib
0x000000026eb7d000 	/usr/lib/system/libsystem_eligibility.dylib
0x000000018593b000 	/usr/lib/system/libsystem_featureflags.dylib
0x0000000185aec000 	/usr/lib/system/libsystem_info.dylib
0x0000000193960000 	/usr/lib/system/libsystem_m.dylib
0x00000001858ad000 	/usr/lib/system/libsystem_malloc.dylib
0x000000018b744000 	/usr/lib/system/libsystem_networkextension.dylib
0x0000000189742000 	/usr/lib/system/libsystem_notify.dylib
0x0000000191dd3000 	/usr/lib/system/libsystem_sandbox.dylib
0x000000026eb85000 	/usr/lib/system/libsystem_sanitizers.dylib
0x00000001939f0000 	/usr/lib/system/libsystem_secinit.dylib
0x0000000185a6b000 	/usr/lib/system/libsystem_kernel.dylib
0x0000000185ae4000 	/usr/lib/system/libsystem_platform.dylib
0x0000000185aa7000 	/usr/lib/system/libsystem_pthread.dylib
0x000000018d334000 	/usr/lib/system/libsystem_symptoms.dylib
0x00000001857f2000 	/usr/lib/system/libsystem_trace.dylib
0x00000001939ca000 	/usr/lib/system/libunwind.dylib
0x00000001857a7000 	/usr/lib/system/libxpc.dylib
0x0000000185a4d000 	/usr/lib/libc++abi.dylib
0x000000026d758000 	/usr/lib/libRosetta.dylib
0x00000001895df000 	/System/Library/PrivateFrameworks/CoreServicesInternal.framework/Versions/A/CoreServicesInternal
0x00000001939d4000 	/usr/lib/liboah.dylib
0x0000000193a09000 	/usr/lib/libfakelink.dylib
0x000000019f042000 	/System/Library/PrivateFrameworks/DiskImages.framework/Versions/A/DiskImages
0x00000001ab6df000 	/System/Library/Frameworks/NetFS.framework/Versions/A/NetFS
0x000000018b37a000 	/System/Library/Frameworks/CFNetwork.framework/Versions/A/CFNetwork
0x000000018eff4000 	/System/Library/Frameworks/CoreServices.framework/Versions/A/Frameworks/FSEvents.framework/Versions/A/FSEvents
0x00000001892ec000 	/System/Library/Frameworks/CoreServices.framework/Versions/A/Frameworks/CarbonCore.framework/Versions/A/CarbonCore
0x000000018e469000 	/System/Library/Frameworks/CoreServices.framework/Versions/A/Frameworks/Metadata.framework/Versions/A/Metadata
0x00000001934ea000 	/System/Library/Frameworks/CoreServices.framework/Versions/A/Frameworks/OSServices.framework/Versions/A/OSServices
0x0000000193b56000 	/System/Library/Frameworks/CoreServices.framework/Versions/A/Frameworks/SearchKit.framework/Versions/A/SearchKit
0x000000018d2af000 	/System/Library/Frameworks/CoreServices.framework/Versions/A/Frameworks/AE.framework/Versions/A/AE
0x000000018605b000 	/System/Library/Frameworks/CoreServices.framework/Versions/A/Frameworks/LaunchServices.framework/Versions/A/LaunchServices
0x0000000194f20000 	/System/Library/Frameworks/CoreServices.framework/Versions/A/Frameworks/DictionaryServices.framework/Versions/A/DictionaryServices
0x000000018f002000 	/System/Library/Frameworks/CoreServices.framework/Versions/A/Frameworks/SharedFileList.framework/Versions/A/SharedFileList
0x0000000193beb000 	/usr/lib/libapple_nghttp2.dylib
0x000000018cf10000 	/usr/lib/libsqlite3.dylib
0x0000000197bd4000 	/System/Library/Frameworks/GSS.framework/Versions/A/GSS
0x000000018d246000 	/System/Library/PrivateFrameworks/RunningBoardServices.framework/Versions/A/RunningBoardServices
0x000000018d33d000 	/System/Library/Frameworks/Network.framework/Versions/A/Network
0x00000001939a3000 	/usr/lib/system/libkxld.dylib
0x000000022fb21000 	/System/Library/PrivateFrameworks/AppleKeyStore.framework/Versions/A/AppleKeyStore
0x000000026d5b1000 	/usr/lib/libCoreEntitlements.dylib
0x000000024aa3c000 	/System/Library/PrivateFrameworks/MessageSecurity.framework/Versions/A/MessageSecurity
0x000000018cef5000 	/System/Library/PrivateFrameworks/ProtocolBuffer.framework/Versions/A/ProtocolBuffer
0x00000001934ca000 	/System/Library/PrivateFrameworks/AppleFSCompression.framework/Versions/A/AppleFSCompression
0x0000000192de3000 	/usr/lib/libcoretls.dylib
0x0000000194f96000 	/usr/lib/libcoretls_cfhelpers.dylib
0x0000000193c1a000 	/usr/lib/libpam.2.dylib
0x000000019500a000 	/usr/lib/libxar.1.dylib
0x0000000193a5e000 	/usr/lib/libarchive.2.dylib
0x00000001992d3000 	/System/Library/Frameworks/Combine.framework/Versions/A/Combine
0x0000000233d20000 	/System/Library/PrivateFrameworks/CollectionsInternal.framework/Versions/A/CollectionsInternal
0x0000000253794000 	/System/Library/PrivateFrameworks/ReflectionInternal.framework/Versions/A/ReflectionInternal
0x000000025443a000 	/System/Library/PrivateFrameworks/RuntimeInternal.framework/Versions/A/RuntimeInternal
0x000000026e7d7000 	/usr/lib/swift/libswiftSystem.dylib
0x0000000191ddc000 	/System/Library/PrivateFrameworks/AppleSystemInfo.framework/Versions/A/AppleSystemInfo
0x00000001ae67d000 	/System/Library/PrivateFrameworks/LoggingSupport.framework/Versions/A/LoggingSupport
0x000000019c390000 	/System/Library/PrivateFrameworks/PowerLog.framework/Versions/A/PowerLog
0x00000001ebf84000 	/System/Library/Frameworks/SwiftData.framework/Versions/A/SwiftData
0x000000018f204000 	/System/Library/PrivateFrameworks/UserManagement.framework/Versions/A/UserManagement
0x000000018b2a9000 	/usr/lib/libboringssl.dylib
0x000000018d323000 	/usr/lib/libdns_services.dylib
0x00000001ad838000 	/usr/lib/libquic.dylib
0x0000000196e81000 	/usr/lib/libusrtcp.dylib
0x00000001d1fcc000 	/System/Library/PrivateFrameworks/InternalSwiftProtobuf.framework/Versions/A/InternalSwiftProtobuf
0x000000026e734000 	/usr/lib/swift/libswiftDistributed.dylib
0x000000026e7cd000 	/usr/lib/swift/libswiftSynchronization.dylib
0x000000018b379000 	/usr/lib/libnetwork.dylib
0x00000001bf2c1000 	/System/Library/PrivateFrameworks/OSAnalytics.framework/Versions/A/OSAnalytics
0x0000000193bc6000 	/System/Library/PrivateFrameworks/AppleSauce.framework/Versions/A/AppleSauce
0x000000019d660000 	/System/Library/PrivateFrameworks/CoreSymbolication.framework/Versions/A/CoreSymbolication
0x00000001cdcfc000 	/System/Library/PrivateFrameworks/Symbolication.framework/Versions/A/Symbolication
0x000000019d63c000 	/System/Library/PrivateFrameworks/DebugSymbols.framework/Versions/A/DebugSymbols
0x000000026d47c000 	/usr/lib/libAppleArchive.dylib
0x00000001934d6000 	/usr/lib/libbz2.1.0.dylib
0x0000000194f77000 	/usr/lib/liblzma.5.dylib
0x0000000192ad9000 	/System/Library/PrivateFrameworks/IOMobileFramebuffer.framework/Versions/A/IOMobileFramebuffer
0x00000001ae706000 	/System/Library/PrivateFrameworks/MallocStackLogging.framework/Versions/A/MallocStackLogging
0x0000000195165000 	/System/Library/PrivateFrameworks/CrashReporterSupport.framework/Versions/A/CrashReporterSupport
0x000000018691e000 	/System/Library/PrivateFrameworks/Lexicon.framework/Versions/A/Lexicon
0x0000000242f7d000 	/System/Library/PrivateFrameworks/IO80211.framework/Versions/A/IO80211
0x000000019d163000 	/System/Library/PrivateFrameworks/FrontBoardServices.framework/Versions/A/FrontBoardServices
0x0000000192d0b000 	/System/Library/Frameworks/SecurityFoundation.framework/Versions/A/SecurityFoundation
0x0000000192e6d000 	/usr/lib/libgermantok.dylib
0x0000000191f00000 	/System/Library/PrivateFrameworks/LinguisticData.framework/Versions/A/LinguisticData
0x000000018d161000 	/System/Library/PrivateFrameworks/BaseBoard.framework/Versions/A/BaseBoard
0x000000019d230000 	/System/Library/PrivateFrameworks/BoardServices.framework/Versions/A/BoardServices
0x0000000192cfc000 	/System/Library/PrivateFrameworks/AssertionServices.framework/Versions/A/AssertionServices
0x000000019ee7d000 	/System/Library/PrivateFrameworks/BackBoardServices.framework/Versions/A/BackBoardServices
0x0000000190fb5000 	/System/Library/PrivateFrameworks/FontServices.framework/libFontParser.dylib
0x000000018b7f3000 	/System/Library/PrivateFrameworks/TCC.framework/Versions/A/TCC
0x00000001a29f7000 	/System/Library/PrivateFrameworks/IOSurfaceAccelerator.framework/Versions/A/IOSurfaceAccelerator
0x0000000195a4c000 	/System/Library/PrivateFrameworks/WatchdogClient.framework/Versions/A/WatchdogClient
0x0000000187de1000 	/System/Library/Frameworks/CoreDisplay.framework/Versions/A/CoreDisplay
0x0000000190e5a000 	/System/Library/Frameworks/CoreMedia.framework/Versions/A/CoreMedia
0x0000000190bb5000 	/System/Library/PrivateFrameworks/IOAccelerator.framework/Versions/A/IOAccelerator
0x000000018f164000 	/System/Library/Frameworks/CoreVideo.framework/Versions/A/CoreVideo
0x0000000193c18000 	/System/Library/Frameworks/MetalPerformanceShaders.framework/Versions/A/MetalPerformanceShaders
0x0000000252b10000 	/System/Library/PrivateFrameworks/ProDisplayLibrary.framework/Versions/A/ProDisplayLibrary
0x0000000195a94000 	/System/Library/Frameworks/VideoToolbox.framework/Versions/A/VideoToolbox
0x0000000191dda000 	/System/Library/PrivateFrameworks/AggregateDictionary.framework/Versions/A/AggregateDictionary
0x0000000194f98000 	/System/Library/PrivateFrameworks/APFS.framework/Versions/A/APFS
0x0000000195019000 	/usr/lib/libutil.dylib
0x000000025d659000 	/System/Library/PrivateFrameworks/SwiftASN1Internal.framework/Versions/A/SwiftASN1Internal
0x000000018e4fd000 	/System/Library/Frameworks/Accelerate.framework/Versions/A/Frameworks/vImage.framework/Versions/A/vImage
0x000000019b3b2000 	/System/Library/Frameworks/Accelerate.framework/Versions/A/Frameworks/vecLib.framework/Versions/A/vecLib
0x0000000195051000 	/System/Library/Frameworks/Accelerate.framework/Versions/A/Frameworks/vecLib.framework/Versions/A/libvMisc.dylib
0x00000001864d2000 	/System/Library/Frameworks/Accelerate.framework/Versions/A/Frameworks/vecLib.framework/Versions/A/libBLAS.dylib
0x00000001977ab000 	/System/Library/Frameworks/ApplicationServices.framework/Versions/A/Frameworks/ATS.framework/Versions/A/ATS
0x000000018c621000 	/System/Library/Frameworks/ApplicationServices.framework/Versions/A/Frameworks/HIServices.framework/Versions/A/HIServices
0x000000019606a000 	/System/Library/Frameworks/ApplicationServices.framework/Versions/A/Frameworks/PrintCore.framework/Versions/A/PrintCore
0x0000000197b9e000 	/System/Library/Frameworks/ApplicationServices.framework/Versions/A/Frameworks/QD.framework/Versions/A/QD
0x0000000197b95000 	/System/Library/Frameworks/ApplicationServices.framework/Versions/A/Frameworks/ColorSyncLegacy.framework/Versions/A/ColorSyncLegacy
0x000000019777d000 	/System/Library/Frameworks/ApplicationServices.framework/Versions/A/Frameworks/SpeechSynthesis.framework/Versions/A/SpeechSynthesis
0x0000000192aa6000 	/System/Library/PrivateFrameworks/CoreEmoji.framework/Versions/A/CoreEmoji
0x000000023a0c5000 	/System/Library/PrivateFrameworks/FontServices.framework/Versions/A/FontServices
0x000000019559d000 	/System/Library/PrivateFrameworks/OTSVG.framework/Versions/A/OTSVG
0x000000018ece2000 	/System/Library/Frameworks/ApplicationServices.framework/Versions/A/Frameworks/ATS.framework/Versions/A/Resources/libFontRegistry.dylib
0x000000026db38000 	/usr/lib/libhvf.dylib
0x000000024ea40000 	/System/Library/PrivateFrameworks/ParsingInternal.framework/Versions/A/ParsingInternal
0x000000026e77d000 	/usr/lib/swift/libswiftRegexBuilder.dylib
0x000000026e905000 	/usr/lib/swift/libswift_RegexParser.dylib
0x0000000195915000 	/System/Library/PrivateFrameworks/AppleJPEG.framework/Versions/A/AppleJPEG
0x00000001953ba000 	/usr/lib/libexpat.1.dylib
0x0000000195f40000 	/System/Library/Frameworks/ImageIO.framework/Versions/A/Resources/libPng.dylib
0x0000000195f6b000 	/System/Library/Frameworks/ImageIO.framework/Versions/A/Resources/libTIFF.dylib
0x0000000196055000 	/System/Library/Frameworks/ImageIO.framework/Versions/A/Resources/libGIF.dylib
0x000000019595b000 	/System/Library/Frameworks/ImageIO.framework/Versions/A/Resources/libJP2.dylib
0x0000000195ffc000 	/System/Library/Frameworks/ImageIO.framework/Versions/A/Resources/libJPEG.dylib
0x0000000195ff3000 	/System/Library/Frameworks/ImageIO.framework/Versions/A/Resources/libRadiance.dylib
0x000000023ed93000 	/System/Library/PrivateFrameworks/GPUCompiler.framework/Versions/32023/Libraries/libllvm-flatbuffers.dylib
0x000000023a190000 	/System/Library/PrivateFrameworks/FramePacing.framework/Versions/A/FramePacing
0x00000001e5aa3000 	/System/Library/Frameworks/OpenGL.framework/Versions/A/Libraries/libCoreFSCache.dylib
0x000000023ad04000 	/System/Library/PrivateFrameworks/GPUCompiler.framework/Versions/32023/Libraries/libGPUCompilerUtils.dylib
0x000000023a0c6000 	/System/Library/PrivateFrameworks/FontServices.framework/libXTFontStaticRegistryData.dylib
0x00000001a0c79000 	/System/Library/PrivateFrameworks/ASEProcessing.framework/Versions/A/ASEProcessing
0x0000000251c95000 	/System/Library/PrivateFrameworks/PhotosensitivityProcessing.framework/Versions/A/PhotosensitivityProcessing
0x0000000195591000 	/System/Library/PrivateFrameworks/GraphVisualizer.framework/Versions/A/GraphVisualizer
0x00000001e5b01000 	/System/Library/Frameworks/OpenGL.framework/Versions/A/Libraries/libGLU.dylib
0x00000001e5ac5000 	/System/Library/Frameworks/OpenGL.framework/Versions/A/Libraries/libGFXShared.dylib
0x00000001e5c8d000 	/System/Library/Frameworks/OpenGL.framework/Versions/A/Libraries/libGL.dylib
0x00000001e5ace000 	/System/Library/Frameworks/OpenGL.framework/Versions/A/Libraries/libGLImage.dylib
0x00000001e5ac2000 	/System/Library/Frameworks/OpenGL.framework/Versions/A/Libraries/libCVMSPluginSupport.dylib
0x00000001e5aab000 	/System/Library/Frameworks/OpenGL.framework/Versions/A/Libraries/libCoreVMClient.dylib
0x0000000191d1e000 	/System/Library/Frameworks/MetalPerformanceShaders.framework/Versions/A/Frameworks/MPSCore.framework/Versions/A/MPSCore
0x0000000193435000 	/System/Library/Frameworks/MetalPerformanceShaders.framework/Versions/A/Frameworks/MPSImage.framework/Versions/A/MPSImage
0x0000000192e85000 	/System/Library/Frameworks/MetalPerformanceShaders.framework/Versions/A/Frameworks/MPSNeuralNetwork.framework/Versions/A/MPSNeuralNetwork
0x00000001932bc000 	/System/Library/Frameworks/MetalPerformanceShaders.framework/Versions/A/Frameworks/MPSMatrix.framework/Versions/A/MPSMatrix
0x00000001930d1000 	/System/Library/Frameworks/MetalPerformanceShaders.framework/Versions/A/Frameworks/MPSRayIntersector.framework/Versions/A/MPSRayIntersector
0x00000001932ee000 	/System/Library/Frameworks/MetalPerformanceShaders.framework/Versions/A/Frameworks/MPSNDArray.framework/Versions/A/MPSNDArray
0x00000001e9386000 	/System/Library/Frameworks/MetalPerformanceShaders.framework/Versions/A/Frameworks/MPSFunctions.framework/Versions/A/MPSFunctions
0x00000001e9368000 	/System/Library/Frameworks/MetalPerformanceShaders.framework/Versions/A/Frameworks/MPSBenchmarkLoop.framework/Versions/A/MPSBenchmarkLoop
0x000000018634d000 	/System/Library/PrivateFrameworks/MetalTools.framework/Versions/A/MetalTools
0x00000001b33c3000 	/System/Library/PrivateFrameworks/IOAccelMemoryInfo.framework/Versions/A/IOAccelMemoryInfo
0x00000001c0a63000 	/System/Library/PrivateFrameworks/kperf.framework/Versions/A/kperf
0x00000001ae76c000 	/System/Library/PrivateFrameworks/GPURawCounter.framework/Versions/A/GPURawCounter
0x0000000196027000 	/System/Library/Frameworks/ApplicationServices.framework/Versions/A/Frameworks/ATSUI.framework/Versions/A/ATSUI
0x0000000197b29000 	/usr/lib/libcups.2.dylib
0x0000000197bc3000 	/System/Library/Frameworks/Kerberos.framework/Versions/A/Kerberos
0x0000000197829000 	/usr/lib/libresolv.9.dylib
0x0000000193a43000 	/usr/lib/libiconv.2.dylib
0x00000001955ef000 	/System/Library/PrivateFrameworks/Heimdal.framework/Versions/A/Heimdal
0x000000019fa89000 	/System/Library/Frameworks/Kerberos.framework/Versions/A/Libraries/libHeimdalProxy.dylib
0x00000001953d4000 	/usr/lib/libheimdal-asn1.dylib
0x000000018efc7000 	/System/Library/Frameworks/OpenDirectory.framework/Versions/A/OpenDirectory
0x0000000197c26000 	/System/Library/PrivateFrameworks/CommonAuth.framework/Versions/A/CommonAuth
0x000000018efd5000 	/System/Library/Frameworks/OpenDirectory.framework/Versions/A/Frameworks/CFOpenDirectory.framework/Versions/A/CFOpenDirectory
0x000000019399e000 	/usr/lib/libcharset.1.dylib
0x00000001e6029000 	/System/Library/Frameworks/AVFAudio.framework/Versions/A/AVFAudio
0x00000001a80d5000 	/System/Library/PrivateFrameworks/AXCoreUtilities.framework/Versions/A/AXCoreUtilities
0x00000002466c5000 	/System/Library/PrivateFrameworks/IsolatedCoreAudioClient.framework/Versions/A/IsolatedCoreAudioClient
0x0000000197764000 	/usr/lib/libAudioStatistics.dylib
0x0000000190e32000 	/System/Library/PrivateFrameworks/caulk.framework/Versions/A/caulk
0x0000000187f02000 	/System/Library/PrivateFrameworks/AudioToolboxCore.framework/Versions/A/AudioToolboxCore
0x00000001a1d90000 	/System/Library/Frameworks/CoreMIDI.framework/Versions/A/CoreMIDI
0x0000000197707000 	/System/Library/PrivateFrameworks/AudioSession.framework/Versions/A/AudioSession
0x000000019903b000 	/System/Library/Frameworks/IOBluetooth.framework/Versions/A/IOBluetooth
0x00000001954be000 	/System/Library/PrivateFrameworks/MediaExperience.framework/Versions/A/MediaExperience
0x0000000260158000 	/System/Library/PrivateFrameworks/Tightbeam.framework/Versions/A/Tightbeam
0x00000002347dd000 	/System/Library/PrivateFrameworks/CoreAudioOrchestration.framework/Versions/A/CoreAudioOrchestration
0x00000001c5358000 	/System/Library/PrivateFrameworks/AFKUser.framework/Versions/A/AFKUser
0x00000001ae770000 	/usr/lib/swift/libswiftCoreAudio.dylib
0x00000001955de000 	/System/Library/PrivateFrameworks/AppServerSupport.framework/Versions/A/AppServerSupport
0x0000000197ba7000 	/System/Library/PrivateFrameworks/perfdata.framework/Versions/A/perfdata
0x00000001ad931000 	/System/Library/PrivateFrameworks/SystemPolicy.framework/Versions/A/SystemPolicy
0x0000000197a48000 	/usr/lib/libSMC.dylib
0x0000000195f0a000 	/usr/lib/libAudioToolboxUtility.dylib
0x0000000197bb5000 	/usr/lib/libperfcheck.dylib
0x00000002308db000 	/System/Library/PrivateFrameworks/AudioAnalytics.framework/Versions/A/AudioAnalytics
0x00000001d1d95000 	/System/Library/Frameworks/OSLog.framework/Versions/A/OSLog
0x00000001ae738000 	/usr/lib/libmis.dylib
0x0000000197515000 	/System/Library/PrivateFrameworks/AudioSession.framework/libSessionUtility.dylib
0x000000019605b000 	/System/Library/PrivateFrameworks/CMCaptureCore.framework/Versions/A/CMCaptureCore
0x00000001e76c2000 	/System/Library/Frameworks/ExtensionFoundation.framework/Versions/A/ExtensionFoundation
0x000000019d76d000 	/System/Library/PrivateFrameworks/CoreTime.framework/Versions/A/CoreTime
0x00000001952b9000 	/System/Library/PrivateFrameworks/PlugInKit.framework/Versions/A/PlugInKit
0x000000019c29a000 	/System/Library/Frameworks/CoreBluetooth.framework/Versions/A/CoreBluetooth
0x000000019fa8a000 	/System/Library/Frameworks/AudioUnit.framework/Versions/A/AudioUnit
0x0000000192b6a000 	/System/Library/PrivateFrameworks/CoreUtils.framework/Versions/A/CoreUtils
0x000000023774a000 	/System/Library/PrivateFrameworks/CoreUtilsExtras.framework/Versions/A/CoreUtilsExtras
0x000000019b6d3000 	/System/Library/Frameworks/MediaAccessibility.framework/Versions/A/MediaAccessibility
0x00000001b6d2e000 	/System/Library/PrivateFrameworks/AttributeGraph.framework/Versions/A/AttributeGraph
0x000000026d3fa000 	/usr/lib/libAXSafeCategoryBundle.dylib
0x00000001a8191000 	/usr/lib/libAccessibility.dylib
0x00000001929b4000 	/System/Library/Frameworks/Accelerate.framework/Versions/A/Frameworks/vecLib.framework/Versions/A/libvDSP.dylib
0x0000000193cf6000 	/System/Library/Frameworks/Accelerate.framework/Versions/A/Frameworks/vecLib.framework/Versions/A/libLAPACK.dylib
0x0000000192e70000 	/System/Library/Frameworks/Accelerate.framework/Versions/A/Frameworks/vecLib.framework/Versions/A/libLinearAlgebra.dylib
0x0000000193c05000 	/System/Library/Frameworks/Accelerate.framework/Versions/A/Frameworks/vecLib.framework/Versions/A/libSparseBLAS.dylib
0x0000000193cf1000 	/System/Library/Frameworks/Accelerate.framework/Versions/A/Frameworks/vecLib.framework/Versions/A/libQuadrature.dylib
0x0000000191f07000 	/System/Library/Frameworks/Accelerate.framework/Versions/A/Frameworks/vecLib.framework/Versions/A/libBNNS.dylib
0x0000000186a2a000 	/System/Library/Frameworks/Accelerate.framework/Versions/A/Frameworks/vecLib.framework/Versions/A/libSparse.dylib
0x0000000247e30000 	/System/Library/PrivateFrameworks/MIL.framework/Versions/A/MIL
0x0000000195fee000 	/System/Library/PrivateFrameworks/GPUWrangler.framework/Versions/A/GPUWrangler
0x0000000195fce000 	/System/Library/PrivateFrameworks/IOPresentment.framework/Versions/A/IOPresentment
0x0000000195ff6000 	/System/Library/PrivateFrameworks/DSExternalDisplay.framework/Versions/A/DSExternalDisplay
0x00000001d219a000 	/System/Library/PrivateFrameworks/HIDDisplay.framework/Versions/A/HIDDisplay
0x00000001a73ac000 	/System/Library/PrivateFrameworks/HID.framework/Versions/A/HID
0x000000026398e000 	/System/Library/PrivateFrameworks/VideoToolboxParavirtualizationSupport.framework/Versions/A/VideoToolboxParavirtualizationSupport
0x0000000195371000 	/System/Library/PrivateFrameworks/AppleVA.framework/Versions/A/AppleVA
0x000000019d2dd000 	/System/Library/PrivateFrameworks/GraphicsServices.framework/Versions/A/GraphicsServices
0x0000000197d98000 	/System/Library/PrivateFrameworks/CorePhoneNumbers.framework/Versions/A/CorePhoneNumbers
0x000000019c481000 	/System/Library/PrivateFrameworks/MediaKit.framework/Versions/A/MediaKit
0x000000019c3cc000 	/System/Library/Frameworks/DiscRecording.framework/Versions/A/DiscRecording
0x0000000197b88000 	/System/Library/PrivateFrameworks/NetAuth.framework/Versions/A/NetAuth
0x000000018f1c5000 	/System/Library/PrivateFrameworks/login.framework/Versions/A/Frameworks/loginsupport.framework/Versions/A/loginsupport
0x00000001953de000 	/System/Library/PrivateFrameworks/IconFoundation.framework/Versions/A/IconFoundation
0x000000019515c000 	/usr/lib/libIOReport.dylib
0x00000002304ed000 	/System/Library/PrivateFrameworks/AppleMobileFileIntegrity.framework/Versions/A/AppleMobileFileIntegrity
0x000000026d7b7000 	/usr/lib/libTLE.dylib
0x00000001e2b00000 	/System/Library/PrivateFrameworks/ConfigProfileHelper.framework/Versions/A/ConfigProfileHelper
0x0000000192e0d000 	/usr/lib/libmecab.dylib
0x0000000186b1e000 	/usr/lib/libCRFSuite.dylib
0x0000000191de3000 	/System/Library/PrivateFrameworks/CoreNLP.framework/Versions/A/CoreNLP
0x0000000193bbe000 	/usr/lib/libThaiTokenizer.dylib
0x0000000192dd7000 	/usr/lib/libCheckFix.dylib
0x000000018e408000 	/System/Library/PrivateFrameworks/MetadataUtilities.framework/Versions/A/MetadataUtilities
0x0000000243838000 	/System/Library/PrivateFrameworks/InstalledContentLibrary.framework/Versions/A/InstalledContentLibrary
0x000000018961e000 	/System/Library/PrivateFrameworks/CoreServicesStore.framework/Versions/A/CoreServicesStore
0x00000001c0b6c000 	/System/Library/PrivateFrameworks/MobileSystemServices.framework/Versions/A/MobileSystemServices
0x000000019501d000 	/usr/lib/libxslt.1.dylib
0x0000000192d9a000 	/System/Library/PrivateFrameworks/BackgroundTaskManagement.framework/Versions/A/BackgroundTaskManagement
0x000000019f200000 	/usr/lib/libcurl.4.dylib
0x000000026d9eb000 	/usr/lib/libcrypto.46.dylib
0x000000026e512000 	/usr/lib/libssl.48.dylib
0x000000019eed9000 	/System/Library/Frameworks/LDAP.framework/Versions/A/LDAP
0x000000019ef15000 	/System/Library/PrivateFrameworks/TrustEvaluationAgent.framework/Versions/A/TrustEvaluationAgent
0x0000000197846000 	/usr/lib/libsasl2.2.dylib
0x00000001abbb4000 	/usr/lib/swift/libswiftCoreGraphics.dylib
0x000000019bd02000 	/usr/lib/swift/libswiftFoundation.dylib
0x00000001e258a000 	/usr/lib/swift/libswiftSwiftOnoneSupport.dylib
0x00000001ce4ad000 	/System/Library/PrivateFrameworks/CoreMaterial.framework/Versions/A/CoreMaterial
0x0000000254531000 	/System/Library/PrivateFrameworks/SFSymbols.framework/Versions/A/SFSymbols
0x000000019afcd000 	/System/Library/PrivateFrameworks/SpeechRecognitionCore.framework/Versions/A/SpeechRecognitionCore
0x000000010d820000 	/Documents/curseforge/minecraft/Install/runtime/java-runtime-gamma/mac-os-arm64/java-runtime-gamma/jre.bundle/Contents/Home/lib/server/libjvm.dylib
0x000000010501c000 	/Documents/curseforge/minecraft/Install/runtime/java-runtime-gamma/mac-os-arm64/java-runtime-gamma/jre.bundle/Contents/Home/lib/libjimage.dylib
0x00000001050b4000 	/Documents/curseforge/minecraft/Install/runtime/java-runtime-gamma/mac-os-arm64/java-runtime-gamma/jre.bundle/Contents/Home/lib/libjava.dylib
0x00000001052f0000 	/Documents/curseforge/minecraft/Install/runtime/java-runtime-gamma/mac-os-arm64/java-runtime-gamma/jre.bundle/Contents/Home/lib/libzip.dylib
0x000000010531c000 	/Documents/curseforge/minecraft/Install/runtime/java-runtime-gamma/mac-os-arm64/java-runtime-gamma/jre.bundle/Contents/Home/lib/libnio.dylib
0x0000000105340000 	/Documents/curseforge/minecraft/Install/runtime/java-runtime-gamma/mac-os-arm64/java-runtime-gamma/jre.bundle/Contents/Home/lib/libnet.dylib
0x0000000105368000 	/Documents/curseforge/minecraft/Install/runtime/java-runtime-gamma/mac-os-arm64/java-runtime-gamma/jre.bundle/Contents/Home/lib/libverify.dylib
0x0000000105388000 	/Documents/curseforge/minecraft/Install/runtime/java-runtime-gamma/mac-os-arm64/java-runtime-gamma/jre.bundle/Contents/Home/lib/libmanagement.dylib
0x0000000105414000 	/Documents/curseforge/minecraft/Install/runtime/java-runtime-gamma/mac-os-arm64/java-runtime-gamma/jre.bundle/Contents/Home/lib/libmanagement_ext.dylib
0x0000000105474000 	/Documents/curseforge/minecraft/Install/bin/8b8a59c96ecc87d7f8fcc3bcf7b5b68c3d06a2db/liblwjgl.dylib
0x00000001054bc000 	/Documents/curseforge/minecraft/Install/bin/8b8a59c96ecc87d7f8fcc3bcf7b5b68c3d06a2db/libglfw.dylib
0x000000011e738000 	/Documents/curseforge/minecraft/Install/bin/8b8a59c96ecc87d7f8fcc3bcf7b5b68c3d06a2db/libjemalloc.dylib
0x000000018ee8d000 	/System/Library/PrivateFrameworks/ViewBridge.framework/Versions/A/ViewBridge
0x000000026d3fe000 	/usr/lib/libAccessibilityBaseImplementations.dylib
0x000000011edd0000 	/usr/lib/libobjc-trampolines.dylib
0x0000000266f19000 	/System/Library/PrivateFrameworks/WritingToolsUI.framework/Versions/A/WritingToolsUI
0x000000023fee9000 	/System/Library/PrivateFrameworks/GenerativeAssistantSettings.framework/Versions/A/GenerativeAssistantSettings
0x000000025e3a5000 	/System/Library/PrivateFrameworks/TextComposer.framework/Versions/A/TextComposer
0x00000001ae798000 	/usr/lib/swift/libswiftIntents.dylib
0x000000026e78f000 	/usr/lib/swift/libswiftSpatial.dylib
0x00000001e6182000 	/System/Library/Frameworks/AppIntents.framework/Versions/A/AppIntents
0x00000001b560e000 	/System/Library/Frameworks/SwiftUI.framework/Versions/A/SwiftUI
0x00000001abc90000 	/System/Library/Frameworks/WebKit.framework/Versions/A/WebKit
0x00000001ed9a4000 	/System/Library/Frameworks/_AuthenticationServices_SwiftUI.framework/Versions/A/_AuthenticationServices_SwiftUI
0x000000022e3bd000 	/System/Library/PrivateFrameworks/Anvil.framework/Versions/A/Anvil
0x00000001b4c83000 	/System/Library/PrivateFrameworks/AppStoreDaemon.framework/Versions/A/AppStoreDaemon
0x00000001a1faa000 	/System/Library/PrivateFrameworks/AppleMediaServices.framework/Versions/A/AppleMediaServices
0x00000001b173b000 	/System/Library/PrivateFrameworks/AppleMediaServicesUI.framework/Versions/A/AppleMediaServicesUI
0x000000023fec5000 	/System/Library/PrivateFrameworks/GenerativeAssistantCommon.framework/Versions/A/GenerativeAssistantCommon
0x00000001e1ba5000 	/System/Library/PrivateFrameworks/JetEngine.framework/Versions/A/JetEngine
0x0000000247799000 	/System/Library/PrivateFrameworks/LinkMetadata.framework/Versions/A/LinkMetadata
0x00000001af01a000 	/System/Library/PrivateFrameworks/OnBoardingKit.framework/Versions/A/OnBoardingKit
0x000000025534c000 	/System/Library/PrivateFrameworks/Settings.framework/Versions/A/Settings
0x000000019380e000 	/System/Library/Frameworks/CoreSpotlight.framework/Versions/A/CoreSpotlight
0x00000002479da000 	/System/Library/PrivateFrameworks/LinkServices.framework/Versions/A/LinkServices
0x00000002383cc000 	/System/Library/PrivateFrameworks/DoNotDisturb.framework/Versions/A/DoNotDisturb
0x00000001b34d1000 	/System/Library/PrivateFrameworks/IntentsCore.framework/Versions/A/IntentsCore
0x0000000230cc9000 	/System/Library/PrivateFrameworks/AvailabilityKit.framework/Versions/A/AvailabilityKit
0x000000022e607000 	/System/Library/PrivateFrameworks/AppIntentSchemas.framework/Versions/A/AppIntentSchemas
0x000000025ce83000 	/System/Library/PrivateFrameworks/StatusKit.framework/Versions/A/StatusKit
0x000000025370f000 	/System/Library/PrivateFrameworks/RecapPerformanceTesting.framework/Versions/A/RecapPerformanceTesting
0x00000001af00a000 	/System/Library/PrivateFrameworks/SignpostCollection.framework/Versions/A/SignpostCollection
0x000000026d7b6000 	/usr/lib/libSpatial.dylib
0x00000001a19a1000 	/System/Library/Frameworks/WebKit.framework/Versions/A/Frameworks/WebKitLegacy.framework/Versions/A/WebKitLegacy
0x00000001ad356000 	/System/Library/Frameworks/Carbon.framework/Versions/A/Carbon
0x000000019f8ea000 	/System/Library/PrivateFrameworks/CorePrediction.framework/Versions/A/CorePrediction
0x000000018fe7c000 	/System/Library/Frameworks/WebKit.framework/Versions/A/Frameworks/WebCore.framework/Versions/A/Frameworks/libwebrtc.dylib
0x00000001abc1c000 	/System/Library/PrivateFrameworks/SafariSafeBrowsing.framework/Versions/A/SafariSafeBrowsing
0x00000001978cf000 	/System/Library/Frameworks/SecurityInterface.framework/Versions/A/SecurityInterface
0x00000001af019000 	/System/Library/PrivateFrameworks/WebInspectorUI.framework/Versions/A/WebInspectorUI
0x00000001a4428000 	/System/Library/Frameworks/JavaScriptCore.framework/Versions/A/JavaScriptCore
0x00000001a81c2000 	/System/Library/Frameworks/WebKit.framework/Versions/A/Frameworks/WebCore.framework/Versions/A/WebCore
0x00000001a4421000 	/System/Library/Frameworks/Carbon.framework/Versions/A/Frameworks/CommonPanels.framework/Versions/A/CommonPanels
0x000000019f1eb000 	/System/Library/Frameworks/Carbon.framework/Versions/A/Frameworks/Help.framework/Versions/A/Help
0x00000001a4425000 	/System/Library/Frameworks/Carbon.framework/Versions/A/Frameworks/ImageCapture.framework/Versions/A/ImageCapture
0x00000001a4401000 	/System/Library/Frameworks/Carbon.framework/Versions/A/Frameworks/OpenScripting.framework/Versions/A/OpenScripting
0x00000001a4420000 	/System/Library/Frameworks/Carbon.framework/Versions/A/Frameworks/Ink.framework/Versions/A/Ink
0x00000001a441d000 	/System/Library/Frameworks/Carbon.framework/Versions/A/Frameworks/SecurityHI.framework/Versions/A/SecurityHI
0x00000001e6b53000 	/System/Library/Frameworks/BrowserEngineCore.framework/Versions/A/BrowserEngineCore
0x00000001ed505000 	/System/Library/Frameworks/WebKit.framework/Versions/A/Frameworks/WebCore.framework/Versions/A/Frameworks/libANGLE-shared.dylib
0x0000000265b17000 	/System/Library/PrivateFrameworks/WebGPU.framework/Versions/A/WebGPU
0x00000001b0dce000 	/System/Library/Frameworks/SceneKit.framework/Versions/A/SceneKit
0x00000001c138c000 	/System/Library/Frameworks/ModelIO.framework/Versions/A/ModelIO
0x0000000199206000 	/System/Library/Frameworks/MetalKit.framework/Versions/A/MetalKit
0x000000019b2e4000 	/System/Library/Frameworks/GLKit.framework/Versions/A/GLKit
0x000000026ecc5000 	/usr/lib/usd/libusd_ms.dylib
0x00000002621a3000 	/System/Library/PrivateFrameworks/USDLib_FormatLoaderProxy.framework/Versions/A/USDLib_FormatLoaderProxy
0x00000001ae225000 	/System/Library/PrivateFrameworks/CoreOptimization.framework/Versions/A/CoreOptimization
0x0000000230b9c000 	/System/Library/PrivateFrameworks/AuthenticationServicesCore.framework/Versions/A/AuthenticationServicesCore
0x00000001b7f16000 	/System/Library/Frameworks/AuthenticationServices.framework/Versions/A/AuthenticationServices
0x0000000195295000 	/System/Library/PrivateFrameworks/SharedWebCredentials.framework/Versions/A/SharedWebCredentials
0x00000001afe3a000 	/System/Library/PrivateFrameworks/SafariCore.framework/Versions/A/SafariCore
0x00000001b7a72000 	/System/Library/PrivateFrameworks/SafariFoundation.framework/Versions/A/SafariFoundation
0x0000000231d11000 	/System/Library/PrivateFrameworks/CBORLibrary.framework/Versions/A/CBORLibrary
0x0000000232a7b000 	/System/Library/PrivateFrameworks/Chirp.framework/Versions/A/Chirp
0x00000001e2e35000 	/System/Library/PrivateFrameworks/RemoteManagement.framework/Versions/A/RemoteManagement
0x0000000253a62000 	/System/Library/PrivateFrameworks/RemoteManagementModel.framework/Versions/A/RemoteManagementModel
0x0000000253aef000 	/System/Library/PrivateFrameworks/RemoteManagementStore.framework/Versions/A/RemoteManagementStore
0x0000000199224000 	/usr/lib/libxcselect.dylib
0x00000001b79e4000 	/System/Library/PrivateFrameworks/DifferentialPrivacy.framework/Versions/A/DifferentialPrivacy
0x000000019bfb3000 	/System/Library/Frameworks/Contacts.framework/Versions/A/Contacts
0x00000002629c7000 	/System/Library/PrivateFrameworks/VDAF.framework/Versions/A/VDAF
0x000000019bdd0000 	/System/Library/PrivateFrameworks/ContactsPersistence.framework/Versions/A/ContactsPersistence
0x000000019afe7000 	/System/Library/PrivateFrameworks/AppleLDAP.framework/Versions/A/AppleLDAP
0x000000019f592000 	/System/Library/Frameworks/ClassKit.framework/Versions/A/ClassKit
0x00000001a16cd000 	/System/Library/PrivateFrameworks/CoreSuggestions.framework/Versions/A/CoreSuggestions
0x000000019bd03000 	/System/Library/PrivateFrameworks/ContactsFoundation.framework/Versions/A/ContactsFoundation
0x000000019d29f000 	/System/Library/PrivateFrameworks/vCard.framework/Versions/A/vCard
0x000000023401a000 	/System/Library/PrivateFrameworks/ContactsMetrics.framework/Versions/A/ContactsMetrics
0x00000001956b0000 	/System/Library/PrivateFrameworks/login.framework/Versions/A/login
0x0000000249b1a000 	/System/Library/PrivateFrameworks/ManagedOrganizationContacts.framework/Versions/A/ManagedOrganizationContacts
0x000000018f5e8000 	/System/Library/PrivateFrameworks/CloudDocs.framework/Versions/A/CloudDocs
0x00000001a0ccb000 	/System/Library/PrivateFrameworks/ConfigurationProfiles.framework/Versions/A/ConfigurationProfiles
0x000000023795a000 	/System/Library/PrivateFrameworks/DMCUtilities.framework/Versions/A/DMCUtilities
0x0000000247dad000 	/System/Library/PrivateFrameworks/MDMClientLibrary.framework/Versions/A/MDMClientLibrary
0x0000000253ae3000 	/System/Library/PrivateFrameworks/RemoteManagementProtocol.framework/Versions/A/RemoteManagementProtocol
0x000000026d5c7000 	/usr/lib/libEndpointSecuritySystem.dylib
0x000000019b70d000 	/System/Library/PrivateFrameworks/SystemAdministration.framework/Versions/A/SystemAdministration
0x00000001a5d06000 	/System/Library/PrivateFrameworks/PowerlogControl.framework/Versions/A/PowerlogControl
0x0000000192dc9000 	/System/Library/Frameworks/ServiceManagement.framework/Versions/A/ServiceManagement
0x00000001a5d08000 	/usr/lib/libUniversalAccess.dylib
0x00000001a2a02000 	/System/Library/PrivateFrameworks/FamilyControls.framework/Versions/A/FamilyControls
0x000000019af98000 	/System/Library/Frameworks/DirectoryService.framework/Versions/A/DirectoryService
0x000000019f282000 	/System/Library/PrivateFrameworks/LoginUIKit.framework/Versions/A/Frameworks/LoginUICore.framework/Versions/A/LoginUICore
0x000000019589e000 	/usr/lib/libodfde.dylib
0x00000001a29fc000 	/System/Library/PrivateFrameworks/UniversalAccess.framework/Versions/A/Libraries/libUAPreferences.dylib
0x00000001a2a26000 	/System/Library/PrivateFrameworks/CommerceKit.framework/Versions/A/Frameworks/CommerceCore.framework/Versions/A/CommerceCore
0x0000000237908000 	/System/Library/PrivateFrameworks/DEPClientLibrary.framework/Versions/A/DEPClientLibrary
0x0000000237928000 	/System/Library/PrivateFrameworks/DMCEnrollmentLibrary.framework/Versions/A/DMCEnrollmentLibrary
0x00000001a5dec000 	/System/Library/PrivateFrameworks/SetupAssistantFramework.framework/Versions/A/SetupAssistantFramework
0x000000019f944000 	/System/Library/PrivateFrameworks/AuthKitUI.framework/Versions/A/AuthKitUI
0x000000019f2cc000 	/System/Library/PrivateFrameworks/AppSSO.framework/Versions/A/AppSSO
0x00000001b49e9000 	/System/Library/PrivateFrameworks/LocalAuthenticationUI.framework/Versions/A/LocalAuthenticationUI
0x0000000251cfa000 	/System/Library/PrivateFrameworks/PlatformSSO.framework/Versions/A/PlatformSSO
0x00000001b53d6000 	/System/Library/PrivateFrameworks/AOSUI.framework/Versions/A/AOSUI
0x00000001a787f000 	/System/Library/Frameworks/ContactsUI.framework/Versions/A/ContactsUI
0x000000019c1ea000 	/System/Library/PrivateFrameworks/FamilyCircle.framework/Versions/A/FamilyCircle
0x00000001c2a26000 	/System/Library/Frameworks/LinkPresentation.framework/Versions/A/LinkPresentation
0x0000000251dc5000 	/System/Library/PrivateFrameworks/PlatformSSOCore.framework/Versions/A/PlatformSSOCore
0x00000001a758d000 	/System/Library/PrivateFrameworks/IASUtilities.framework/Versions/A/IASUtilities
0x0000000242eb1000 	/System/Library/PrivateFrameworks/IASUtilitiesCore.framework/Versions/A/IASUtilitiesCore
0x0000000247c97000 	/System/Library/PrivateFrameworks/LocalAuthenticationCoreUI.framework/Versions/A/LocalAuthenticationCoreUI
0x00000001ae4b9000 	/System/Library/Frameworks/LocalAuthentication.framework/Support/DaemonUtils.framework/Versions/A/DaemonUtils
0x00000001b1702000 	/System/Library/PrivateFrameworks/BridgeXPC.framework/Versions/A/BridgeXPC
0x00000001956d4000 	/System/Library/PrivateFrameworks/CoreBrightness.framework/Versions/A/CoreBrightness
0x00000001af0f2000 	/System/Library/PrivateFrameworks/CoreKDL.framework/Versions/A/CoreKDL
0x00000001ad92a000 	/System/Library/PrivateFrameworks/EmbeddedOSSupportHost.framework/Versions/A/EmbeddedOSSupportHost
0x000000025dbd3000 	/System/Library/PrivateFrameworks/SystemStatus.framework/Versions/A/SystemStatus
0x00000001bcb29000 	/System/Library/PrivateFrameworks/StorageKit.framework/Versions/A/StorageKit
0x00000001e44af000 	/System/Library/Frameworks/DeviceCheck.framework/Versions/A/DeviceCheck
0x00000001e77c8000 	/System/Library/Frameworks/FSKit.framework/Versions/A/FSKit
0x00000002380f4000 	/System/Library/PrivateFrameworks/DiskImages2.framework/Versions/A/DiskImages2
0x0000000247b2a000 	/System/Library/PrivateFrameworks/LiveFS.framework/Versions/A/LiveFS
0x000000026ae98000 	/System/Library/PrivateFrameworks/icloudMCCKit.framework/Versions/A/icloudMCCKit
0x000000022f2f4000 	/System/Library/PrivateFrameworks/AppleAccountUI.framework/Versions/A/AppleAccountUI
0x00000002335a0000 	/System/Library/PrivateFrameworks/CloudSubscriptionFeatures.framework/Versions/A/CloudSubscriptionFeatures
0x00000001ce479000 	/System/Library/PrivateFrameworks/PreferencePanesSupport.framework/Versions/A/PreferencePanesSupport
0x00000001b5586000 	/System/Library/PrivateFrameworks/FindMyDeviceUI.framework/Versions/A/FindMyDeviceUI
0x0000000268ad1000 	/System/Library/PrivateFrameworks/iCloudQuotaUI.framework/Versions/A/iCloudQuotaUI
0x00000001ce62c000 	/System/Library/PrivateFrameworks/CoreCDPUI.framework/Versions/A/CoreCDPUI
0x00000001afba2000 	/System/Library/PrivateFrameworks/CoreFollowUpUI.framework/Versions/A/CoreFollowUpUI
0x0000000197908000 	/System/Library/PrivateFrameworks/CoreFollowUp.framework/Versions/A/CoreFollowUp
0x00000001bb8aa000 	/System/Library/PrivateFrameworks/IMCore.framework/Versions/A/IMCore
0x00000001a5d6e000 	/System/Library/PrivateFrameworks/CoreCDP.framework/Versions/A/CoreCDP
0x00000001a1f9c000 	/System/Library/PrivateFrameworks/AskPermission.framework/Versions/A/AskPermission
0x00000001b344e000 	/System/Library/Frameworks/Quartz.framework/Versions/A/Quartz
0x00000001bf3dd000 	/System/Library/PrivateFrameworks/CloudPhotoServicesConfiguration.framework/Versions/A/CloudPhotoServicesConfiguration
0x00000001b1e68000 	/System/Library/PrivateFrameworks/CommerceKit.framework/Versions/A/CommerceKit
0x00000001c0cfe000 	/System/Library/PrivateFrameworks/FindMyMac.framework/Versions/A/FindMyMac
0x00000001c0bd5000 	/System/Library/Frameworks/PreferencePanes.framework/Versions/A/PreferencePanes
0x00000001b4ae1000 	/System/Library/Frameworks/AddressBook.framework/Versions/A/AddressBook
0x00000001a0f93000 	/System/Library/PrivateFrameworks/AOSAccounts.framework/Versions/A/AOSAccounts
0x000000019b707000 	/System/Library/PrivateFrameworks/AppleSRP.framework/Versions/A/AppleSRP
0x00000001ae3d4000 	/System/Library/Frameworks/SafariServices.framework/Versions/A/SafariServices
0x000000019fa92000 	/System/Library/PrivateFrameworks/NetFSServer.framework/Versions/A/NetFSServer
0x00000001b0ca7000 	/System/Library/Frameworks/PDFKit.framework/Versions/A/PDFKit
0x00000001c1bed000 	/System/Library/PrivateFrameworks/EmailFoundation.framework/Versions/A/EmailFoundation
0x00000001c0c32000 	/System/Library/PrivateFrameworks/EmailCore.framework/Versions/A/EmailCore
0x00000001c49fd000 	/System/Library/PrivateFrameworks/EmailAddressing.framework/Versions/A/EmailAddressing
0x00000001c4a09000 	/System/Library/PrivateFrameworks/Email.framework/Versions/A/Email
0x0000000230e0b000 	/System/Library/PrivateFrameworks/BackgroundSystemTasks.framework/Versions/A/BackgroundSystemTasks
0x0000000247d26000 	/System/Library/PrivateFrameworks/LockdownMode.framework/Versions/A/LockdownMode
0x000000019c1e4000 	/System/Library/PrivateFrameworks/CommunicationsFilter.framework/Versions/A/CommunicationsFilter
0x0000000230ccc000 	/System/Library/PrivateFrameworks/AvatarKit.framework/Versions/A/AvatarKit
0x0000000230d84000 	/System/Library/PrivateFrameworks/AvatarPersistence.framework/Versions/A/AvatarPersistence
0x0000000253b58000 	/System/Library/PrivateFrameworks/RemoteUI.framework/Versions/A/RemoteUI
0x000000019b3b0000 	/usr/lib/libCTGreenTeaLogger.dylib
0x00000001ecea7000 	/System/Library/Frameworks/TipKit.framework/Versions/A/TipKit
0x00000001d0096000 	/System/Library/PrivateFrameworks/AppleCVA.framework/Versions/A/AppleCVA
0x0000000230d83000 	/System/Library/PrivateFrameworks/AvatarKitContent.framework/Versions/A/AvatarKitContent
0x000000019b3d8000 	/System/Library/PrivateFrameworks/CoreAppleCVA.framework/Versions/A/CoreAppleCVA
0x0000000246b69000 	/System/Library/PrivateFrameworks/LiftUI.framework/Versions/A/LiftUI
0x00000001e778c000 	/System/Library/Frameworks/ExtensionKit.framework/Versions/A/ExtensionKit
0x000000023350f000 	/System/Library/PrivateFrameworks/CloudSettings.framework/Versions/A/CloudSettings
0x00000001a1799000 	/System/Library/Frameworks/EventKit.framework/Versions/A/EventKit
0x00000001af247000 	/System/Library/PrivateFrameworks/SearchFoundation.framework/Versions/A/SearchFoundation
0x00000001ade6b000 	/System/Library/PrivateFrameworks/CoreRoutine.framework/Versions/A/CoreRoutine
0x00000001bc67d000 	/System/Library/PrivateFrameworks/Categories.framework/Versions/A/Categories
0x0000000232637000 	/System/Library/PrivateFrameworks/CalendarDatabase.framework/Versions/A/CalendarDatabase
0x000000023258b000 	/System/Library/PrivateFrameworks/CalendarDaemon.framework/Versions/A/CalendarDaemon
0x00000001a0be3000 	/System/Library/PrivateFrameworks/CalendarFoundation.framework/Versions/A/CalendarFoundation
0x00000001a0b9f000 	/System/Library/PrivateFrameworks/iCalendar.framework/Versions/A/iCalendar
0x0000000237b8f000 	/System/Library/PrivateFrameworks/DataAccessExpress.framework/Versions/A/DataAccessExpress
0x00000001b51fe000 	/System/Library/PrivateFrameworks/FTClientServices.framework/Versions/A/FTClientServices
0x00000001a741f000 	/System/Library/PrivateFrameworks/CoreDAV.framework/Versions/A/CoreDAV
0x00000001a166e000 	/System/Library/PrivateFrameworks/CalDAV.framework/Versions/A/CalDAV
0x00000001ab97a000 	/System/Library/PrivateFrameworks/TelephonyUtilities.framework/Versions/A/TelephonyUtilities
0x00000001afc6d000 	/System/Library/Frameworks/CallKit.framework/Versions/A/CallKit
0x00000001d76f6000 	/System/Library/PrivateFrameworks/IMTransferServices.framework/Versions/A/IMTransferServices
0x00000001ae23f000 	/System/Library/PrivateFrameworks/IncomingCallFilter.framework/Versions/A/IncomingCallFilter
0x000000024cc7f000 	/System/Library/PrivateFrameworks/NeighborhoodActivityConduit.framework/Versions/A/NeighborhoodActivityConduit
0x000000026d59d000 	/usr/lib/libBASupport.dylib
0x00000001bb655000 	/System/Library/PrivateFrameworks/SpotlightReceiver.framework/Versions/A/SpotlightReceiver
0x000000023378c000 	/System/Library/PrivateFrameworks/Coherence.framework/Versions/A/Coherence
0x00000001ab875000 	/System/Library/PrivateFrameworks/CoreParsec.framework/Versions/A/CoreParsec
0x000000024f94d000 	/System/Library/PrivateFrameworks/PegasusAPI.framework/Versions/A/PegasusAPI
0x0000000250618000 	/System/Library/PrivateFrameworks/PegasusConfiguration.framework/Versions/A/PegasusConfiguration
0x0000000247cfd000 	/System/Library/PrivateFrameworks/LocalStatusKit.framework/Versions/A/LocalStatusKit
0x00000001afe20000 	/System/Library/PrivateFrameworks/ContextKit.framework/Versions/A/ContextKit
0x0000000234147000 	/System/Library/PrivateFrameworks/ContextKitCore.framework/Versions/A/ContextKitCore
0x00000001b5202000 	/System/Library/PrivateFrameworks/CharacterPicker.framework/Versions/A/CharacterPicker
0x00000001ae346000 	/System/Library/PrivateFrameworks/ContactsDonation.framework/Versions/A/ContactsDonation
0x00000001a777b000 	/System/Library/PrivateFrameworks/ContactsUICore.framework/Versions/A/ContactsUICore
0x00000001adc4e000 	/System/Library/PrivateFrameworks/DataDetectors.framework/Versions/A/DataDetectors
0x00000001a165a000 	/System/Library/Frameworks/MediaLibrary.framework/Versions/A/MediaLibrary
0x000000019c1d3000 	/System/Library/PrivateFrameworks/PersonaKit.framework/Versions/A/PersonaKit
0x00000001a7769000 	/System/Library/PrivateFrameworks/PersonaUI.framework/Versions/A/PersonaUI
0x0000000243746000 	/System/Library/PrivateFrameworks/InputToolKitUI.framework/Versions/A/InputToolKitUI
0x0000000243731000 	/System/Library/PrivateFrameworks/InputToolKit.framework/Versions/A/InputToolKit
0x000000025cfbc000 	/System/Library/PrivateFrameworks/Stickers.framework/Versions/A/Stickers
0x00000002436a3000 	/System/Library/PrivateFrameworks/InputAnalytics.framework/Versions/A/InputAnalytics
0x00000001b6d71000 	/System/Library/PrivateFrameworks/EmojiFoundation.framework/Versions/A/EmojiFoundation
0x00000002396e0000 	/System/Library/PrivateFrameworks/FeedbackService.framework/Versions/A/FeedbackService
0x000000019be4f000 	/System/Library/PrivateFrameworks/AddressBookCore.framework/Versions/A/AddressBookCore
0x00000001afb22000 	/System/Library/PrivateFrameworks/IntlPreferences.framework/Versions/A/IntlPreferences
0x00000001b4c64000 	/System/Library/PrivateFrameworks/ToneKit.framework/Versions/A/ToneKit
0x00000001afb68000 	/System/Library/PrivateFrameworks/ToneLibrary.framework/Versions/A/ToneLibrary
0x0000000233fe0000 	/System/Library/PrivateFrameworks/ContactsAccounts.framework/Versions/A/ContactsAccounts
0x00000001c05f5000 	/System/Library/PrivateFrameworks/Transparency.framework/Versions/A/Transparency
0x00000001a0b8e000 	/System/Library/PrivateFrameworks/CoreRecents.framework/Versions/A/CoreRecents
0x000000022e644000 	/System/Library/PrivateFrameworks/AppIntentsServices.framework/Versions/A/AppIntentsServices
0x00000001cde9a000 	/System/Library/PrivateFrameworks/DiagnosticRequest.framework/Versions/A/DiagnosticRequest
0x00000001b336b000 	/System/Library/PrivateFrameworks/Lookup.framework/Versions/A/Lookup
0x00000001eb0a9000 	/System/Library/Frameworks/QuickLookUI.framework/Versions/A/QuickLookUI
0x000000025d95b000 	/System/Library/PrivateFrameworks/Symptoms.framework/Versions/A/Frameworks/SymptomPresentationFeed.framework/Versions/A/SymptomPresentationFeed
0x00000001eba87000 	/System/Library/Frameworks/ScreenCaptureKit.framework/Versions/A/ScreenCaptureKit
0x00000001b07bb000 	/System/Library/Frameworks/Quartz.framework/Versions/A/Frameworks/QuartzComposer.framework/Versions/A/QuartzComposer
0x00000001afaf9000 	/System/Library/Frameworks/Quartz.framework/Versions/A/Frameworks/QuartzFilters.framework/Versions/A/QuartzFilters
0x00000001aebfa000 	/System/Library/Frameworks/Quartz.framework/Versions/A/Frameworks/ImageKit.framework/Versions/A/ImageKit
0x00000001e5e1d000 	/System/Library/Frameworks/OpenCL.framework/Versions/A/OpenCL
0x00000001ad355000 	/System/Library/PrivateFrameworks/CorePDF.framework/Versions/A/CorePDF
0x000000019919d000 	/System/Library/Frameworks/QuickLook.framework/Versions/A/QuickLook
0x00000001a3426000 	/System/Library/PrivateFrameworks/DisplayServices.framework/Versions/A/DisplayServices
0x00000001afa69000 	/System/Library/Frameworks/ImageCaptureCore.framework/Versions/A/ImageCaptureCore
0x0000000264478000 	/System/Library/PrivateFrameworks/VisionKitCore.framework/Versions/A/VisionKitCore
0x00000001ab845000 	/System/Library/PrivateFrameworks/QuickLookSupport.framework/Versions/A/QuickLookSupport
0x000000024a382000 	/System/Library/PrivateFrameworks/MediaAnalysisServices.framework/Versions/A/MediaAnalysisServices
0x00000001b235e000 	/System/Library/PrivateFrameworks/PhotoLibraryServices.framework/Versions/A/PhotoLibraryServices
0x00000001af6b3000 	/System/Library/Frameworks/Photos.framework/Versions/A/Photos
0x00000001c2e06000 	/System/Library/PrivateFrameworks/PhotosFormats.framework/Versions/A/PhotosFormats
0x00000001bf40f000 	/System/Library/PrivateFrameworks/CloudPhotoLibrary.framework/Versions/A/CloudPhotoLibrary
0x00000001c83aa000 	/System/Library/PrivateFrameworks/CloudPhotoServices.framework/Versions/A/CloudPhotoServices
0x00000001c4b71000 	/System/Library/PrivateFrameworks/CoreMediaStream.framework/Versions/A/CoreMediaStream
0x000000019c7fc000 	/System/Library/PrivateFrameworks/CPAnalytics.framework/Versions/A/CPAnalytics
0x00000001c1291000 	/System/Library/PrivateFrameworks/MediaConversionService.framework/Versions/A/MediaConversionService
0x00000001a3095000 	/System/Library/PrivateFrameworks/PhotoFoundation.framework/Versions/A/PhotoFoundation
0x0000000250bb4000 	/System/Library/PrivateFrameworks/PhotoLibraryServicesCore.framework/Versions/A/PhotoLibraryServicesCore
0x00000001bb007000 	/System/Library/PrivateFrameworks/MMCS.framework/Versions/A/MMCS
0x00000001a14c3000 	/System/Library/PrivateFrameworks/ChunkingLibrary.framework/Versions/A/ChunkingLibrary
0x000000019b6b2000 	/System/Library/PrivateFrameworks/AssetCacheServices.framework/Versions/A/AssetCacheServices
0x000000019d3d7000 	/System/Library/PrivateFrameworks/AVFoundationCF.framework/Versions/A/AVFoundationCF
0x00000001d75f3000 	/usr/lib/swift/libswiftDemangle.dylib
0x00000001adecb000 	/System/Library/PrivateFrameworks/MediaStream.framework/Versions/A/MediaStream
0x00000001c17aa000 	/System/Library/PrivateFrameworks/NeutrinoCore.framework/Versions/A/NeutrinoCore
0x000000018c9a0000 	/System/Library/PrivateFrameworks/NLP.framework/Versions/A/NLP
0x00000001c715f000 	/System/Library/PrivateFrameworks/PhotoImaging.framework/Versions/A/PhotoImaging
0x00000001c836b000 	/System/Library/PrivateFrameworks/PhotosImagingFoundation.framework/Versions/A/PhotosImagingFoundation
0x0000000251686000 	/System/Library/PrivateFrameworks/PhotosIntelligenceCore.framework/Versions/A/PhotosIntelligenceCore
0x000000019d86a000 	/System/Library/PrivateFrameworks/EmbeddedAcousticRecognition.framework/Versions/A/EmbeddedAcousticRecognition
0x00000001bf675000 	/System/Library/PrivateFrameworks/SDAPI.framework/Versions/A/SDAPI
0x00000001c83b8000 	/System/Library/PrivateFrameworks/AutoLoop.framework/Versions/A/AutoLoop
0x00000002520dc000 	/System/Library/PrivateFrameworks/Portrait.framework/Versions/A/Portrait
0x000000022f39d000 	/System/Library/PrivateFrameworks/AppleDepth.framework/Versions/A/AppleDepth
0x000000023a259000 	/System/Library/PrivateFrameworks/FusionTracker.framework/Versions/A/FusionTracker
0x000000022f48b000 	/System/Library/PrivateFrameworks/AppleDepthCore.framework/Versions/A/AppleDepthCore
0x00000001b027b000 	/System/Library/PrivateFrameworks/iTunesCloud.framework/Versions/A/iTunesCloud
0x00000001b8ad2000 	/System/Library/PrivateFrameworks/DAAPKit.framework/Versions/A/DAAPKit
0x000000025d6d6000 	/System/Library/PrivateFrameworks/SymptomShared.framework/Versions/A/SymptomShared
0x000000022fba6000 	/System/Library/PrivateFrameworks/AppleMediaServicesKitInternal.framework/Versions/A/AppleMediaServicesKitInternal
0x000000026e7f3000 	/usr/lib/swift/libswiftVideoToolbox.dylib
0x00000001abb55000 	/System/Library/PrivateFrameworks/DeviceManagement.framework/Versions/A/DeviceManagement
0x00000001cddf9000 	/System/Library/PrivateFrameworks/ScreenTimeUI.framework/Versions/A/ScreenTimeUI
0x00000001adc48000 	/System/Library/PrivateFrameworks/QuickLookNonBaseSystem.framework/Versions/A/QuickLookNonBaseSystem
0x00000001ae414000 	/System/Library/PrivateFrameworks/Catalyst.framework/Versions/A/Catalyst
0x0000000249b20000 	/System/Library/PrivateFrameworks/ManagedSettingsObjC.framework/Versions/A/ManagedSettingsObjC
0x00000001afd0f000 	/System/Library/PrivateFrameworks/ScreenTimeCore.framework/Versions/A/ScreenTimeCore
0x00000001c2378000 	/System/Library/PrivateFrameworks/ScreenTimeServiceUI.framework/Versions/A/ScreenTimeServiceUI
0x00000001bb192000 	/System/Library/PrivateFrameworks/ConfigurationEngineModel.framework/Versions/A/ConfigurationEngineModel
0x00000001bdea2000 	/System/Library/PrivateFrameworks/UsageTracking.framework/Versions/A/UsageTracking
0x00000001e758e000 	/System/Library/Frameworks/DeviceActivity.framework/Versions/A/DeviceActivity
0x00000001bde73000 	/System/Library/PrivateFrameworks/KnowledgeMonitor.framework/Versions/A/KnowledgeMonitor
0x00000001d489d000 	/System/Library/PrivateFrameworks/BluetoothManager.framework/Versions/A/BluetoothManager
0x00000001e86e4000 	/System/Library/Frameworks/ManagedSettings.framework/Versions/A/ManagedSettings
0x0000000249b59000 	/System/Library/PrivateFrameworks/ManagedSettingsSupport.framework/Versions/A/ManagedSettingsSupport
0x00000001d21a6000 	/System/Library/Frameworks/ReplayKit.framework/Versions/A/ReplayKit
0x00000001a43bd000 	/System/Library/PrivateFrameworks/MarkupUI.framework/Versions/A/MarkupUI
0x00000001adc20000 	/System/Library/PrivateFrameworks/SidecarCore.framework/Versions/A/SidecarCore
0x00000001b067c000 	/System/Library/PrivateFrameworks/AnnotationKit.framework/Versions/A/AnnotationKit
0x00000001ed007000 	/System/Library/Frameworks/Translation.framework/Versions/A/Translation
0x00000001c9d47000 	/System/Library/PrivateFrameworks/RevealCore.framework/Versions/A/RevealCore
0x00000001c9d3b000 	/System/Library/PrivateFrameworks/Reveal.framework/Versions/A/Reveal
0x0000000261285000 	/System/Library/PrivateFrameworks/TranslationUIServices.framework/Versions/A/TranslationUIServices
0x00000001aee40000 	/System/Library/Frameworks/PencilKit.framework/Versions/A/PencilKit
0x00000001aeff5000 	/System/Library/PrivateFrameworks/SidecarUI.framework/Versions/A/SidecarUI
0x00000001ae7ed000 	/System/Library/PrivateFrameworks/CoreHandwriting.framework/Versions/A/CoreHandwriting
0x0000000186b53000 	/usr/lib/libmecabra.dylib
0x00000001a7bf1000 	/System/Library/PrivateFrameworks/Calculate.framework/Versions/A/Calculate
0x0000000195049000 	/usr/lib/libChineseTokenizer.dylib
0x00000001e2d5e000 	/System/Library/PrivateFrameworks/ScreenReaderCore.framework/Versions/A/ScreenReaderCore
0x000000025d390000 	/System/Library/PrivateFrameworks/StocksKit.framework/Versions/A/StocksKit
0x00000001a6d67000 	/System/Library/PrivateFrameworks/OAuth.framework/Versions/A/OAuth
0x000000025d040000 	/System/Library/PrivateFrameworks/StocksCore.framework/Versions/A/StocksCore
0x000000025e0dc000 	/System/Library/PrivateFrameworks/TeaFoundation.framework/Versions/A/TeaFoundation
0x000000025e2c5000 	/System/Library/PrivateFrameworks/TeaSettings.framework/Versions/A/TeaSettings
0x00000001d89bf000 	/System/Library/PrivateFrameworks/NewsCore.framework/Versions/A/NewsCore
0x000000025e079000 	/System/Library/PrivateFrameworks/TeaDB.framework/Versions/A/TeaDB
0x00000001d5679000 	/System/Library/PrivateFrameworks/RemoteConfiguration.framework/Versions/A/RemoteConfiguration
0x00000001d85f8000 	/System/Library/PrivateFrameworks/NewsTransport.framework/Versions/A/NewsTransport
0x00000001d89af000 	/System/Library/PrivateFrameworks/NewsFoundation.framework/Versions/A/NewsFoundation
0x000000024d19a000 	/System/Library/PrivateFrameworks/NewsURLBucket.framework/Versions/A/NewsURLBucket
0x00000001b2092000 	/System/Library/PrivateFrameworks/MobileInstallation.framework/Versions/A/MobileInstallation
0x00000002602d5000 	/System/Library/PrivateFrameworks/TipKitCore.framework/Versions/A/TipKitCore
0x00000001b6df4000 	/System/Library/PrivateFrameworks/CoreCDPInternal.framework/Versions/A/CoreCDPInternal
0x00000001a6cb9000 	/System/Library/PrivateFrameworks/AccountsDaemon.framework/Versions/A/AccountsDaemon
0x000000025379d000 	/System/Library/PrivateFrameworks/RegulatoryDomain.framework/Versions/A/RegulatoryDomain
0x00000001ce629000 	/System/Library/PrivateFrameworks/MachineSettings.framework/Versions/A/MachineSettings
0x00000001c0b58000 	/System/Library/PrivateFrameworks/BezelServices.framework/Versions/A/BezelServices
0x00000001b8b5b000 	/System/Library/PrivateFrameworks/SPOwner.framework/Versions/A/SPOwner
0x00000001b1ecd000 	/System/Library/PrivateFrameworks/FMCore.framework/Versions/A/FMCore
0x0000000268a2e000 	/System/Library/PrivateFrameworks/iCloudQuota.framework/Versions/A/iCloudQuota
0x00000001a76ee000 	/System/Library/PrivateFrameworks/CoreRecognition.framework/Versions/A/CoreRecognition
0x000000024f2c3000 	/System/Library/PrivateFrameworks/PassKitMacHelperTemp.framework/Versions/A/PassKitMacHelperTemp
0x00000001c0c0d000 	/System/Library/PrivateFrameworks/InAppMessages.framework/Versions/A/InAppMessages
0x00000001e1aac000 	/System/Library/PrivateFrameworks/JetUI.framework/Versions/A/JetUI
0x00000002468c5000 	/System/Library/PrivateFrameworks/JetPack.framework/Versions/A/JetPack
0x00000001d48f8000 	/System/Library/PrivateFrameworks/PassKitUIFoundation.framework/Versions/A/PassKitUIFoundation
0x00000001a3521000 	/System/Library/PrivateFrameworks/PassKitCore.framework/Versions/A/PassKitCore
0x000000019aff9000 	/System/Library/Frameworks/MapKit.framework/Versions/A/MapKit
0x00000001ae506000 	/System/Library/PrivateFrameworks/BiometricKit.framework/Versions/A/BiometricKit
0x0000000254472000 	/System/Library/PrivateFrameworks/SEService.framework/Versions/A/SEService
0x00000001b34f0000 	/System/Library/PrivateFrameworks/NearField.framework/Versions/A/NearField
0x000000026d774000 	/usr/lib/libSESShared.dylib
0x0000000254612000 	/System/Library/PrivateFrameworks/STSXPCHelperClient.framework/Versions/A/STSXPCHelperClient
0x00000001b4e9f000 	/usr/lib/libnfshared.dylib
0x0000000240331000 	/System/Library/PrivateFrameworks/GeoAnalytics.framework/Versions/A/GeoAnalytics
0x00000001b4ed5000 	/System/Library/PrivateFrameworks/Navigation.framework/Versions/A/Navigation
0x00000001bdee6000 	/System/Library/PrivateFrameworks/VectorKit.framework/Versions/A/VectorKit
0x00000001a7659000 	/System/Library/PrivateFrameworks/VirtualGarage.framework/Versions/A/VirtualGarage
0x00000001b504e000 	/System/Library/Frameworks/ExternalAccessory.framework/ExternalAccessory
0x00000001b5068000 	/System/Library/PrivateFrameworks/IAP.framework/Versions/A/IAP
0x000000019b2ac000 	/System/Library/PrivateFrameworks/IOPlatformPluginFamily.framework/Versions/A/IOPlatformPluginFamily
0x00000001c0c04000 	/System/Library/PrivateFrameworks/InAppMessagesCore.framework/Versions/A/InAppMessagesCore
0x0000000268128000 	/System/Library/PrivateFrameworks/_JetEngine_SwiftUI.framework/Versions/A/_JetEngine_SwiftUI
0x000000025d983000 	/System/Library/PrivateFrameworks/Synapse.framework/Versions/A/Synapse
0x0000000232427000 	/System/Library/PrivateFrameworks/CSExattrCrypto.framework/Versions/A/CSExattrCrypto
0x00000001a30a6000 	/System/Library/PrivateFrameworks/IMSharedUtilities.framework/Versions/A/IMSharedUtilities
0x00000001bbf38000 	/System/Library/Frameworks/InstantMessage.framework/Versions/A/InstantMessage
0x00000001b49e2000 	/System/Library/PrivateFrameworks/IDSKVStore.framework/Versions/A/IDSKVStore
0x00000001b4822000 	/System/Library/PrivateFrameworks/IMDPersistence.framework/Versions/A/IMDPersistence
0x000000026e70f000 	/usr/lib/swift/libswiftAppleArchive.dylib
0x00000002629b9000 	/System/Library/PrivateFrameworks/UserSafety.framework/Versions/A/UserSafety
0x00000001d3af6000 	/System/Library/PrivateFrameworks/BlastDoor.framework/Versions/A/BlastDoor
0x00000001ebb0b000 	/System/Library/Frameworks/SensitiveContentAnalysis.framework/Versions/A/SensitiveContentAnalysis
0x00000002479aa000 	/System/Library/PrivateFrameworks/LinkPresentationStyleSheetParsing.framework/Versions/A/LinkPresentationStyleSheetParsing
0x00000001ae29e000 	/System/Library/PrivateFrameworks/CoreSDB.framework/Versions/A/CoreSDB
0x0000000230721000 	/System/Library/PrivateFrameworks/AskToCore.framework/Versions/A/AskToCore
0x00000001b3058000 	/System/Library/PrivateFrameworks/StoreFoundation.framework/Versions/A/StoreFoundation
0x00000001b1ec7000 	/System/Library/PrivateFrameworks/ServerInformation.framework/Versions/A/ServerInformation
0x00000001b193c000 	/System/Library/PrivateFrameworks/Install.framework/Frameworks/DistributionKit.framework/Versions/A/DistributionKit
0x00000001ab613000 	/System/Library/PrivateFrameworks/PackageKit.framework/Versions/A/PackageKit
0x00000001b195e000 	/System/Library/PrivateFrameworks/OSPersonalization.framework/Versions/A/OSPersonalization
0x00000001b35c1000 	/System/Library/PrivateFrameworks/BridgeOSSoftwareUpdate.framework/Versions/A/BridgeOSSoftwareUpdate
0x00000001ae716000 	/System/Library/PrivateFrameworks/StorageManagement.framework/Versions/A/StorageManagement
0x00000001c1f04000 	/usr/lib/libauthinstall.dylib
0x00000001b35ca000 	/System/Library/PrivateFrameworks/InstallerDiagnostics.framework/Versions/A/InstallerDiagnostics
0x00000001c2527000 	/usr/lib/libcrypto.42.dylib
0x00000001b35af000 	/System/Library/PrivateFrameworks/GPUInfo.framework/Versions/A/GPUInfo
0x00000001c0d04000 	/System/Library/PrivateFrameworks/MobileActivationMacOS.framework/Versions/A/MobileActivationMacOS
0x000000019c7a3000 	/System/Library/PrivateFrameworks/GenerationalStorage.framework/Versions/A/GenerationalStorage
0x0000000197d0b000 	/System/Library/PrivateFrameworks/CacheDelete.framework/Versions/A/CacheDelete
0x000000019fbc4000 	/System/Library/Frameworks/QuickLookThumbnailing.framework/Versions/A/QuickLookThumbnailing
0x000000019c5d6000 	/System/Library/Frameworks/FileProvider.framework/Versions/A/FileProvider
0x000000018ae08000 	/System/Library/PrivateFrameworks/DesktopServicesPriv.framework/Versions/A/DesktopServicesPriv
0x000000018d0c5000 	/System/Library/Frameworks/Accounts.framework/Versions/A/Accounts
0x00000001b360e000 	/System/Library/PrivateFrameworks/AOSKit.framework/Versions/A/AOSKit
0x0000000195179000 	/System/Library/PrivateFrameworks/AppSSOCore.framework/Versions/A/AppSSOCore
0x000000019f288000 	/System/Library/PrivateFrameworks/AppSupport.framework/Versions/A/AppSupport
0x00000001ad72c000 	/System/Library/Frameworks/AVFoundation.framework/Versions/A/AVFoundation
0x000000019fae7000 	/System/Library/PrivateFrameworks/DuetActivityScheduler.framework/Versions/A/DuetActivityScheduler
0x00000001ae245000 	/System/Library/PrivateFrameworks/FTServices.framework/Versions/A/FTServices
0x00000001bf348000 	/System/Library/PrivateFrameworks/NetworkServiceProxy.framework/Versions/A/NetworkServiceProxy
0x000000019faad000 	/System/Library/PrivateFrameworks/StreamingZip.framework/Versions/A/StreamingZip
0x000000019ebb5000 	/System/Library/PrivateFrameworks/CoreWiFi.framework/Versions/A/CoreWiFi
0x0000000197c37000 	/System/Library/PrivateFrameworks/MobileAsset.framework/Versions/A/MobileAsset
0x000000019d778000 	/System/Library/PrivateFrameworks/Rapport.framework/Versions/A/Rapport
0x000000025d6e6000 	/System/Library/PrivateFrameworks/Symptoms.framework/Versions/A/Frameworks/SymptomAnalytics.framework/Versions/A/SymptomAnalytics
0x000000019b31e000 	/usr/lib/libnetworkextension.dylib
0x000000026dff6000 	/usr/lib/libmrc.dylib
0x0000000242fda000 	/System/Library/PrivateFrameworks/IPConfiguration.framework/Versions/A/IPConfiguration
0x00000001ce471000 	/System/Library/PrivateFrameworks/Netrb.framework/Versions/A/Netrb
0x00000001d9353000 	/System/Library/PrivateFrameworks/WiFiPeerToPeer.framework/Versions/A/WiFiPeerToPeer
0x00000001b5182000 	/System/Library/PrivateFrameworks/SoftwareUpdateCoreSupport.framework/Versions/A/SoftwareUpdateCoreSupport
0x00000001bcafa000 	/System/Library/PrivateFrameworks/SoftwareUpdateCoreConnect.framework/Versions/A/SoftwareUpdateCoreConnect
0x000000019f140000 	/System/Library/PrivateFrameworks/RemoteServiceDiscovery.framework/Versions/A/RemoteServiceDiscovery
0x00000001b4e08000 	/System/Library/PrivateFrameworks/MSUDataAccessor.framework/Versions/A/MSUDataAccessor
0x00000001b0637000 	/usr/lib/libbootpolicy.dylib
0x000000019f156000 	/System/Library/PrivateFrameworks/RemoteXPC.framework/Versions/A/RemoteXPC
0x00000001bbf48000 	/usr/lib/libFDR.dylib
0x00000001c1fd7000 	/usr/lib/libamsupport.dylib
0x000000026d750000 	/usr/lib/libReverseProxyDevice.dylib
0x000000022f50b000 	/System/Library/PrivateFrameworks/AppleDeviceQuerySupport.framework/Versions/A/AppleDeviceQuerySupport
0x00000001c4e90000 	/usr/lib/libpartition2_dynamic.dylib
0x00000001937c0000 	/System/Library/Frameworks/UserNotifications.framework/Versions/A/UserNotifications
0x00000001d46b4000 	/System/Library/Frameworks/CryptoKit.framework/Versions/A/CryptoKit
0x000000019fa85000 	/System/Library/PrivateFrameworks/CryptoKitCBridging.framework/Versions/A/CryptoKitCBridging
0x000000019d2ef000 	/System/Library/Frameworks/CryptoTokenKit.framework/Versions/A/CryptoTokenKit
0x00000001c89c0000 	/usr/lib/swift/libswiftCryptoTokenKit.dylib
0x000000019d353000 	/System/Library/Frameworks/LocalAuthentication.framework/Versions/A/LocalAuthentication
0x0000000247b7f000 	/System/Library/PrivateFrameworks/LocalAuthenticationCore.framework/Versions/A/LocalAuthenticationCore
0x000000019d3aa000 	/System/Library/Frameworks/LocalAuthentication.framework/Support/SharedUtils.framework/Versions/A/SharedUtils
0x0000000197da2000 	/usr/lib/libTelephonyUtilDynamic.dylib
0x000000019c380000 	/System/Library/PrivateFrameworks/SymptomDiagnosticReporter.framework/Versions/A/SymptomDiagnosticReporter
0x0000000237846000 	/System/Library/PrivateFrameworks/CryptoKitPrivate.framework/Versions/A/CryptoKitPrivate
0x000000018f1c8000 	/System/Library/PrivateFrameworks/ApplePushService.framework/Versions/A/ApplePushService
0x00000001ad957000 	/System/Library/PrivateFrameworks/FindMyDevice.framework/Versions/A/FindMyDevice
0x000000018d14a000 	/System/Library/PrivateFrameworks/CommonUtilities.framework/Versions/A/CommonUtilities
0x00000001c393c000 	/System/Library/PrivateFrameworks/DeviceIdentity.framework/Versions/A/DeviceIdentity
0x00000001958a0000 	/System/Library/PrivateFrameworks/Bom.framework/Versions/A/Bom
0x0000000197867000 	/usr/lib/libParallelCompression.dylib
0x0000000197859000 	/System/Library/PrivateFrameworks/MultiverseSupport.framework/Versions/A/MultiverseSupport
0x00000001a3501000 	/System/Library/PrivateFrameworks/FMCoreLite.framework/Versions/A/FMCoreLite
0x000000019351d000 	/System/Library/PrivateFrameworks/AuthKit.framework/Versions/A/AuthKit
0x000000019c4b3000 	/System/Library/PrivateFrameworks/DiskManagement.framework/Versions/A/DiskManagement
0x000000019c3bf000 	/System/Library/PrivateFrameworks/AppleIDAuthSupport.framework/Versions/A/AppleIDAuthSupport
0x000000022c186000 	/System/Library/PrivateFrameworks/AAAFoundation.framework/Versions/A/AAAFoundation
0x0000000197d57000 	/System/Library/PrivateFrameworks/KeychainCircle.framework/Versions/A/KeychainCircle
0x00000001a80cb000 	/System/Library/PrivateFrameworks/URLFormatting.framework/Versions/A/URLFormatting
0x000000019f1f4000 	/usr/lib/libcsfde.dylib
0x0000000195303000 	/usr/lib/libCoreStorage.dylib
0x0000000199112000 	/System/Library/PrivateFrameworks/ProtectedCloudStorage.framework/Versions/A/ProtectedCloudStorage
0x000000019f1ef000 	/System/Library/PrivateFrameworks/EFILogin.framework/Versions/A/EFILogin
0x00000001a7370000 	/System/Library/PrivateFrameworks/CloudServices.framework/Versions/A/CloudServices
0x000000019c7ca000 	/System/Library/PrivateFrameworks/OctagonTrust.framework/Versions/A/OctagonTrust
0x000000019cee3000 	/System/Library/PrivateFrameworks/AVFCore.framework/Versions/A/AVFCore
0x00000001a5dfc000 	/System/Library/PrivateFrameworks/AVFCapture.framework/Versions/A/AVFCapture
0x0000000196546000 	/System/Library/Frameworks/MediaToolbox.framework/Versions/A/MediaToolbox
0x000000019c5a7000 	/System/Library/PrivateFrameworks/CoreAVCHD.framework/Versions/A/CoreAVCHD
0x000000019c5a3000 	/System/Library/PrivateFrameworks/Mangrove.framework/Versions/A/Mangrove
0x0000000232317000 	/System/Library/PrivateFrameworks/CMPhoto.framework/Versions/A/CMPhoto
0x000000019cd00000 	/System/Library/Frameworks/CoreTelephony.framework/Versions/A/CoreTelephony
0x000000019c596000 	/System/Library/PrivateFrameworks/CoreAUC.framework/Versions/A/CoreAUC
0x000000022f94d000 	/System/Library/PrivateFrameworks/AppleJPEGXL.framework/Versions/A/AppleJPEGXL
0x0000000232143000 	/System/Library/PrivateFrameworks/CMImaging.framework/Versions/A/CMImaging
0x00000001a6014000 	/System/Library/PrivateFrameworks/Quagga.framework/Versions/A/Quagga
0x00000001a6147000 	/System/Library/PrivateFrameworks/CMCapture.framework/Versions/A/CMCapture
0x000000019793b000 	/System/Library/Frameworks/CoreMediaIO.framework/Versions/A/CoreMediaIO
0x000000019fc10000 	/System/Library/PrivateFrameworks/Espresso.framework/Versions/A/Espresso
0x00000001e311a000 	/System/Library/PrivateFrameworks/ANECompiler.framework/Versions/A/ANECompiler
0x00000001a1c07000 	/System/Library/PrivateFrameworks/AppleNeuralEngine.framework/Versions/A/AppleNeuralEngine
0x00000001e939b000 	/System/Library/Frameworks/MetalPerformanceShadersGraph.framework/Versions/A/MetalPerformanceShadersGraph
0x000000024866f000 	/System/Library/PrivateFrameworks/MLCompilerServices.framework/Versions/A/MLCompilerServices
0x00000001a0ad0000 	/System/Library/PrivateFrameworks/ANEServices.framework/Versions/A/ANEServices
0x00000001b3386000 	/usr/lib/libncurses.5.4.dylib
0x0000000189754000 	/usr/lib/libsandbox.1.dylib
0x00000001952fb000 	/usr/lib/libMatch.1.dylib
0x0000000248613000 	/System/Library/PrivateFrameworks/MLCompilerRuntime.framework/Versions/A/MLCompilerRuntime
0x0000000232079000 	/System/Library/PrivateFrameworks/CMCaptureDevice.framework/Versions/A/CMCaptureDevice
0x0000000232e3b000 	/System/Library/PrivateFrameworks/CinematicFraming.framework/Versions/A/CinematicFraming
0x00000001ad357000 	/System/Library/Frameworks/CoreMotion.framework/Versions/A/CoreMotion
0x00000001bbff0000 	/System/Library/PrivateFrameworks/TimeSync.framework/Versions/A/TimeSync
0x00000002382d7000 	/System/Library/PrivateFrameworks/DistributedSensing.framework/Versions/A/DistributedSensing
0x00000001b7ed4000 	/System/Library/PrivateFrameworks/MobileBluetooth.framework/Versions/A/MobileBluetooth
0x00000001974db000 	/System/Library/PrivateFrameworks/LocationSupport.framework/Versions/A/LocationSupport
0x00000001bdaac000 	/System/Library/PrivateFrameworks/IOKitten.framework/Versions/A/IOKitten
0x000000018b073000 	/System/Library/PrivateFrameworks/CoreDuet.framework/Versions/A/CoreDuet
0x000000019e50e000 	/System/Library/PrivateFrameworks/CoreDuetContext.framework/Versions/A/CoreDuetContext
0x00000001b8a7b000 	/System/Library/PrivateFrameworks/BiomeFoundation.framework/Versions/A/BiomeFoundation
0x0000000230ecf000 	/System/Library/PrivateFrameworks/BiomeLibrary.framework/Versions/A/BiomeLibrary
0x00000001bc06e000 	/System/Library/PrivateFrameworks/BiomeStreams.framework/Versions/A/BiomeStreams
0x00000001c237f000 	/System/Library/PrivateFrameworks/BiomePubSub.framework/Versions/A/BiomePubSub
0x000000018f22f000 	/System/Library/Frameworks/CloudKit.framework/Versions/A/CloudKit
0x000000019e564000 	/System/Library/Frameworks/Intents.framework/Versions/A/Intents
0x00000001a0c78000 	/System/Library/PrivateFrameworks/CoreDuetDaemonProtocol.framework/Versions/A/CoreDuetDaemonProtocol
0x00000001a0afe000 	/System/Library/PrivateFrameworks/ProactiveSupport.framework/Versions/A/ProactiveSupport
0x0000000252043000 	/System/Library/PrivateFrameworks/PoirotSchematizer.framework/Versions/A/PoirotSchematizer
0x000000023155f000 	/System/Library/PrivateFrameworks/BiomeSync.framework/Versions/A/BiomeSync
0x0000000230eb0000 	/System/Library/PrivateFrameworks/BiomeFlexibleStorage.framework/Versions/A/BiomeFlexibleStorage
0x0000000230e94000 	/System/Library/PrivateFrameworks/BiomeDSL.framework/Versions/A/BiomeDSL
0x00000001c23dc000 	/System/Library/PrivateFrameworks/BiomeStorage.framework/Versions/A/BiomeStorage
0x00000002520b0000 	/System/Library/PrivateFrameworks/PoirotUDFs.framework/Versions/A/PoirotUDFs
0x0000000252012000 	/System/Library/PrivateFrameworks/PoirotSQLite.framework/Versions/A/PoirotSQLite
0x000000019f58e000 	/System/Library/PrivateFrameworks/InternationalTextSearch.framework/Versions/A/InternationalTextSearch
0x000000024627c000 	/System/Library/PrivateFrameworks/IntelligencePlatformLibrary.framework/Versions/A/IntelligencePlatformLibrary
0x0000000232a02000 	/System/Library/PrivateFrameworks/CascadeSets.framework/Versions/A/CascadeSets
0x00000001987f3000 	/System/Library/PrivateFrameworks/IDS.framework/Versions/A/IDS
0x0000000197461000 	/System/Library/PrivateFrameworks/IMFoundation.framework/Versions/A/IMFoundation
0x00000001a76a3000 	/System/Library/PrivateFrameworks/Marco.framework/Versions/A/Marco
0x00000001989c0000 	/System/Library/PrivateFrameworks/IDSFoundation.framework/Versions/A/IDSFoundation
0x00000001a43e9000 	/System/Library/PrivateFrameworks/Engram.framework/Versions/A/Engram
0x00000001a4389000 	/usr/lib/libtidy.A.dylib
0x00000001bbb5d000 	/System/Library/PrivateFrameworks/FTAWD.framework/Versions/A/FTAWD
0x00000001ebbcb000 	/System/Library/Frameworks/SharedWithYouCore.framework/Versions/A/SharedWithYouCore
0x000000019f659000 	/System/Library/PrivateFrameworks/AppleAccount.framework/Versions/A/AppleAccount
0x000000019fb6a000 	/System/Library/PrivateFrameworks/C2.framework/Versions/A/C2
0x0000000190a1c000 	/System/Library/Frameworks/CoreLocation.framework/Versions/A/CoreLocation
0x00000002331e6000 	/System/Library/PrivateFrameworks/CloudAssets.framework/Versions/A/CloudAssets
0x000000019fb61000 	/System/Library/Frameworks/PushKit.framework/Versions/A/PushKit
0x00000001ca459000 	/usr/lib/swift/libswiftAVFoundation.dylib
0x00000001b47c9000 	/usr/lib/swift/libswiftCoreLocation.dylib
0x00000001b47df000 	/usr/lib/swift/libswiftCoreMIDI.dylib
0x00000001c89c2000 	/usr/lib/swift/libswiftCoreMedia.dylib
0x0000000198c54000 	/System/Library/PrivateFrameworks/Sharing.framework/Versions/A/Sharing
0x000000019ebb4000 	/System/Library/PrivateFrameworks/Apple80211.framework/Versions/A/Apple80211
0x0000000192aea000 	/System/Library/Frameworks/CoreWLAN.framework/Versions/A/CoreWLAN
0x00000001a2df8000 	/System/Library/PrivateFrameworks/AssistantServices.framework/Versions/A/AssistantServices
0x000000019d57c000 	/System/Library/PrivateFrameworks/SAObjects.framework/Versions/A/SAObjects
0x00000001a2a33000 	/System/Library/PrivateFrameworks/MediaRemote.framework/Versions/A/MediaRemote
0x00000001b3a64000 	/System/Library/PrivateFrameworks/SiriInstrumentation.framework/Versions/A/SiriInstrumentation
0x0000000255804000 	/System/Library/PrivateFrameworks/SiriAnalytics.framework/Versions/A/SiriAnalytics
0x000000025b0e5000 	/System/Library/PrivateFrameworks/SiriTTSService.framework/Versions/A/SiriTTSService
0x00000002561a9000 	/System/Library/PrivateFrameworks/SiriCrossDeviceArbitration.framework/Versions/A/SiriCrossDeviceArbitration
0x00000001b170d000 	/System/Library/PrivateFrameworks/FeedbackLogger.framework/Versions/A/FeedbackLogger
0x00000002561fd000 	/System/Library/PrivateFrameworks/SiriCrossDeviceArbitrationFeedback.framework/Versions/A/SiriCrossDeviceArbitrationFeedback
0x00000002401fc000 	/System/Library/PrivateFrameworks/GenerativeModels.framework/Versions/A/GenerativeModels
0x00000001a750b000 	/System/Library/PrivateFrameworks/MediaServices.framework/Versions/A/MediaServices
0x0000000195565000 	/System/Library/PrivateFrameworks/PersistentConnection.framework/Versions/A/PersistentConnection
0x00000001993eb000 	/System/Library/PrivateFrameworks/GeoServices.framework/Versions/A/GeoServices
0x0000000240422000 	/System/Library/PrivateFrameworks/GeoServicesCore.framework/Versions/A/GeoServicesCore
0x00000001a80c9000 	/System/Library/PrivateFrameworks/PhoneNumbers.framework/Versions/A/PhoneNumbers
0x0000000237d4d000 	/System/Library/PrivateFrameworks/Dendrite.framework/Versions/A/Dendrite
0x0000000230847000 	/System/Library/PrivateFrameworks/AtomicsInternal.framework/Versions/A/AtomicsInternal
0x00000001b55d9000 	/usr/lib/libtailspin.dylib
0x00000001c84c0000 	/System/Library/PrivateFrameworks/Osprey.framework/Versions/A/Osprey
0x000000025a765000 	/System/Library/PrivateFrameworks/SiriTTS.framework/Versions/A/SiriTTS
0x00000001ae362000 	/System/Library/Frameworks/NaturalLanguage.framework/Versions/A/NaturalLanguage
0x00000002594b8000 	/System/Library/PrivateFrameworks/SiriPowerInstrumentation.framework/Versions/A/SiriPowerInstrumentation
0x00000001af181000 	/System/Library/PrivateFrameworks/Trial.framework/Versions/A/Trial
0x00000001af103000 	/System/Library/PrivateFrameworks/TrialProto.framework/Versions/A/TrialProto
0x0000000262232000 	/System/Library/PrivateFrameworks/UnifiedAssetFramework.framework/Versions/A/UnifiedAssetFramework
0x00000001d92d7000 	/usr/lib/swift/libswiftNaturalLanguage.dylib
0x000000025e077000 	/System/Library/PrivateFrameworks/TailspinSymbolication.framework/Versions/A/TailspinSymbolication
0x0000000237a5d000 	/System/Library/PrivateFrameworks/Darwinup.framework/Versions/A/Darwinup
0x00000001c12fe000 	/System/Library/PrivateFrameworks/SignpostSupport.framework/Versions/A/SignpostSupport
0x00000001ae22b000 	/System/Library/PrivateFrameworks/FeatureFlagsSupport.framework/Versions/A/FeatureFlagsSupport
0x00000001c0a69000 	/System/Library/PrivateFrameworks/ktrace.framework/Versions/A/ktrace
0x00000001c157e000 	/System/Library/PrivateFrameworks/SampleAnalysis.framework/Versions/A/SampleAnalysis
0x00000001c9d23000 	/System/Library/PrivateFrameworks/kperfdata.framework/Versions/A/kperfdata
0x00000001992cc000 	/usr/lib/libdscsym.dylib
0x00000001ca1b7000 	/System/Library/PrivateFrameworks/BulkSymbolication.framework/Versions/A/BulkSymbolication
0x000000018f6c8000 	/System/Library/Frameworks/CoreML.framework/Versions/A/CoreML
0x00000001d75bd000 	/usr/lib/libedit.3.dylib
0x0000000193126000 	/System/Library/Frameworks/MLCompute.framework/Versions/A/MLCompute
0x00000002484c2000 	/System/Library/PrivateFrameworks/MLAssetIO.framework/Versions/A/MLAssetIO
0x000000026e751000 	/usr/lib/swift/libswiftMLCompute.dylib
0x0000000187c26000 	/System/Library/PrivateFrameworks/LanguageModeling.framework/Versions/A/LanguageModeling
0x000000018c78c000 	/System/Library/PrivateFrameworks/Montreal.framework/Versions/A/Montreal
0x0000000193a4b000 	/usr/lib/libcmph.dylib
0x00000002402bd000 	/System/Library/PrivateFrameworks/GenerativeModelsFoundation.framework/Versions/A/GenerativeModelsFoundation
0x0000000260600000 	/System/Library/PrivateFrameworks/TokenGeneration.framework/Versions/A/TokenGeneration
0x0000000240098000 	/System/Library/PrivateFrameworks/GenerativeFunctions.framework/Versions/A/GenerativeFunctions
0x00000002400e9000 	/System/Library/PrivateFrameworks/GenerativeFunctionsFoundation.framework/Versions/A/GenerativeFunctionsFoundation
0x000000024b408000 	/System/Library/PrivateFrameworks/ModelCatalog.framework/Versions/A/ModelCatalog
0x0000000255109000 	/System/Library/PrivateFrameworks/SensitiveContentAnalysisML.framework/Versions/A/SensitiveContentAnalysisML
0x0000000240193000 	/System/Library/PrivateFrameworks/GenerativeFunctionsInstrumentation.framework/Versions/A/GenerativeFunctionsInstrumentation
0x00000002530c2000 	/System/Library/PrivateFrameworks/PromptKit.framework/Versions/A/PromptKit
0x0000000252bf5000 	/System/Library/PrivateFrameworks/ProactiveDaemonSupport.framework/Versions/A/ProactiveDaemonSupport
0x00000002607b2000 	/System/Library/PrivateFrameworks/TokenGenerationCore.framework/Versions/A/TokenGenerationCore
0x00000002638a6000 	/System/Library/PrivateFrameworks/VectorSearch.framework/Versions/A/VectorSearch
0x000000024b6be000 	/System/Library/PrivateFrameworks/ModelManagerServices.framework/Versions/A/ModelManagerServices
0x000000022f56d000 	/System/Library/PrivateFrameworks/AppleFlatBuffers.framework/Versions/A/AppleFlatBuffers
0x00000001a7ab8000 	/System/Library/PrivateFrameworks/ProactiveEventTracker.framework/Versions/A/ProactiveEventTracker
0x000000022c1a1000 	/System/Library/PrivateFrameworks/AAAFoundationSwift.framework/Versions/A/AAAFoundationSwift
0x000000019f8ad000 	/System/Library/PrivateFrameworks/AppleIDSSOAuthentication.framework/Versions/A/AppleIDSSOAuthentication
0x00000001bb2eb000 	/usr/lib/swift/libswiftCompression.dylib
0x000000025528f000 	/System/Library/PrivateFrameworks/SentencePieceInternal.framework/Versions/A/SentencePieceInternal
0x000000019b74c000 	/System/Library/Frameworks/Vision.framework/Versions/A/Vision
0x00000002374c5000 	/System/Library/PrivateFrameworks/CoreSceneUnderstanding.framework/Versions/A/CoreSceneUnderstanding
0x000000026442d000 	/System/Library/PrivateFrameworks/VisionCore.framework/Versions/A/VisionCore
0x00000001b6ed2000 	/System/Library/Frameworks/Vision.framework/libfaceCore.dylib
0x00000001b79cc000 	/System/Library/PrivateFrameworks/Futhark.framework/Versions/A/Futhark
0x00000001bb0b3000 	/System/Library/PrivateFrameworks/InertiaCam.framework/Versions/A/InertiaCam
0x00000001b777f000 	/System/Library/PrivateFrameworks/TextRecognition.framework/Versions/A/TextRecognition
0x0000000195199000 	/System/Library/PrivateFrameworks/CVNLP.framework/Versions/A/CVNLP
0x000000023ee35000 	/System/Library/PrivateFrameworks/GRDBInternal.framework/Versions/A/GRDBInternal
0x00000001a1975000 	/System/Library/PrivateFrameworks/RTCReporting.framework/Versions/A/RTCReporting
0x000000019fb50000 	/System/Library/PrivateFrameworks/IntentsFoundation.framework/Versions/A/IntentsFoundation
0x000000019857c000 	/System/Library/Frameworks/NetworkExtension.framework/Versions/A/NetworkExtension
0x00000001b2f07000 	/System/Library/PrivateFrameworks/CaptiveNetwork.framework/Versions/A/CaptiveNetwork
0x000000019f100000 	/System/Library/PrivateFrameworks/EAP8021X.framework/Versions/A/EAP8021X
0x00000001b47ae000 	/System/Library/Frameworks/Accelerate.framework/Versions/A/Frameworks/vImage.framework/Versions/A/Libraries/libCGInterfaces.dylib
0x00000001c154a000 	/System/Library/PrivateFrameworks/UIKitServices.framework/Versions/A/UIKitServices
0x000000033bb88000 	/System/Library/Extensions/AGXMetalG16X.bundle/Contents/MacOS/AGXMetalG16X
0x00000001a73bd000 	/System/Library/PrivateFrameworks/IOGPU.framework/Versions/A/IOGPU
0x00000001e5c97000 	/System/Library/Frameworks/OpenGL.framework/Versions/A/Resources/GLEngine.bundle/GLEngine
0x00000001e5b3c000 	/System/Library/Frameworks/OpenGL.framework/Versions/A/Libraries/libGLProgrammability.dylib
0x000000012ed00000 	/System/Library/Extensions/AppleMetalOpenGLRenderer.bundle/Contents/MacOS/AppleMetalOpenGLRenderer
0x00000001e5df8000 	/System/Library/Frameworks/OpenGL.framework/Versions/A/Resources/GLRendererFloat.bundle/GLRendererFloat
0x000000025e62f000 	/System/Library/PrivateFrameworks/TextInputUI.framework/Versions/A/TextInputUI
0x000000025e653000 	/System/Library/PrivateFrameworks/TextInputUIMacHelper.framework/Versions/A/TextInputUIMacHelper
0x000000025472a000 	/System/Library/PrivateFrameworks/Sage.framework/Versions/A/Sage
0x000000033bb60000 	/Documents/curseforge/minecraft/Install/bin/8b8a59c96ecc87d7f8fcc3bcf7b5b68c3d06a2db/liblwjgl_opengl.dylib
0x0000000365600000 	/Documents/curseforge/minecraft/Install/bin/8b8a59c96ecc87d7f8fcc3bcf7b5b68c3d06a2db/liblwjgl_stb.dylib
0x000000016d6f0000 	/Documents/curseforge/minecraft/Install/bin/8b8a59c96ecc87d7f8fcc3bcf7b5b68c3d06a2db/jna15026376672771810819.tmp
0x000000036ec44000 	/Documents/curseforge/minecraft/Install/runtime/java-runtime-gamma/mac-os-arm64/java-runtime-gamma/jre.bundle/Contents/Home/lib/libextnet.dylib
0x000000016c088000 	/private/var/folders/xm/sh__ffh97l38sjy_lf6t69xw0000gn/T/libjcocoa16832520892663161385.dylib
0x00000001b7ab9000 	/System/Library/CoreServices/RawCamera.bundle/Contents/MacOS/RawCamera
0x0000000375218000 	/Documents/curseforge/minecraft/Install/runtime/java-runtime-gamma/mac-os-arm64/java-runtime-gamma/jre.bundle/Contents/Home/lib/libawt.dylib
0x000000037570c000 	/Documents/curseforge/minecraft/Install/runtime/java-runtime-gamma/mac-os-arm64/java-runtime-gamma/jre.bundle/Contents/Home/lib/libmlib_image.dylib
0x00000001e85f7000 	/System/Library/Frameworks/JavaRuntimeSupport.framework/Versions/A/JavaRuntimeSupport
0x00000003a2824000 	/Documents/curseforge/minecraft/Install/runtime/java-runtime-gamma/mac-os-arm64/java-runtime-gamma/jre.bundle/Contents/Home/lib/libawt_lwawt.dylib
0x00000003738a8000 	/Documents/curseforge/minecraft/Install/runtime/java-runtime-gamma/mac-os-arm64/java-runtime-gamma/jre.bundle/Contents/Home/lib/libosxapp.dylib
0x00000001abc19000 	/System/Library/Frameworks/ExceptionHandling.framework/Versions/A/ExceptionHandling
0x0000000363e00000 	/Documents/curseforge/minecraft/Install/bin/8b8a59c96ecc87d7f8fcc3bcf7b5b68c3d06a2db/libopenal.dylib
0x00000001bc68f000 	/System/Library/PrivateFrameworks/TextToSpeech.framework/Versions/A/TextToSpeech
0x00000001c1a44000 	/System/Library/PrivateFrameworks/AXAssetLoader.framework/Versions/A/AXAssetLoader
0x00000001c24e7000 	/System/Library/PrivateFrameworks/UniversalAccess.framework/Versions/A/Frameworks/UniversalAccessCore.framework/Versions/A/UniversalAccessCore
0x0000000262438000 	/System/Library/PrivateFrameworks/UniversalControl.framework/Versions/A/UniversalControl
0x000000019fa8b000 	/usr/lib/libScreenReader.dylib
0x00000001c0a59000 	/System/Library/PrivateFrameworks/AccessibilitySupport.framework/Versions/A/AccessibilitySupport
0x00000001adba8000 	/System/Library/PrivateFrameworks/AccessibilitySharedSupport.framework/Versions/A/AccessibilitySharedSupport
0x00000001ca18f000 	/System/Library/PrivateFrameworks/AccessibilitySupport.framework/Versions/A/Frameworks/AccessibilityEvents.framework/Versions/A/AccessibilityEvents
0x00000001c16d3000 	/System/Library/PrivateFrameworks/AccessibilitySupport.framework/Versions/A/Frameworks/AccessibilityFoundation.framework/Versions/A/AccessibilityFoundation
0x00000001ca0ca000 	/System/Library/PrivateFrameworks/AccessibilitySupport.framework/Versions/A/Frameworks/AccessibilityKit.framework/Versions/A/AccessibilityKit
0x00000001ca12a000 	/System/Library/PrivateFrameworks/AccessibilitySupport.framework/Versions/A/Frameworks/AccessibilityVisuals.framework/Versions/A/AccessibilityVisuals
0x000000019d547000 	/System/Library/PrivateFrameworks/BatteryUIKit.framework/Versions/A/BatteryUIKit
0x000000022da04000 	/System/Library/PrivateFrameworks/AccessibilityUtilities.framework/Versions/A/AccessibilityUtilities
0x00000001cde3c000 	/System/Library/PrivateFrameworks/AXRuntime.framework/Versions/A/AXRuntime
0x00000003d0cf4000 	/Documents/curseforge/minecraft/Install/runtime/java-runtime-gamma/mac-os-arm64/java-runtime-gamma/jre.bundle/Contents/Home/lib/libfontmanager.dylib
0x00000003d0bc4000 	/Documents/curseforge/minecraft/Install/runtime/java-runtime-gamma/mac-os-arm64/java-runtime-gamma/jre.bundle/Contents/Home/lib/libfreetype.dylib
0x0000000399f18000 	/System/Library/Components/CoreAudio.component/Contents/MacOS/CoreAudio
0x000000016ff88000 	/Documents/curseforge/minecraft/Instances/The Last Engineer/config/spark/tmp/spark-39736c0171958-libasyncProfiler.so.tmp
0x00000001e2853000 	/System/Library/PrivateFrameworks/VoiceShortcutClient.framework/Versions/A/VoiceShortcutClient
0x00000001b52a5000 	/System/Library/PrivateFrameworks/ChronoServices.framework/Versions/A/ChronoServices
0x0000000253e26000 	/System/Library/PrivateFrameworks/ReplicatorEngine.framework/Versions/A/ReplicatorEngine
0x0000000253fd6000 	/System/Library/PrivateFrameworks/ReplicatorServices.framework/Versions/A/ReplicatorServices
0x000000025dc48000 	/System/Library/PrivateFrameworks/SystemWake.framework/Versions/A/SystemWake


VM Arguments:
jvm_args: -Djava.library.path=/Documents/curseforge/minecraft/Install/bin/8b8a59c96ecc87d7f8fcc3bcf7b5b68c3d06a2db -Djna.tmpdir=/Documents/curseforge/minecraft/Install/bin/8b8a59c96ecc87d7f8fcc3bcf7b5b68c3d06a2db -Dorg.lwjgl.system.SharedLibraryExtractPath=/Documents/curseforge/minecraft/Install/bin/8b8a59c96ecc87d7f8fcc3bcf7b5b68c3d06a2db -Dio.netty.native.workdir=/Documents/curseforge/minecraft/Install/bin/8b8a59c96ecc87d7f8fcc3bcf7b5b68c3d06a2db -Dminecraft.launcher.brand=minecraft-launcher -Dminecraft.launcher.version=3.17.4 -Djava.net.preferIPv6Addresses=system -DignoreList=bootstraplauncher,securejarhandler,asm-commons,asm-util,asm-analysis,asm-tree,asm,JarJarFileSystems,client-extra,fmlcore,javafmllanguage,lowcodelanguage,mclanguage,forge-,forge-47.4.1.jar,forge-47.4.1 -DmergeModules=jna-5.10.0.jar,jna-platform-5.10.0.jar -DlibraryDirectory=/Documents/curseforge/minecraft/Install/libraries --module-path=/Documents/curseforge/minecraft/Install/libraries/cpw/mods/bootstraplauncher/1.1.2/bootstraplauncher-1.1.2.jar:/Documents/curseforge/minecraft/Install/libraries/cpw/mods/securejarhandler/2.1.10/securejarhandler-2.1.10.jar:/Documents/curseforge/minecraft/Install/libraries/org/ow2/asm/asm-commons/9.7.1/asm-commons-9.7.1.jar:/Documents/curseforge/minecraft/Install/libraries/org/ow2/asm/asm-util/9.7.1/asm-util-9.7.1.jar:/Documents/curseforge/minecraft/Install/libraries/org/ow2/asm/asm-analysis/9.7.1/asm-analysis-9.7.1.jar:/Documents/curseforge/minecraft/Install/libraries/org/ow2/asm/asm-tree/9.7.1/asm-tree-9.7.1.jar:/Documents/curseforge/minecraft/Install/libraries/org/ow2/asm/asm/9.7.1/asm-9.7.1.jar:/Documents/curseforge/minecraft/Install/libraries/net/minecraftforge/JarJarFileSystems/0.3.19/JarJarFileSystems-0.3.19.jar --add-modules=ALL-MODULE-PATH --add-opens=java.base/java.util.jar=cpw.mods.securejarhandler --add-opens=java.base/java.lang.invoke=cpw.mods.securejarhandler --add-exports=java.base/sun.security.util=cpw.mods.securejarhandler --add-exports=jdk.naming.dns/com.sun.jndi.dns=java.naming -Xmx12288m -Xms256m -Dfml.ignorePatchDiscrepancies=true -Dfml.ignoreInvalidMinecraftCertificates=true -Duser.language=en -Duser.country=US -DlibraryDirectory=/Documents/curseforge/minecraft/Install/libraries -XX:+UnlockExperimentalVMOptions -XX:+UseG1GC -XX:G1NewSizePercent=20 -XX:G1ReservePercent=20 -XX:MaxGCPauseMillis=50 -XX:G1HeapRegionSize=32M -Dlog4j.configurationFile=/Documents/curseforge/minecraft/Install/assets/log_configs/client-1.12.xml 
java_command: cpw.mods.bootstraplauncher.BootstrapLauncher --version forge-47.4.1 --gameDir /Documents/curseforge/minecraft/Instances/The Last Engineer --assetsDir /Documents/curseforge/minecraft/Install/assets --assetIndex 5 --userType msa --versionType release --width 1024 --height 768 --quickPlayPath /Documents/curseforge/minecraft/Install/quickPlay/java/1753884671519.json --launchTarget forgeclient --fml.forgeVersion 47.4.1 --fml.mcVersion 1.20.1 --fml.forgeGroup net.minecraftforge --fml.mcpVersion 20230612.114412
java_class_path (initial): /Documents/curseforge/minecraft/Install/libraries/cpw/mods/securejarhandler/2.1.10/securejarhandler-2.1.10.jar:/Documents/curseforge/minecraft/Install/libraries/org/ow2/asm/asm/9.7.1/asm-9.7.1.jar:/Documents/curseforge/minecraft/Install/libraries/org/ow2/asm/asm-commons/9.7.1/asm-commons-9.7.1.jar:/Documents/curseforge/minecraft/Install/libraries/org/ow2/asm/asm-tree/9.7.1/asm-tree-9.7.1.jar:/Documents/curseforge/minecraft/Install/libraries/org/ow2/asm/asm-util/9.7.1/asm-util-9.7.1.jar:/Documents/curseforge/minecraft/Install/libraries/org/ow2/asm/asm-analysis/9.7.1/asm-analysis-9.7.1.jar:/Documents/curseforge/minecraft/Install/libraries/net/minecraftforge/accesstransformers/8.0.4/accesstransformers-8.0.4.jar:/Documents/curseforge/minecraft/Install/libraries/org/antlr/antlr4-runtime/4.9.1/antlr4-runtime-4.9.1.jar:/Documents/curseforge/minecraft/Install/libraries/net/minecraftforge/eventbus/6.0.5/eventbus-6.0.5.jar:/Documents/curseforge/minecraft/Install/libraries/net/minecraftforge/forgespi/7.0.1/forgespi-7.0.1.jar:/Documents/curseforge/minecraft/Install/libraries/net/minecraftforge/coremods/5.2.4/coremods-5.2.4.jar:/Documents/curseforge/minecraft/Install/libraries/cpw/mods/modlauncher/10.0.9/modlauncher-10.0.9.jar:/Documents/curseforge/minecraft/Install/libraries/net/minecraftforge/unsafe/0.2.0/unsafe-0.2.0.jar:/Documents/curseforge/minecraft/Install/libraries/net/minecraftforge/mergetool/1.1.5/mergetool-1.1.5-api.jar:/Documents/curseforge/minecraft/Install/libraries/com/electronwill/night-config/core/3.6.4/core-3.6.4.jar:/Documents/curseforge/minecraft/Install/libraries/com/electronwill/night-config/toml/3.6.4/toml-3.6.4.jar:/Documents/curseforge/minecraft/Install/libraries/org/apache/maven/maven-artifact/3.8.5/maven-artifact-3.8.5.jar:
Launcher Type: SUN_STANDARD

[Global flags]
     intx CICompilerCount                          = 4                                         {product} {ergonomic}
     uint ConcGCThreads                            = 3                                         {product} {ergonomic}
     uint G1ConcRefinementThreads                  = 11                                        {product} {ergonomic}
     uint G1EagerReclaimRemSetThreshold            = 256                                  {experimental} {ergonomic}
   size_t G1HeapRegionSize                         = 33554432                                  {product} {command line}
    uintx G1NewSizePercent                         = 20                                   {experimental} {command line}
    uintx G1ReservePercent                         = 20                                        {product} {command line}
    uintx GCDrainStackTargetSize                   = 64                                        {product} {ergonomic}
   size_t InitialHeapSize                          = 268435456                                 {product} {command line}
   size_t MarkStackSize                            = 4194304                                   {product} {ergonomic}
    uintx MaxGCPauseMillis                         = 50                                        {product} {command line}
   size_t MaxHeapSize                              = 12884901888                               {product} {command line}
   size_t MaxNewSize                               = 7717519360                                {product} {ergonomic}
   size_t MinHeapDeltaBytes                        = 33554432                                  {product} {ergonomic}
   size_t MinHeapSize                              = 268435456                                 {product} {command line}
    uintx NonNMethodCodeHeapSize                   = 5839564                                {pd product} {ergonomic}
    uintx NonProfiledCodeHeapSize                  = 122909338                              {pd product} {ergonomic}
    uintx ProfiledCodeHeapSize                     = 122909338                              {pd product} {ergonomic}
    uintx ReservedCodeCacheSize                    = 251658240                              {pd product} {ergonomic}
     bool SegmentedCodeCache                       = true                                      {product} {ergonomic}
   size_t SoftMaxHeapSize                          = 12884901888                            {manageable} {ergonomic}
     bool UnlockExperimentalVMOptions              = true                                 {experimental} {command line}
     bool UseCompressedClassPointers               = true                           {product lp64_product} {ergonomic}
     bool UseCompressedOops                        = true                           {product lp64_product} {ergonomic}
     bool UseG1GC                                  = true                                      {product} {command line}
     bool UseNUMA                                  = false                                     {product} {ergonomic}
     bool UseNUMAInterleaving                      = false                                     {product} {ergonomic}

Logging:
Log output configuration:
 #0: stdout all=warning,jni+resolve=error uptime,level,tags (reconfigured)
 #1: stderr all=off uptime,level,tags

Environment Variables:
PATH=/usr/bin:/bin:/usr/sbin:/sbin
SHELL=/bin/zsh
TMPDIR=/var/folders/xm/sh__ffh97l38sjy_lf6t69xw0000gn/T/

Active Locale:
LC_ALL=C
LC_COLLATE=C
LC_CTYPE=C
LC_MESSAGES=C
LC_MONETARY=C
LC_NUMERIC=C
LC_TIME=C

Signal Handlers:
   SIGSEGV: crash_handler in libjvm.dylib, mask=11100110000111110111111111111111, flags=SA_RESTART|SA_SIGINFO, unblocked
    SIGBUS: crash_handler in libjvm.dylib, mask=11100110000111110111111111111111, flags=SA_RESTART|SA_SIGINFO, unblocked
    SIGFPE: crash_handler in libjvm.dylib, mask=11100110000111110111111111111111, flags=SA_RESTART|SA_SIGINFO, unblocked
   SIGPIPE: javaSignalHandler in libjvm.dylib, mask=11100110000111110111111111111111, flags=SA_RESTART|SA_SIGINFO, blocked
   SIGXFSZ: javaSignalHandler in libjvm.dylib, mask=11100110000111110111111111111111, flags=SA_RESTART|SA_SIGINFO, blocked
    SIGILL: crash_handler in libjvm.dylib, mask=11100110000111110111111111111111, flags=SA_RESTART|SA_SIGINFO, unblocked
   SIGUSR2: SR_handler in libjvm.dylib, mask=00000000000000000000000000000000, flags=SA_RESTART|SA_SIGINFO, blocked
    SIGHUP: UserHandler in libjvm.dylib, mask=11100110000111110111111111111111, flags=SA_RESTART|SA_SIGINFO, blocked
    SIGINT: UserHandler in libjvm.dylib, mask=11100110000111110111111111111111, flags=SA_RESTART|SA_SIGINFO, blocked
   SIGTERM: UserHandler in libjvm.dylib, mask=11100110000111110111111111111111, flags=SA_RESTART|SA_SIGINFO, blocked
   SIGQUIT: UserHandler in libjvm.dylib, mask=11100110000111110111111111111111, flags=SA_RESTART|SA_SIGINFO, blocked
   SIGTRAP: crash_handler in libjvm.dylib, mask=11100110000111110111111111111111, flags=SA_RESTART|SA_SIGINFO, unblocked


Periodic native trim disabled


---------------  S Y S T E M  ---------------

OS:
uname: Darwin 24.4.0 Darwin Kernel Version 24.4.0: Fri Apr 11 18:32:50 PDT 2025; root:xnu-11417.101.15~117/RELEASE_ARM64_T6041 arm64
OS uptime: 21 days 13:08 hours
rlimit (soft/hard): STACK 8176k/65520k , CORE 0k/infinity , NPROC 8000/12000 , NOFILE 1048576/infinity , AS infinity/infinity , CPU infinity/infinity , DATA infinity/infinity , FSIZE infinity/infinity , MEMLOCK infinity/infinity , RSS infinity/infinity
load average: 6.57 4.66 4.39

CPU: total 14 (initial active 14) 0x61:0x0:0x17d5b93a:0, fp, simd, crc, lse
machdep.cpu.brand_string:Apple M4 Pro
hw.cachelinesize:128
hw.l1icachesize:131072
hw.l1dcachesize:65536
hw.l2cachesize:4194304

Memory: 16k page, physical 50331648k(666496k free), swap 1048576k(952192k free)

vm_info: OpenJDK 64-Bit Server VM (17.0.15+6-LTS) for bsd-aarch64 JRE (17.0.15+6-LTS), built on Apr  9 2025 22:12:40 by "MicrosoftCorporation" with clang Apple LLVM 12.0.5 (clang-1205.0.22.9)

END.
