#
# A fatal error has been detected by the Java Runtime Environment:
#
#  SIGSEGV (0xb) at pc=0x000000010997d274, pid=64045, tid=29955
#
# JRE version: OpenJDK Runtime Environment Microsoft-11369864 (17.0.15+6) (build 17.0.15+6-LTS)
# Java VM: OpenJDK 64-Bit Server VM Microsoft-11369864 (17.0.15+6-LTS, mixed mode, tiered, compressed oops, compressed class ptrs, g1 gc, bsd-aarch64)
# Problematic frame:
# V  [libjvm.dylib+0x95d274]  BoolNode::Ideal(PhaseGVN*, bool)+0x4b4
#
# No core dump will be written. Core dumps have been disabled. To enable core dumping, try "ulimit -c unlimited" before starting Java again
#
# If you would like to submit a bug report, please visit:
#   https://aka.ms/minecraftjavacrashes
#

---------------  S U M M A R Y ------------

Command Line: -Djava.library.path=/Documents/curseforge/minecraft/Install/bin/3f433badf8ea9e0531575e783a5c0538ec9ce27a -Djna.tmpdir=/Documents/curseforge/minecraft/Install/bin/3f433badf8ea9e0531575e783a5c0538ec9ce27a -Dorg.lwjgl.system.SharedLibraryExtractPath=/Documents/curseforge/minecraft/Install/bin/3f433badf8ea9e0531575e783a5c0538ec9ce27a -Dio.netty.native.workdir=/Documents/curseforge/minecraft/Install/bin/3f433badf8ea9e0531575e783a5c0538ec9ce27a -Dminecraft.launcher.brand=minecraft-launcher -Dminecraft.launcher.version=3.18.26 -Djava.net.preferIPv6Addresses=system -DignoreList=bootstraplauncher,securejarhandler,asm-commons,asm-util,asm-analysis,asm-tree,asm,JarJarFileSystems,client-extra,fmlcore,javafmllanguage,lowcodelanguage,mclanguage,forge-,forge-47.4.3.jar,forge-47.4.3 -DmergeModules=jna-5.10.0.jar,jna-platform-5.10.0.jar -DlibraryDirectory=/Documents/curseforge/minecraft/Install/libraries --module-path=/Documents/curseforge/minecraft/Install/libraries/cpw/mods/bootstraplauncher/1.1.2/bootstraplauncher-1.1.2.jar:/Documents/curseforge/minecraft/Install/libraries/cpw/mods/securejarhandler/2.1.10/securejarhandler-2.1.10.jar:/Documents/curseforge/minecraft/Install/libraries/org/ow2/asm/asm-commons/9.7.1/asm-commons-9.7.1.jar:/Documents/curseforge/minecraft/Install/libraries/org/ow2/asm/asm-util/9.7.1/asm-util-9.7.1.jar:/Documents/curseforge/minecraft/Install/libraries/org/ow2/asm/asm-analysis/9.7.1/asm-analysis-9.7.1.jar:/Documents/curseforge/minecraft/Install/libraries/org/ow2/asm/asm-tree/9.7.1/asm-tree-9.7.1.jar:/Documents/curseforge/minecraft/Install/libraries/org/ow2/asm/asm/9.7.1/asm-9.7.1.jar:/Documents/curseforge/minecraft/Install/libraries/net/minecraftforge/JarJarFileSystems/0.3.19/JarJarFileSystems-0.3.19.jar --add-modules=ALL-MODULE-PATH --add-opens=java.base/java.util.jar=cpw.mods.securejarhandler --add-opens=java.base/java.lang.invoke=cpw.mods.securejarhandler --add-exports=java.base/sun.security.util=cpw.mods.securejarhandler --add-exports=jdk.naming.dns/com.sun.jndi.dns=java.naming -Xmx12288m -Xms256m -Dfml.ignorePatchDiscrepancies=true -Dfml.ignoreInvalidMinecraftCertificates=true -Duser.language=en -Duser.country=US -DCFInstanceId=7d01fd3f-8e95-49a5-bbeb-f85242d64d3f -DlibraryDirectory=/Documents/curseforge/minecraft/Install/libraries -XX:+UnlockExperimentalVMOptions -XX:+UseG1GC -XX:G1NewSizePercent=20 -XX:G1ReservePercent=20 -XX:MaxGCPauseMillis=50 -XX:G1HeapRegionSize=32M -Dlog4j.configurationFile=/Documents/curseforge/minecraft/Install/assets/log_configs/client-1.12.xml cpw.mods.bootstraplauncher.BootstrapLauncher --version forge-47.4.3 --gameDir /Documents/curseforge/minecraft/Instances/The Last Engineer --assetsDir /Documents/curseforge/minecraft/Install/assets --assetIndex 5 --userType msa --versionType release --width 1024 --height 768 --quickPlayPath /Documents/curseforge/minecraft/Install/quickPlay/java/1756531629017.json --launchTarget forgeclient --fml.forgeVersion 47.4.3 --fml.mcVersion 1.20.1 --fml.forgeGroup net.minecraftforge --fml.mcpVersion 20230612.114412

Host: "Mac16,7" arm64, 14 cores, 48G, Darwin 24.6.0, macOS 15.6.1 (24G90)
Time: Sat Aug 30 12:11:22 2025 +04 elapsed time: 9853.311991 seconds (0d 2h 44m 13s)

---------------  T H R E A D  ---------------

Current thread (0x000000010805dc00):  JavaThread "C2 CompilerThread0" daemon [_thread_in_native, id=29955, stack(0x0000000178c4c000,0x0000000178e4f000)]


Current CompileTask:
C2:9853312 4683091  s    4       me.jellysquid.mods.sodium.client.world.cloned.ClonedChunkSectionCache::acquire (84 bytes)

Stack: [0x0000000178c4c000,0x0000000178e4f000],  sp=0x0000000178e4bcb0,  free space=2047k
Native frames: (J=compiled Java code, j=interpreted, Vv=VM code, C=native code)
V  [libjvm.dylib+0x95d274]  BoolNode::Ideal(PhaseGVN*, bool)+0x4b4
V  [libjvm.dylib+0x815738]  PhaseIterGVN::transform_old(Node*)+0xc0
V  [libjvm.dylib+0x8152b0]  PhaseIterGVN::optimize()+0xac
V  [libjvm.dylib+0x298ce0]  Compile::Optimize()+0x14c
V  [libjvm.dylib+0x297d50]  Compile::Compile(ciEnv*, ciMethod*, int, bool, bool, bool, bool, bool, bool, bool, DirectiveSet*)+0xb30
V  [libjvm.dylib+0x29a71c]  Compile::Compile(ciEnv*, ciMethod*, int, bool, bool, bool, bool, bool, bool, bool, DirectiveSet*)+0x30
V  [libjvm.dylib+0x205194]  C2Compiler::compile_method(ciEnv*, ciMethod*, int, bool, DirectiveSet*)+0x12c
V  [libjvm.dylib+0x2a9850]  CompileBroker::invoke_compiler_on_method(CompileTask*)+0x548
V  [libjvm.dylib+0x2a915c]  CompileBroker::compiler_thread_loop()+0x3f0
V  [libjvm.dylib+0x9bdf14]  JavaThread::thread_main_inner()+0x15c
V  [libjvm.dylib+0x9bc574]  Thread::call_run()+0xcc
V  [libjvm.dylib+0x7d9064]  thread_native_entry(Thread*)+0x158
C  [libsystem_pthread.dylib+0x6c0c]  _pthread_start+0x88


siginfo: si_signo: 11 (SIGSEGV), si_code: 2 (SEGV_ACCERR), si_addr: 0x0000000000000014

Registers:
 x0=0x000000011d02ce28  x1=0x0000000178e4c930  x2=0x0000000000000001  x3=0x0000000000000001
 x4=0x0000000000000000  x5=0x0000000000000000  x6=0x0000000000000000  x7=0x0000000000000000
 x8=0x00000008e78f7e70  x9=0x0000000000000000 x10=0x0000000000000002 x11=0x0000000161afe370
x12=0x000000097328cad0 x13=0x0000000000000004 x14=0x0000000000000200 x15=0x00000000000027d0
x16=0x0000000000000040 x17=0x0000000100e21b10 x18=0x0000000000000000 x19=0x0000000178e4c930
x20=0x000000097328c998 x21=0x0000000996e3ae40 x22=0x000000097328ca60 x23=0x000000097328cad0
x24=0x0000000000000054 x25=0x000000000000001c x26=0x00000009155f0840 x27=0x0000000109cb7278
x28=0x000000097328cb04  fp=0x0000000178e4bd10  lr=0x000000010997d234  sp=0x0000000178e4bcb0
pc=0x000000010997d274 cpsr=0x0000000080000000

Register to memory mapping:

 x0=0x000000011d02ce28 points into unknown readable memory: 0x0000000109c531e8 | e8 31 c5 09 01 00 00 00
 x1=0x0000000178e4c930 is pointing into the stack for thread: 0x000000010805dc00
 x2=0x0000000000000001 is an unknown value
 x3=0x0000000000000001 is an unknown value
 x4=0x0 is NULL
 x5=0x0 is NULL
 x6=0x0 is NULL
 x7=0x0 is NULL
 x8=0x00000008e78f7e70 points into unknown readable memory: 0x0000000109c22258 | 58 22 c2 09 01 00 00 00
 x9=0x0 is NULL
x10=0x0000000000000002 is an unknown value
x11=0x0000000161afe370 points into unknown readable memory: 0x000000092fba3e10 | 10 3e ba 2f 09 00 00 00
x12=0x000000097328cad0 points into unknown readable memory: 0x0000000109c521d8 | d8 21 c5 09 01 00 00 00
x13=0x0000000000000004 is an unknown value
x14=0x0000000000000200 is an unknown value
x15=0x00000000000027d0 is an unknown value
x16=0x0000000000000040 is an unknown value
x17=0x0000000100e21b10 points into unknown readable memory: 0xfffffffffffffffe | fe ff ff ff ff ff ff ff
x18=0x0 is NULL
x19=0x0000000178e4c930 is pointing into the stack for thread: 0x000000010805dc00
x20=0x000000097328c998 points into unknown readable memory: 0x0000000109c22e98 | 98 2e c2 09 01 00 00 00
x21=0x0000000996e3ae40 points into unknown readable memory: 0x0000000109c1a660 | 60 a6 c1 09 01 00 00 00
x22=0x000000097328ca60 points into unknown readable memory: 0x0000000109c20620 | 20 06 c2 09 01 00 00 00
x23=0x000000097328cad0 points into unknown readable memory: 0x0000000109c521d8 | d8 21 c5 09 01 00 00 00
x24=0x0000000000000054 is an unknown value
x25=0x000000000000001c is an unknown value
x26=0x00000009155f0840 points into unknown readable memory: 0x0000000109c531e8 | e8 31 c5 09 01 00 00 00
x27=0x0000000109cb7278: _ZN7TypeInt4ZEROE+0 in /Documents/curseforge/minecraft/Install/runtime/java-runtime-gamma/mac-os-arm64/java-runtime-gamma/jre.bundle/Contents/Home/lib/server/libjvm.dylib at 0x0000000109020000
x28=0x000000097328cb04 points into unknown readable memory: 03 00 00 00


Top of Stack: (sp=0x0000000178e4bcb0)
0x0000000178e4bcb0:   0000000178e4bd10 0000000109832704
0x0000000178e4bcc0:   0000000178e4c930 00000001849210f8
0x0000000178e4bcd0:   00000009154c09e8 0000000000000001
0x0000000178e4bce0:   0000000109c60a20 0000000000001962
0x0000000178e4bcf0:   0000000109c865d0 0000000000000000
0x0000000178e4bd00:   0000000178e4c930 000000097328cad0
0x0000000178e4bd10:   0000000178e4bd40 0000000109835738
0x0000000178e4bd20:   0000000178e4e078 000000097328cad0
0x0000000178e4bd30:   0000000178e4d308 0000000178e4c930
0x0000000178e4bd40:   0000000178e4bd90 00000001098352b0
0x0000000178e4bd50:   0000000109c9ebc8 0000000109afe7ed
0x0000000178e4bd60:   0000000109c93323 0000000178e4e078
0x0000000178e4bd70:   0000000000018360 00000009655cc800
0x0000000178e4bd80:   0000000100e20db0 0000000109c83db8
0x0000000178e4bd90:   0000000178e4d400 00000001092b8ce0
0x0000000178e4bda0:   0000000178e4c268 000000010805dc00
0x0000000178e4bdb0:   0000000178e4bf38 000000010805dc00
0x0000000178e4bdc0:   0000000178e4be10 0000000109a000f4
0x0000000178e4bdd0:   0000000178e4be20 0000000109a000f4
0x0000000178e4bde0:   0000000000000000 000000011f725840
0x0000000178e4bdf0:   00000009655d33b0 00000009655d47e8
0x0000000178e4be00:   0000000178e4be30 00000001099fe014
0x0000000178e4be10:   0000000080012ff7 00000008f30a07b0
0x0000000178e4be20:   00000008f1a99878 00000008f30a08b0
0x0000000178e4be30:   0000000178e4be60 00000001099fdfbc
0x0000000178e4be40:   0000000080012ff7 00000009524ff220
0x0000000178e4be50:   0000000178e4bea0 0000000109a000f4
0x0000000178e4be60:   0000000178e4beb0 0000000109a000f4
0x0000000178e4be70:   00000008f309ead0 000000000000003c
0x0000000178e4be80:   0000000000000004 0000000000000000
0x0000000178e4be90:   0000000178e4bec0 00000001099fe014
0x0000000178e4bea0:   0000000080012ff7 00000008f30a07b0 

Instructions: (pc=0x000000010997d274)
0x000000010997d174:   5f 01 08 eb 00 01 49 fa 40 01 67 9e 00 58 20 0e
0x000000010997d184:   00 38 30 2e 08 00 26 1e 48 09 41 fa 02 a9 41 fa
0x000000010997d194:   c9 84 00 54 88 02 40 f9 08 01 40 f9 e0 03 14 aa
0x000000010997d1a4:   00 01 3f d6 a9 2a 40 b9 68 2a 40 f9 1a 79 69 f8
0x000000010997d1b4:   49 13 40 b9 5f 03 00 f1 20 19 43 7a 81 e4 ff 54
0x000000010997d1c4:   f9 03 00 aa db 19 00 d0 7b e3 09 91 69 03 40 f9
0x000000010997d1d4:   1f 24 05 71 20 01 5a fa a0 06 00 54 3f 73 00 71
0x000000010997d1e4:   e8 17 9f 1a 1f 53 01 71 01 09 00 54 3f 73 00 71
0x000000010997d1f4:   c1 08 00 54 89 03 40 b9 e8 03 15 aa 3f 15 00 71
0x000000010997d204:   40 04 00 54 3f 0d 00 71 e1 03 00 54 a8 02 40 f9
0x000000010997d214:   08 01 40 f9 e0 03 15 aa 00 01 3f d6 1f 5c 00 71
0x000000010997d224:   21 03 00 54 a8 06 40 f9 00 09 40 f9 ba 6f f9 97
0x000000010997d234:   a0 02 00 b4 08 00 80 d2 09 14 40 b9 3f 05 00 71
0x000000010997d244:   41 02 00 54 09 18 40 b9 3f 05 00 71 e1 01 00 54
0x000000010997d254:   a8 06 40 f9 08 05 40 f9 09 29 40 b9 6a 2a 40 f9
0x000000010997d264:   49 79 69 f8 2a 11 40 b9 5f 0d 00 71 29 01 9f 9a
0x000000010997d274:   2a 15 40 b9 aa 00 f8 36 29 19 40 b9 3f 09 00 31
0x000000010997d284:   4d 00 00 54 08 00 80 d2 89 06 40 f9 2a 09 40 f9
0x000000010997d294:   5f 01 08 eb 80 25 00 54 29 05 40 f9 3f 01 08 eb
0x000000010997d2a4:   20 25 00 54 28 00 80 52 1a 00 00 14 89 06 40 f9
0x000000010997d2b4:   2a 05 40 f9 5f 01 14 eb 00 02 00 54 4a 29 40 b9
0x000000010997d2c4:   0a 79 6a f8 cb 19 00 d0 1f 20 03 d5 6b f5 40 f9
0x000000010997d2d4:   5f 01 0b eb 21 01 00 54 29 09 40 f9 29 29 40 b9
0x000000010997d2e4:   08 79 69 f8 c9 19 00 d0 1f 20 03 d5 29 41 41 f9
0x000000010997d2f4:   1f 01 09 eb c0 47 00 54 1f 53 01 71 60 08 00 54
0x000000010997d304:   29 00 80 52 89 00 00 14 1f 53 01 71 21 06 00 54
0x000000010997d314:   89 03 40 b9 1f 01 00 71 20 19 43 7a 21 05 00 54
0x000000010997d324:   88 06 40 f9 1b 05 40 f9 68 03 40 f9 08 01 40 f9
0x000000010997d334:   e0 03 1b aa 00 01 3f d6 1f 5c 00 71 a1 01 00 54
0x000000010997d344:   68 07 40 f9 00 09 40 f9 73 6f f9 97 20 01 00 b4
0x000000010997d354:   08 a4 42 29 28 01 08 0a 1f 05 00 31 a1 00 00 54
0x000000010997d364:   68 07 40 f9 08 05 40 f9 1f 01 15 eb e0 51 00 54 


Stack slot to memory mapping:
stack at sp + 0 slots: 0x0000000178e4bd10 is pointing into the stack for thread: 0x000000010805dc00
stack at sp + 1 slots: 0x0000000109832704: _ZN8NodeHash16hash_find_insertEP4Node+0x34 in /Documents/curseforge/minecraft/Install/runtime/java-runtime-gamma/mac-os-arm64/java-runtime-gamma/jre.bundle/Contents/Home/lib/server/libjvm.dylib at 0x0000000109020000
stack at sp + 2 slots: 0x0000000178e4c930 is pointing into the stack for thread: 0x000000010805dc00
stack at sp + 3 slots: 0x00000001849210f8: _tlv_get_addr+0 in /usr/lib/system/libdyld.dylib at 0x000000018491e000
stack at sp + 4 slots: 0x00000009154c09e8 points into unknown readable memory: 0x0000000109c18128 | 28 81 c1 09 01 00 00 00
stack at sp + 5 slots: 0x0000000000000001 is an unknown value
stack at sp + 6 slots: 0x0000000109c60a20: NodeLimitFudgeFactor+0 in /Documents/curseforge/minecraft/Install/runtime/java-runtime-gamma/mac-os-arm64/java-runtime-gamma/jre.bundle/Contents/Home/lib/server/libjvm.dylib at 0x0000000109020000
stack at sp + 7 slots: 0x0000000000001962 is an unknown value


---------------  P R O C E S S  ---------------

Threads class SMR info:
_java_thread_list=0x00000008c51dec60, length=213, elements={
0x0000000120027600, 0x000000010880b600, 0x000000010880d800, 0x000000010805ca00,
0x000000010805d000, 0x000000010805d600, 0x000000010805dc00, 0x0000000108050800,
0x0000000108050e00, 0x0000000120043a00, 0x000000010805ae00, 0x000000011d832800,
0x0000000108ce4200, 0x00000001086f9200, 0x000000034c1e0a00, 0x000000011d812a00,
0x0000000349335000, 0x0000000157808a00, 0x000000011e07fa00, 0x00000001577d9200,
0x000000011e99f400, 0x000000034c929a00, 0x0000000108d36400, 0x0000000169008200,
0x000000034e03e000, 0x000000034ab47c00, 0x0000000108840e00, 0x0000000120214400,
0x000000034aea1c00, 0x000000034ae8e800, 0x000000034ab3c200, 0x000000034d149400,
0x000000034ca6c200, 0x000000011ebb7200, 0x000000034c4f1800, 0x000000034a524c00,
0x0000000108a6dc00, 0x000000034d5e4000, 0x0000000127a8fa00, 0x000000034e440c00,
0x0000000108b9be00, 0x00000001081e6c00, 0x0000000108863c00, 0x000000034ae94a00,
0x000000034c40f200, 0x000000034cb4b000, 0x000000010f916600, 0x000000010869b400,
0x000000034c41f600, 0x000000010f962600, 0x000000011ff50c00, 0x000000034cb48600,
0x000000034c509e00, 0x0000000108067800, 0x000000011e8e1a00, 0x000000011da63600,
0x00000001570b4200, 0x000000034941a000, 0x000000034977aa00, 0x00000001683a5a00,
0x000000034964ce00, 0x000000034d434200, 0x0000000127b4c000, 0x000000034d42c600,
0x0000000108ecb600, 0x00000001204f4600, 0x0000000168838e00, 0x000000011d868a00,
0x000000034cb1d200, 0x00000001080c2800, 0x000000011fea8000, 0x0000000120191e00,
0x000000011d8a5c00, 0x000000034c1a7a00, 0x000000034a517c00, 0x000000034a517600,
0x0000000127922000, 0x000000011d595c00, 0x000000034ab70c00, 0x000000034c37a400,
0x000000034ab5d800, 0x0000000349635200, 0x000000034ef0e400, 0x000000034c2e1c00,
0x000000011e1da800, 0x0000000127b04200, 0x0000000108c30400, 0x000000034cccf200,
0x000000034ccc8400, 0x00000008a9a4d400, 0x0000000108c30a00, 0x000000016851e400,
0x000000016834f200, 0x000000034a715e00, 0x000000011d9fac00, 0x00000001278c7c00,
0x000000034dac5400, 0x000000011d9fb200, 0x000000034cb1d800, 0x000000011ff3e000,
0x000000012051d400, 0x0000000108e66e00, 0x00000003493f0a00, 0x000000034e0dd600,
0x000000034e4c6800, 0x00000008a9a26600, 0x000000011e245e00, 0x000000011e2a4600,
0x0000000942acc200, 0x000000034ccfec00, 0x000000092fe42c00, 0x000000011ff25200,
0x000000034c49e000, 0x000000011d8c2400, 0x000000011d292200, 0x00000001686ae000,
0x000000011e2ffe00, 0x000000011e2a9200, 0x00000003495e4400, 0x00000001579a9a00,
0x000000034db61800, 0x0000000965743600, 0x000000034c0cac00, 0x0000000127eb4e00,
0x0000000127eb3a00, 0x00000001279c9000, 0x0000000120335600, 0x00000008bb3c3400,
0x000000034946c600, 0x000000034922f600, 0x000000034da86600, 0x0000000967018a00,
0x000000015704a200, 0x000000015734dc00, 0x000000011d8a3200, 0x0000000349698a00,
0x00000008f31cd400, 0x00000008f300f000, 0x00000008bb7bd200, 0x00000008bb776800,
0x00000001690b2400, 0x000000016900fe00, 0x0000000168838600, 0x00000001086bfa00,
0x000000034e52ec00, 0x0000000168331e00, 0x00000008f1b10800, 0x0000000127ab0000,
0x000000016806ae00, 0x000000034c37e800, 0x0000000965d1d400, 0x000000092e23ce00,
0x0000000157054200, 0x000000034cbdfc00, 0x0000000994c7d800, 0x000000010f87aa00,
0x00000009673eda00, 0x0000000995a26000, 0x000000011da07400, 0x00000008f3051000,
0x000000034da86c00, 0x0000000127942e00, 0x000000034df18400, 0x0000000127fffa00,
0x000000092d0b0c00, 0x00000001685b7600, 0x0000000983d43800, 0x000000011e94e400,
0x0000000983c58800, 0x0000000983bbc200, 0x00000009662fdc00, 0x0000000983aa8a00,
0x0000000349329600, 0x0000000127e84c00, 0x000000034e302c00, 0x000000034a7aae00,
0x000000016843b000, 0x00000001085bc000, 0x00000008f1c9ae00, 0x000000034ede7200,
0x000000092d4bdc00, 0x0000000965d85c00, 0x000000092ff39800, 0x000000034e156600,
0x000000010855dc00, 0x0000000965a99c00, 0x000000011e2c9c00, 0x00000001570d0800,
0x000000092ebf7400, 0x000000034da79e00, 0x000000011e246400, 0x0000000967010800,
0x000000098661f200, 0x000000034ab31e00, 0x000000011e882400, 0x000000034ede3600,
0x0000000157328000, 0x000000034e4c5c00, 0x000000034ef09400, 0x0000000127e1c800,
0x00000008f3598000, 0x000000034949ae00, 0x000000015774da00, 0x000000092e625a00,
0x0000000983fc8400, 0x00000008f18eae00, 0x000000011d516800, 0x0000000168440400,
0x000000011d2dd000, 0x000000011d876a00, 0x000000034c1dd400, 0x000000034a7db800,
0x000000016870e000
}

Java Threads: ( => current thread )
  0x0000000120027600 JavaThread "Render thread" [_thread_in_Java, id=259, stack(0x000000016eb50000,0x000000016f34c000)]
  0x000000010880b600 JavaThread "Reference Handler" daemon [_thread_blocked, id=23043, stack(0x0000000178210000,0x0000000178413000)]
  0x000000010880d800 JavaThread "Finalizer" daemon [_thread_blocked, id=23555, stack(0x000000017841c000,0x000000017861f000)]
  0x000000010805ca00 JavaThread "Signal Dispatcher" daemon [_thread_blocked, id=30467, stack(0x0000000178628000,0x000000017882b000)]
  0x000000010805d000 JavaThread "Service Thread" daemon [_thread_blocked, id=30211, stack(0x0000000178834000,0x0000000178a37000)]
  0x000000010805d600 JavaThread "Monitor Deflation Thread" daemon [_thread_blocked, id=26115, stack(0x0000000178a40000,0x0000000178c43000)]
=>0x000000010805dc00 JavaThread "C2 CompilerThread0" daemon [_thread_in_native, id=29955, stack(0x0000000178c4c000,0x0000000178e4f000)]
  0x0000000108050800 JavaThread "C1 CompilerThread0" daemon [_thread_blocked, id=29699, stack(0x0000000178e58000,0x000000017905b000)]
  0x0000000108050e00 JavaThread "Sweeper thread" daemon [_thread_in_vm, id=29187, stack(0x0000000179064000,0x0000000179267000)]
  0x0000000120043a00 JavaThread "Common-Cleaner" daemon [_thread_blocked, id=28675, stack(0x0000000179270000,0x0000000179473000)]
  0x000000010805ae00 JavaThread "Notification Thread" daemon [_thread_blocked, id=27907, stack(0x0000000179688000,0x000000017988b000)]
  0x000000011d832800 JavaThread "Thread-1" daemon [_thread_blocked, id=56859, stack(0x000000037261c000,0x000000037281f000)]
  0x0000000108ce4200 JavaThread "FileSystemWatcher" daemon [_thread_blocked, id=120323, stack(0x0000000372a34000,0x0000000372c37000)]
  0x00000001086f9200 JavaThread "JNA Cleaner" daemon [_thread_blocked, id=26903, stack(0x0000000372828000,0x0000000372a2b000)]
  0x000000034c1e0a00 JavaThread "Timer hack thread" daemon [_thread_blocked, id=99095, stack(0x000000037341c000,0x000000037361f000)]
  0x000000011d812a00 JavaThread "Yggdrasil Key Fetcher" daemon [_thread_blocked, id=125715, stack(0x0000000379c04000,0x0000000379e07000)]
  0x0000000349335000 JavaThread "Cleaner-0" daemon [_thread_blocked, id=81455, stack(0x000000037a404000,0x000000037a607000)]
  0x0000000157808a00 JavaThread "FileSystemWatcher" daemon [_thread_blocked, id=115971, stack(0x000000037f804000,0x000000037fa07000)]
  0x000000011e07fa00 JavaThread "Thread-6" daemon [_thread_blocked, id=116487, stack(0x0000000384904000,0x0000000384b07000)]
  0x00000001577d9200 JavaThread "FileSystemWatcher" daemon [_thread_blocked, id=115203, stack(0x0000000384b10000,0x0000000384d13000)]
  0x000000011e99f400 JavaThread "FileSystemWatcher" daemon [_thread_blocked, id=114947, stack(0x0000000384f04000,0x0000000385107000)]
  0x000000034c929a00 JavaThread "Config Lib config file watcher" daemon [_thread_blocked, id=102147, stack(0x0000000385110000,0x0000000385313000)]
  0x0000000108d36400 JavaThread "FileSystemWatcher" daemon [_thread_blocked, id=102403, stack(0x0000000385704000,0x0000000385907000)]
  0x0000000169008200 JavaThread "UnionLib Toml Reader 0" daemon [_thread_blocked, id=102659, stack(0x0000000385910000,0x0000000385b13000)]
  0x000000034e03e000 JavaThread "DFU cleaning thread" daemon [_thread_blocked, id=103175, stack(0x0000000386a04000,0x0000000386c07000)]
  0x000000034ab47c00 JavaThread "JEI Config File Watcher" daemon [_thread_blocked, id=113411, stack(0x000000038b004000,0x000000038b207000)]
  0x0000000108840e00 JavaThread "FileSystemWatcher" daemon [_thread_blocked, id=103427, stack(0x000000038b210000,0x000000038b413000)]
  0x0000000120214400 JavaThread "FileSystemWatcher" daemon [_thread_blocked, id=103695, stack(0x000000038c704000,0x000000038c907000)]
  0x000000034aea1c00 JavaThread "FileSystemWatcher" daemon [_thread_blocked, id=111875, stack(0x000000038c910000,0x000000038cb13000)]
  0x000000034ae8e800 JavaThread "Config Lib config file watcher" daemon [_thread_blocked, id=111619, stack(0x000000038cb1c000,0x000000038cd1f000)]
  0x000000034ab3c200 JavaThread "KubeJS Background Thread" daemon [_thread_blocked, id=111107, stack(0x0000000391004000,0x0000000391207000)]
  0x000000034d149400 JavaThread "Timer-1" [_thread_blocked, id=112395, stack(0x0000000391210000,0x0000000391413000)]
  0x000000034ca6c200 JavaThread "pool-10-thread-1" [_thread_blocked, id=110595, stack(0x0000000391804000,0x0000000391a07000)]
  0x000000011ebb7200 JavaThread "Ingredient reference clearing thread" daemon [_thread_blocked, id=104451, stack(0x0000000391c04000,0x0000000391e07000)]
  0x000000034c4f1800 JavaThread "pool-12-thread-1" [_thread_blocked, id=109831, stack(0x0000000392804000,0x0000000392a07000)]
  0x000000034a524c00 JavaThread "Worker-Main-1" daemon [_thread_blocked, id=121615, stack(0x0000000385e04000,0x0000000386007000)]
  0x0000000108a6dc00 JavaThread "Worker-Main-3" daemon [_thread_blocked, id=105219, stack(0x0000000392c1c000,0x0000000392e1f000)]
  0x000000034d5e4000 JavaThread "Worker-Main-5" daemon [_thread_blocked, id=108547, stack(0x0000000397210000,0x0000000397413000)]
  0x0000000127a8fa00 JavaThread "Worker-Main-6" daemon [_thread_blocked, id=108291, stack(0x000000039741c000,0x000000039761f000)]
  0x000000034e440c00 JavaThread "Worker-Main-7" daemon [_thread_blocked, id=108035, stack(0x0000000397628000,0x000000039782b000)]
  0x0000000108b9be00 JavaThread "Worker-Main-8" daemon [_thread_blocked, id=107523, stack(0x0000000397834000,0x0000000397a37000)]
  0x00000001081e6c00 JavaThread "Worker-Main-9" daemon [_thread_blocked, id=107011, stack(0x0000000397a40000,0x0000000397c43000)]
  0x0000000108863c00 JavaThread "Worker-Main-11" daemon [_thread_blocked, id=106243, stack(0x0000000397e58000,0x000000039805b000)]
  0x000000034ae94a00 JavaThread "Worker-Main-12" daemon [_thread_blocked, id=131331, stack(0x0000000398064000,0x0000000398267000)]
  0x000000034c40f200 JavaThread "FileSystemWatcher" daemon [_thread_blocked, id=176387, stack(0x00000003ac898000,0x00000003aca9b000)]
  0x000000034cb4b000 JavaThread "FileSystemWatcher" daemon [_thread_blocked, id=176899, stack(0x00000003acea8000,0x00000003ad0ab000)]
  0x000000010f916600 JavaThread "FileSystemWatcher" daemon [_thread_blocked, id=258819, stack(0x00000003ad0b4000,0x00000003ad2b7000)]
  0x000000010869b400 JavaThread "FileSystemWatcher" daemon [_thread_blocked, id=258307, stack(0x00000003ae45c000,0x00000003ae65f000)]
  0x000000034c41f600 JavaThread "FileSystemWatcher" daemon [_thread_blocked, id=258051, stack(0x00000003ae668000,0x00000003ae86b000)]
  0x000000010f962600 JavaThread "FileSystemWatcher" daemon [_thread_blocked, id=257795, stack(0x00000003ae874000,0x00000003aea77000)]
  0x000000011ff50c00 JavaThread "FileSystemWatcher" daemon [_thread_blocked, id=178691, stack(0x00000003aea80000,0x00000003aec83000)]
  0x000000034cb48600 JavaThread "FileSystemWatcher" daemon [_thread_blocked, id=257539, stack(0x00000003aec8c000,0x00000003aee8f000)]
  0x000000034c509e00 JavaThread "FileSystemWatcher" daemon [_thread_blocked, id=257027, stack(0x00000003aee98000,0x00000003af09b000)]
  0x0000000108067800 JavaThread "FileSystemWatcher" daemon [_thread_blocked, id=179203, stack(0x00000003af0a4000,0x00000003af2a7000)]
  0x000000011e8e1a00 JavaThread "FileSystemWatcher" daemon [_thread_blocked, id=256259, stack(0x00000003af2b0000,0x00000003af4b3000)]
  0x000000011da63600 JavaThread "FileSystemWatcher" daemon [_thread_blocked, id=256003, stack(0x00000003af4bc000,0x00000003af6bf000)]
  0x00000001570b4200 JavaThread "FileSystemWatcher" daemon [_thread_blocked, id=255491, stack(0x00000003b0414000,0x00000003b0617000)]
  0x000000034941a000 JavaThread "FileSystemWatcher" daemon [_thread_blocked, id=255235, stack(0x00000003b2284000,0x00000003b2487000)]
  0x000000034977aa00 JavaThread "FileSystemWatcher" daemon [_thread_blocked, id=179971, stack(0x00000003b2490000,0x00000003b2693000)]
  0x00000001683a5a00 JavaThread "FileSystemWatcher" daemon [_thread_blocked, id=79111, stack(0x00000003b3edc000,0x00000003b40df000)]
  0x000000034964ce00 JavaThread "FileSystemWatcher" daemon [_thread_blocked, id=254467, stack(0x00000003b40e8000,0x00000003b42eb000)]
  0x000000034d434200 JavaThread "FileSystemWatcher" daemon [_thread_blocked, id=180483, stack(0x00000003b42f4000,0x00000003b44f7000)]
  0x0000000127b4c000 JavaThread "FileSystemWatcher" daemon [_thread_blocked, id=180739, stack(0x00000003b4604000,0x00000003b4807000)]
  0x000000034d42c600 JavaThread "FileSystemWatcher" daemon [_thread_blocked, id=253443, stack(0x00000003b4810000,0x00000003b4a13000)]
  0x0000000108ecb600 JavaThread "Java2D Disposer" daemon [_thread_blocked, id=181763, stack(0x00000003bb2d4000,0x00000003bb4d7000)]
  0x00000001204f4600 JavaThread "FileSystemWatcher" daemon [_thread_blocked, id=182019, stack(0x00000003bb544000,0x00000003bb747000)]
  0x0000000168838e00 JavaThread "Auto-Sync thread" daemon [_thread_blocked, id=252675, stack(0x00000003bb750000,0x00000003bb953000)]
  0x000000011d868a00 JavaThread "ConfigSaver" daemon [_thread_blocked, id=252419, stack(0x00000003bb95c000,0x00000003bbb5f000)]
  0x000000034cb1d200 JavaThread "JAOPCA Executor Thread" daemon [_thread_blocked, id=250371, stack(0x00000003f5f38000,0x00000003f613b000)]
  0x00000001080c2800 JavaThread "pool-16-thread-1" [_thread_blocked, id=250115, stack(0x00000003f6634000,0x00000003f6837000)]
  0x000000011fea8000 JavaThread "spark-monitoring-thread" daemon [_thread_blocked, id=183063, stack(0x00000003f7f1c000,0x00000003f811f000)]
  0x0000000120191e00 JavaThread "spark-worker-pool-1-thread-1" daemon [_thread_blocked, id=184075, stack(0x00000003f9e70000,0x00000003fa073000)]
  0x000000011d8a5c00 JavaThread "Thread-21" daemon [_thread_blocked, id=155143, stack(0x0000000405734000,0x0000000405937000)]
  0x000000034c1a7a00 JavaThread "Cleaner-1" daemon [_thread_blocked, id=258603, stack(0x00000008aacc8000,0x00000008aaecb000)]
  0x000000034a517c00 JavaThread "DE Contributor Fetcher #0" daemon [_thread_blocked, id=243975, stack(0x00000008ab704000,0x00000008ab907000)]
  0x000000034a517600 JavaThread "CullThread" daemon [_thread_blocked, id=188675, stack(0x00000008ab910000,0x00000008abb13000)]
  0x0000000127922000 JavaThread "pool-11-thread-1" [_thread_blocked, id=120587, stack(0x0000000331654000,0x0000000331857000)]
  0x000000011d595c00 JavaThread "FileSystemWatcher" daemon [_thread_blocked, id=153891, stack(0x000000033b904000,0x000000033bb07000)]
  0x000000034ab70c00 JavaThread "FileSystemWatcher" daemon [_thread_blocked, id=190979, stack(0x000000033bb10000,0x000000033bd13000)]
  0x000000034c37a400 JavaThread "FileSystemWatcher" daemon [_thread_blocked, id=191491, stack(0x000000033d948000,0x000000033db4b000)]
  0x000000034ab5d800 JavaThread "FileSystemWatcher" daemon [_thread_blocked, id=191747, stack(0x000000033db54000,0x000000033dd57000)]
  0x0000000349635200 JavaThread "LCMULTI-SpillIO" daemon [_thread_blocked, id=195075, stack(0x00000008e5810000,0x00000008e5a13000)]
  0x000000034ef0e400 JavaThread "Netty Server IO #0" daemon [_thread_in_native, id=252055, stack(0x00000003bbb68000,0x00000003bbd6b000)]
  0x000000034c2e1c00 JavaThread "Netty Local Client IO #0" daemon [_thread_blocked, id=177687, stack(0x00000008e5c28000,0x00000008e5e2b000)]
  0x000000011e1da800 JavaThread "Netty Server IO #1" daemon [_thread_in_native, id=194311, stack(0x00000008e5e34000,0x00000008e6037000)]
  0x0000000127b04200 JavaThread "Flywheel Task Executor #0" [_thread_blocked, id=196443, stack(0x00000009158a8000,0x0000000915aab000)]
  0x0000000108c30400 JavaThread "Flywheel Task Executor #1" [_thread_blocked, id=234755, stack(0x0000000915ab4000,0x0000000915cb7000)]
  0x000000034cccf200 JavaThread "Flywheel Task Executor #2" [_thread_blocked, id=234243, stack(0x0000000915cc0000,0x0000000915ec3000)]
  0x000000034ccc8400 JavaThread "Flywheel Task Executor #3" [_thread_blocked, id=233731, stack(0x0000000915ecc000,0x00000009160cf000)]
  0x00000008a9a4d400 JavaThread "Flywheel Task Executor #4" [_thread_blocked, id=196611, stack(0x00000009160d8000,0x00000009162db000)]
  0x0000000108c30a00 JavaThread "Flywheel Task Executor #5" [_thread_blocked, id=233219, stack(0x00000009162e4000,0x00000009164e7000)]
  0x000000016851e400 JavaThread "Flywheel Task Executor #6" [_thread_blocked, id=197123, stack(0x00000009164f0000,0x00000009166f3000)]
  0x000000016834f200 JavaThread "Flywheel Task Executor #7" [_thread_blocked, id=232451, stack(0x00000009166fc000,0x00000009168ff000)]
  0x000000034a715e00 JavaThread "FileSystemWatcher" daemon [_thread_blocked, id=200775, stack(0x00000008e7a04000,0x00000008e7c07000)]
  0x000000011d9fac00 JavaThread "Config Lib config file watcher" daemon [_thread_blocked, id=200251, stack(0x00000008e7c10000,0x00000008e7e13000)]
  0x00000001278c7c00 JavaThread "Worker-Main-24" daemon [_thread_blocked, id=205575, stack(0x0000000339bc0000,0x0000000339dc3000)]
  0x000000034dac5400 JavaThread "Worker-Main-25" daemon [_thread_blocked, id=174371, stack(0x0000000343178000,0x000000034337b000)]
  0x000000011d9fb200 JavaThread "Worker-Main-26" daemon [_thread_blocked, id=238087, stack(0x0000000371904000,0x0000000371b07000)]
  0x000000034cb1d800 JavaThread "FileSystemWatcher" daemon [_thread_blocked, id=236551, stack(0x00000008c1004000,0x00000008c1207000)]
  0x000000011ff3e000 JavaThread "FileSystemWatcher" daemon [_thread_blocked, id=228623, stack(0x00000008c3eb0000,0x00000008c40b3000)]
  0x000000012051d400 JavaThread "FileSystemWatcher" daemon [_thread_blocked, id=104975, stack(0x00000008c40bc000,0x00000008c42bf000)]
  0x0000000108e66e00 JavaThread "FileSystemWatcher" daemon [_thread_blocked, id=117527, stack(0x00000008c42c8000,0x00000008c44cb000)]
  0x00000003493f0a00 JavaThread "Netty Server IO #2" daemon [_thread_in_native, id=189543, stack(0x00000008e4e1c000,0x00000008e501f000)]
  0x000000034e0dd600 JavaThread "Netty Local Client IO #1" daemon [_thread_blocked, id=99599, stack(0x00000008e5028000,0x00000008e522b000)]
  0x000000034e4c6800 JavaThread "Netty Server IO #3" daemon [_thread_in_native, id=199195, stack(0x00000008e5234000,0x00000008e5437000)]
  0x00000008a9a26600 JavaThread "FileSystemWatcher" daemon [_thread_blocked, id=235795, stack(0x00000008bb8f4000,0x00000008bbaf7000)]
  0x000000011e245e00 JavaThread "FileSystemWatcher" daemon [_thread_blocked, id=118023, stack(0x00000008c4e04000,0x00000008c5007000)]
  0x000000011e2a4600 JavaThread "FileSystemWatcher" daemon [_thread_blocked, id=197939, stack(0x00000008e4604000,0x00000008e4807000)]
  0x0000000942acc200 JavaThread "FileSystemWatcher" daemon [_thread_blocked, id=100955, stack(0x00000008e4c10000,0x00000008e4e13000)]
  0x000000034ccfec00 JavaThread "Netty Server IO #4" daemon [_thread_in_native, id=222651, stack(0x00000008c2060000,0x00000008c2263000)]
  0x000000092fe42c00 JavaThread "Netty Local Client IO #2" daemon [_thread_blocked, id=237135, stack(0x00000008c24bc000,0x00000008c26bf000)]
  0x000000011ff25200 JavaThread "Netty Server IO #5" daemon [_thread_in_native, id=189331, stack(0x00000008c26c8000,0x00000008c28cb000)]
  0x000000034c49e000 JavaThread "FileSystemWatcher" daemon [_thread_blocked, id=194095, stack(0x0000000409588000,0x000000040978b000)]
  0x000000011d8c2400 JavaThread "FileSystemWatcher" daemon [_thread_blocked, id=113983, stack(0x00000008c3728000,0x00000008c392b000)]
  0x000000011d292200 JavaThread "FileSystemWatcher" daemon [_thread_blocked, id=225807, stack(0x00000008c3c1c000,0x00000008c3e1f000)]
  0x00000001686ae000 JavaThread "FileSystemWatcher" daemon [_thread_blocked, id=226055, stack(0x00000008e5a1c000,0x00000008e5c1f000)]
  0x000000011e2ffe00 JavaThread "Netty Server IO #6" daemon [_thread_in_native, id=241747, stack(0x00000008f15c0000,0x00000008f17c3000)]
  0x000000011e2a9200 JavaThread "Netty Local Client IO #3" daemon [_thread_blocked, id=204403, stack(0x00000008f3804000,0x00000008f3a07000)]
  0x00000003495e4400 JavaThread "Netty Server IO #7" daemon [_thread_in_native, id=229143, stack(0x00000008f3a10000,0x00000008f3c13000)]
  0x00000001579a9a00 JavaThread "Worker-Main-32" daemon [_thread_blocked, id=91467, stack(0x00000003a9804000,0x00000003a9a07000)]
  0x000000034db61800 JavaThread "Ice and Fire Pathfinding Worker #0" daemon [_thread_blocked, id=121463, stack(0x00000003c1948000,0x00000003c1b4b000)]
  0x0000000965743600 JavaThread "Citadel Pathfinding Worker #0" daemon [_thread_blocked, id=241483, stack(0x0000000397c4c000,0x0000000397e4f000)]
  0x000000034c0cac00 JavaThread "Netty Server IO #8" daemon [_thread_in_native, id=230687, stack(0x00000008e98b4000,0x00000008e9ab7000)]
  0x0000000127eb4e00 JavaThread "FastSuite Recipe Lookup Thread: 123" daemon [_thread_blocked, id=119567, stack(0x00000008c2950000,0x00000008c2b53000)]
  0x0000000127eb3a00 JavaThread "FastSuite Recipe Lookup Thread: 137" daemon [_thread_blocked, id=239035, stack(0x00000008e73a8000,0x00000008e75ab000)]
  0x00000001279c9000 JavaThread "FastSuite Recipe Lookup Thread: 136" daemon [_thread_blocked, id=226891, stack(0x00000008f039c000,0x00000008f059f000)]
  0x0000000120335600 JavaThread "Worker-ResourceReload-29" daemon [_thread_blocked, id=201495, stack(0x00000003a9c04000,0x00000003a9e07000)]
  0x00000008bb3c3400 JavaThread "Worker-ResourceReload-30" daemon [_thread_blocked, id=174943, stack(0x00000003aa604000,0x00000003aa807000)]
  0x000000034946c600 JavaThread "Worker-ResourceReload-31" daemon [_thread_blocked, id=223131, stack(0x00000008ab0c8000,0x00000008ab2cb000)]
  0x000000034922f600 JavaThread "Worker-ResourceReload-32" daemon [_thread_blocked, id=151843, stack(0x00000008ab4f4000,0x00000008ab6f7000)]
  0x000000034da86600 JavaThread "Worker-ResourceReload-33" daemon [_thread_blocked, id=175391, stack(0x00000008c0624000,0x00000008c0827000)]
  0x0000000967018a00 JavaThread "Worker-ResourceReload-34" daemon [_thread_blocked, id=259871, stack(0x00000008c1808000,0x00000008c1a0b000)]
  0x000000015704a200 JavaThread "Worker-ResourceReload-35" daemon [_thread_blocked, id=236839, stack(0x00000008c226c000,0x00000008c246f000)]
  0x000000015734dc00 JavaThread "Worker-ResourceReload-36" daemon [_thread_blocked, id=68355, stack(0x00000008c2d4c000,0x00000008c2f4f000)]
  0x000000011d8a3200 JavaThread "Worker-ResourceReload-38" daemon [_thread_blocked, id=99039, stack(0x00000008c39c0000,0x00000008c3bc3000)]
  0x0000000349698a00 JavaThread "Worker-ResourceReload-39" daemon [_thread_blocked, id=208039, stack(0x00000008e4a04000,0x00000008e4c07000)]
  0x00000008f31cd400 JavaThread "KubeJS Recipe Event Worker 0" daemon [_thread_blocked, id=230587, stack(0x00000008ea53c000,0x00000008ea73f000)]
  0x00000008f300f000 JavaThread "KubeJS Recipe Event Worker 0" daemon [_thread_blocked, id=198687, stack(0x00000008f2518000,0x00000008f271b000)]
  0x00000008bb7bd200 JavaThread "KubeJS Recipe Event Worker 0" daemon [_thread_blocked, id=230175, stack(0x00000008f3e28000,0x00000008f402b000)]
  0x00000008bb776800 JavaThread "KubeJS Recipe Event Worker 0" daemon [_thread_blocked, id=128747, stack(0x00000008f4034000,0x00000008f4237000)]
  0x00000001690b2400 JavaThread "KubeJS Recipe Event Worker 0" daemon [_thread_blocked, id=231315, stack(0x00000008f4240000,0x00000008f4443000)]
  0x000000016900fe00 JavaThread "KubeJS Recipe Event Worker 0" daemon [_thread_blocked, id=200695, stack(0x00000008f444c000,0x00000008f464f000)]
  0x0000000168838600 JavaThread "KubeJS Recipe Event Worker 0" daemon [_thread_blocked, id=206379, stack(0x00000008f4864000,0x00000008f4a67000)]
  0x00000001086bfa00 JavaThread "KubeJS Recipe Event Worker 0" daemon [_thread_blocked, id=238711, stack(0x00000008f4e88000,0x00000008f508b000)]
  0x000000034e52ec00 JavaThread "FileSystemWatcher" daemon [_thread_blocked, id=81015, stack(0x00000008f64ac000,0x00000008f66af000)]
  0x0000000168331e00 JavaThread "FileSystemWatcher" daemon [_thread_blocked, id=228023, stack(0x00000008f66b8000,0x00000008f68bb000)]
  0x00000008f1b10800 JavaThread "FileSystemWatcher" daemon [_thread_blocked, id=106023, stack(0x00000008f68c4000,0x00000008f6ac7000)]
  0x0000000127ab0000 JavaThread "FileSystemWatcher" daemon [_thread_blocked, id=101151, stack(0x00000008f6ad0000,0x00000008f6cd3000)]
  0x000000016806ae00 JavaThread "ForkJoinPool.commonPool-worker-62" daemon [_thread_blocked, id=201227, stack(0x00000008f6cdc000,0x00000008f6edf000)]
  0x000000034c37e800 JavaThread "IO-Worker-95" [_thread_blocked, id=154875, stack(0x00000008fe398000,0x00000008fe59b000)]
  0x0000000965d1d400 JavaThread "IO-Worker-97" [_thread_blocked, id=235303, stack(0x00000008fe7b0000,0x00000008fe9b3000)]
  0x000000092e23ce00 JavaThread "Netty Server IO #9" daemon [_thread_in_native, id=97919, stack(0x00000008febc8000,0x00000008fedcb000)]
  0x0000000157054200 JavaThread "Netty Local Client IO #4" daemon [_thread_blocked, id=189975, stack(0x00000008fedd4000,0x00000008fefd7000)]
  0x000000034cbdfc00 JavaThread "Netty Server IO #10" daemon [_thread_in_native, id=149423, stack(0x00000008fefe0000,0x00000008ff1e3000)]
  0x0000000994c7d800 JavaThread "FastSuite Recipe Lookup Thread: 139" daemon [_thread_blocked, id=203463, stack(0x00000008ff3f8000,0x00000008ff5fb000)]
  0x000000010f87aa00 JavaThread "FastSuite Recipe Lookup Thread: 140" daemon [_thread_blocked, id=203243, stack(0x00000008ff604000,0x00000008ff807000)]
  0x00000009673eda00 JavaThread "FastSuite Recipe Lookup Thread: 141" daemon [_thread_blocked, id=202607, stack(0x00000008ff810000,0x00000008ffa13000)]
  0x0000000995a26000 JavaThread "FastSuite Recipe Lookup Thread: 142" daemon [_thread_blocked, id=149203, stack(0x00000008ffa1c000,0x00000008ffc1f000)]
  0x000000011da07400 JavaThread "FastSuite Recipe Lookup Thread: 143" daemon [_thread_blocked, id=231479, stack(0x00000008ffc28000,0x00000008ffe2b000)]
  0x00000008f3051000 JavaThread "XyCraft Recipe Lookup Thread: 26" daemon [_thread_blocked, id=126591, stack(0x00000008f54ac000,0x00000008f56af000)]
  0x000000034da86c00 JavaThread "XyCraft Recipe Lookup Thread: 28" daemon [_thread_blocked, id=98087, stack(0x00000008f58c4000,0x00000008f5ac7000)]
  0x0000000127942e00 JavaThread "XyCraft Recipe Lookup Thread: 30" daemon [_thread_blocked, id=96843, stack(0x00000008f5cdc000,0x00000008f5edf000)]
  0x000000034df18400 JavaThread "XyCraft Recipe Lookup Thread: 31" daemon [_thread_blocked, id=238455, stack(0x00000008f5ee8000,0x00000008f60eb000)]
  0x0000000127fffa00 JavaThread "XyCraft Recipe Lookup Thread: 32" daemon [_thread_blocked, id=207387, stack(0x00000008ff1ec000,0x00000008ff3ef000)]
  0x000000092d0b0c00 JavaThread "XyCraft Recipe Lookup Thread: 33" daemon [_thread_blocked, id=190847, stack(0x000000090024c000,0x000000090044f000)]
  0x00000001685b7600 JavaThread "XyCraft Recipe Lookup Thread: 34" daemon [_thread_blocked, id=109115, stack(0x0000000900458000,0x000000090065b000)]
  0x0000000983d43800 JavaThread "ForkJoinPool.commonPool-worker-63" daemon [_thread_blocked, id=224015, stack(0x0000000900664000,0x0000000900867000)]
  0x000000011e94e400 JavaThread "ForkJoinPool.commonPool-worker-64" daemon [_thread_blocked, id=149983, stack(0x000000093bdd8000,0x000000093bfdb000)]
  0x0000000983c58800 JavaThread "ForkJoinPool.commonPool-worker-65" daemon [_thread_blocked, id=225083, stack(0x000000093c03c000,0x000000093c23f000)]
  0x0000000983bbc200 JavaThread "ForkJoinPool.commonPool-worker-67" daemon [_thread_blocked, id=243283, stack(0x000000093cebc000,0x000000093d0bf000)]
  0x00000009662fdc00 JavaThread "ForkJoinPool.commonPool-worker-66" daemon [_thread_blocked, id=153099, stack(0x000000093dea0000,0x000000093e0a3000)]
  0x0000000983aa8a00 JavaThread "ForkJoinPool.commonPool-worker-69" daemon [_thread_blocked, id=77827, stack(0x000000093f7d4000,0x000000093f9d7000)]
  0x0000000349329600 JavaThread "ForkJoinPool.commonPool-worker-68" daemon [_thread_blocked, id=183563, stack(0x0000000941c78000,0x0000000941e7b000)]
  0x0000000127e84c00 JavaThread "ForkJoinPool.commonPool-worker-70" daemon [_thread_blocked, id=231703, stack(0x0000000942164000,0x0000000942367000)]
  0x000000034e302c00 JavaThread "ForkJoinPool.commonPool-worker-71" daemon [_thread_blocked, id=32875, stack(0x0000000943004000,0x0000000943207000)]
  0x000000034a7aae00 JavaThread "ForkJoinPool.commonPool-worker-72" daemon [_thread_blocked, id=221443, stack(0x0000000943414000,0x0000000943617000)]
  0x000000016843b000 JavaThread "ForkJoinPool.commonPool-worker-73" daemon [_thread_blocked, id=208387, stack(0x0000000943cbc000,0x0000000943ebf000)]
  0x00000001085bc000 JavaThread "ForkJoinPool.commonPool-worker-74" daemon [_thread_blocked, id=220675, stack(0x0000000944030000,0x0000000944233000)]
  0x00000008f1c9ae00 JavaThread "IO-Worker-99" [_thread_blocked, id=81167, stack(0x00000008c34d8000,0x00000008c36db000)]
  0x000000034ede7200 JavaThread "IO-Worker-98" [_thread_blocked, id=227135, stack(0x00000008e54a0000,0x00000008e56a3000)]
  0x000000092d4bdc00 JavaThread "Structurize IO Worker #5" daemon [_thread_blocked, id=100487, stack(0x0000000345404000,0x0000000345607000)]
  0x0000000965d85c00 JavaThread "Worker-ResourceReload-42" daemon [_thread_blocked, id=222247, stack(0x0000000344190000,0x0000000344393000)]
  0x000000092ff39800 JavaThread "Worker-ResourceReload-43" daemon [_thread_blocked, id=251691, stack(0x00000008ad444000,0x00000008ad647000)]
  0x000000034e156600 JavaThread "KubeJS Recipe Event Worker 0" daemon [_thread_blocked, id=202843, stack(0x00000008ad650000,0x00000008ad853000)]
  0x000000010855dc00 JavaThread "KubeJS Recipe Event Worker 0" daemon [_thread_blocked, id=229659, stack(0x00000008e4204000,0x00000008e4407000)]
  0x0000000965a99c00 JavaThread "KubeJS Recipe Event Worker 0" daemon [_thread_blocked, id=192227, stack(0x00000008e65f0000,0x00000008e67f3000)]
  0x000000011e2c9c00 JavaThread "Server thread" [_thread_blocked, id=222723, stack(0x00000008e8564000,0x00000008e8767000)]
  0x00000001570d0800 JavaThread "FileSystemWatcher" daemon [_thread_blocked, id=204043, stack(0x00000008ea2c4000,0x00000008ea4c7000)]
  0x000000092ebf7400 JavaThread "FileSystemWatcher" daemon [_thread_blocked, id=198443, stack(0x00000008f3c1c000,0x00000008f3e1f000)]
  0x000000034da79e00 JavaThread "FileSystemWatcher" daemon [_thread_blocked, id=68195, stack(0x00000008f56b8000,0x00000008f58bb000)]
  0x000000011e246400 JavaThread "FileSystemWatcher" daemon [_thread_blocked, id=223367, stack(0x00000008f5ad0000,0x00000008f5cd3000)]
  0x0000000967010800 JavaThread "spark-worker-pool-7-thread-1" daemon [_thread_blocked, id=80239, stack(0x00000008f60f4000,0x00000008f62f7000)]
  0x000000098661f200 JavaThread "spark-async-sampler-worker-thread" [_thread_blocked, id=192603, stack(0x00000008f74e4000,0x00000008f76e7000)]
  0x000000034ab31e00 JavaThread "Thread-4584" [_thread_blocked, id=207651, stack(0x00000008f77a4000,0x00000008f79a7000)]
  0x000000011e882400 JavaThread "ModernFix integrated server watchdog" daemon [_thread_blocked, id=71531, stack(0x00000008fe18c000,0x00000008fe38f000)]
  0x000000034ede3600 JavaThread "Netty Server IO #11" daemon [_thread_in_native, id=97643, stack(0x00000008fe9bc000,0x00000008febbf000)]
  0x0000000157328000 JavaThread "Netty Local Client IO #5" daemon [_thread_blocked, id=174779, stack(0x000000090162c000,0x000000090182f000)]
  0x000000034e4c5c00 JavaThread "Netty Server IO #12" daemon [_thread_in_native, id=220439, stack(0x000000090be20000,0x000000090c023000)]
  0x000000034ef09400 JavaThread "Sound engine" daemon [_thread_blocked, id=259379, stack(0x000000090c238000,0x000000090c43b000)]
  0x0000000127e1c800 JavaThread "Chunk Render Task Executor #0" [_thread_blocked, id=194987, stack(0x00000008e7140000,0x00000008e7343000)]
  0x00000008f3598000 JavaThread "Chunk Render Task Executor #1" [_thread_blocked, id=149583, stack(0x0000000914870000,0x0000000914a73000)]
  0x000000034949ae00 JavaThread "Chunk Render Task Executor #2" [_thread_blocked, id=147267, stack(0x0000000916bc4000,0x0000000916dc7000)]
  0x000000015774da00 JavaThread "Chunk Render Task Executor #3" [_thread_blocked, id=152107, stack(0x00000009179d4000,0x0000000917bd7000)]
  0x000000092e625a00 JavaThread "Chunk Render Task Executor #4" [_thread_blocked, id=209159, stack(0x0000000917be0000,0x0000000917de3000)]
  0x0000000983fc8400 JavaThread "Chunk Render Task Executor #5" [_thread_blocked, id=209411, stack(0x000000091c004000,0x000000091c207000)]
  0x00000008f18eae00 JavaThread "Chunk Render Task Executor #6" [_thread_blocked, id=219651, stack(0x000000093765c000,0x000000093785f000)]
  0x000000011d516800 JavaThread "Chunk Render Task Executor #7" [_thread_blocked, id=209923, stack(0x0000000937868000,0x0000000937a6b000)]
  0x0000000168440400 JavaThread "FastSuite Recipe Lookup Thread: 146" daemon [_thread_blocked, id=219143, stack(0x0000000937a74000,0x0000000937c77000)]
  0x000000011d2dd000 JavaThread "FastSuite Recipe Lookup Thread: 147" daemon [_thread_blocked, id=218883, stack(0x0000000937c80000,0x0000000937e83000)]
  0x000000011d876a00 JavaThread "XyCraft Recipe Lookup Thread: 35" daemon [_thread_blocked, id=64747, stack(0x00000008e8210000,0x00000008e8413000)]
  0x000000034c1dd400 JavaThread "XyCraft Recipe Lookup Thread: 36" daemon [_thread_blocked, id=223843, stack(0x000000090b804000,0x000000090ba07000)]
  0x000000034a7db800 JavaThread "XyCraft Recipe Lookup Thread: 37" daemon [_thread_blocked, id=146711, stack(0x000000090ba10000,0x000000090bc13000)]
  0x000000016870e000 JavaThread "Async-profiler Timer" daemon [_thread_in_native, id=70431, stack(0x00000008c1e54000,0x00000008c2057000)]

Other Threads:
  0x000000010f607bd0 VMThread "VM Thread" [stack: 0x0000000178004000,0x0000000178207000] [id=20227]
  0x0000000100e60a50 WatcherThread [stack: 0x0000000179894000,0x0000000179a97000] [id=27139]
  0x000000011f7269c0 GCTaskThread "GC Thread#0" [stack: 0x000000016f3dc000,0x000000016f5df000] [id=14595]
  0x000000010f665ac0 GCTaskThread "GC Thread#1" [stack: 0x0000000179cac000,0x0000000179eaf000] [id=33027]
  0x000000010f666400 GCTaskThread "GC Thread#2" [stack: 0x0000000179eb8000,0x000000017a0bb000] [id=43011]
  0x000000010f666d40 GCTaskThread "GC Thread#3" [stack: 0x000000017a0c4000,0x000000017a2c7000] [id=33795]
  0x0000000100eab490 GCTaskThread "GC Thread#4" [stack: 0x000000017a2d0000,0x000000017a4d3000] [id=42499]
  0x0000000100eac180 GCTaskThread "GC Thread#5" [stack: 0x000000017a4dc000,0x000000017a6df000] [id=42243]
  0x000000010f317b30 GCTaskThread "GC Thread#6" [stack: 0x000000017a6e8000,0x000000017a8eb000] [id=41987]
  0x000000010f318190 GCTaskThread "GC Thread#7" [stack: 0x000000017a8f4000,0x000000017aaf7000] [id=41475]
  0x000000010f3188c0 GCTaskThread "GC Thread#8" [stack: 0x000000017ab00000,0x000000017ad03000] [id=34563]
  0x000000010f673930 GCTaskThread "GC Thread#9" [stack: 0x000000017ad0c000,0x000000017af0f000] [id=40707]
  0x0000000100ee86d0 GCTaskThread "GC Thread#10" [stack: 0x000000017b53c000,0x000000017b73f000] [id=39683]
  0x0000000100e049f0 ConcurrentGCThread "G1 Main Marker" [stack: 0x000000016f5e8000,0x000000016f7eb000] [id=14083]
  0x0000000100e05590 ConcurrentGCThread "G1 Conc#0" [stack: 0x000000016f7f4000,0x000000016f9f7000] [id=13315]
  0x000000010f72e7d0 ConcurrentGCThread "G1 Conc#1" [stack: 0x000000017b124000,0x000000017b327000] [id=35331]
  0x000000010f72f0b0 ConcurrentGCThread "G1 Conc#2" [stack: 0x000000017b330000,0x000000017b533000] [id=40195]
  0x0000000100e09d50 ConcurrentGCThread "G1 Refine#0" [stack: 0x000000016fa00000,0x000000016fc03000] [id=12803]
  0x0000000349e1ac20 ConcurrentGCThread "G1 Refine#1" [stack: 0x000000034f628000,0x000000034f82b000] [id=92419]
  0x000000010f070e60 ConcurrentGCThread "G1 Refine#2" [stack: 0x000000034f834000,0x000000034fa37000] [id=92675]
  0x000000010f1c4dd0 ConcurrentGCThread "G1 Refine#3" [stack: 0x000000034fa40000,0x000000034fc43000] [id=93187]
  0x000000010f1c5b20 ConcurrentGCThread "G1 Refine#4" [stack: 0x000000034fc4c000,0x000000034fe4f000] [id=93699]
  0x000000011f005050 ConcurrentGCThread "G1 Refine#5" [stack: 0x0000000370004000,0x0000000370207000] [id=94211]
  0x000000034168f6c0 ConcurrentGCThread "G1 Refine#6" [stack: 0x0000000370210000,0x0000000370413000] [id=94723]
  0x000000011f005f10 ConcurrentGCThread "G1 Refine#7" [stack: 0x000000037041c000,0x000000037061f000] [id=95235]
  0x0000000349e1b040 ConcurrentGCThread "G1 Refine#8" [stack: 0x0000000370628000,0x000000037082b000] [id=122627]
  0x0000000340f08030 ConcurrentGCThread "G1 Refine#9" [stack: 0x0000000370834000,0x0000000370a37000] [id=96003]
  0x0000000349e1bdd0 ConcurrentGCThread "G1 Refine#10" [stack: 0x0000000370a40000,0x0000000370c43000] [id=96515]
  0x0000000100e0aa80 ConcurrentGCThread "G1 Service" [stack: 0x000000016fc0c000,0x000000016fe0f000] [id=16643]

Threads with active compile tasks:
C2 CompilerThread0  9853318 4683091  s    4       me.jellysquid.mods.sodium.client.world.cloned.ClonedChunkSectionCache::acquire (84 bytes)

VM state: not at safepoint (normal execution)

VM Mutex/Monitor currently owned by a thread:  ([mutex/lock_event])
[0x000000011f714590] CompiledIC_lock - owner thread: 0x0000000108050e00

Heap address: 0x0000000500000000, size: 12288 MB, Compressed Oops mode: Zero based, Oop shift amount: 3

CDS archive(s) not mapped
Compressed class space mapped at: 0x0000000800000000-0x0000000840000000, reserved size: 1073741824
Narrow klass base: 0x0000000800000000, Narrow klass shift: 0, Narrow klass range: 0x40000000

GC Precious Log:
 CPUs: 14 total, 14 available
 Memory: 49152M
 Large Page Support: Disabled
 NUMA Support: Disabled
 Compressed Oops: Enabled (Zero based)
 Heap Region Size: 32M
 Heap Min Capacity: 256M
 Heap Initial Capacity: 256M
 Heap Max Capacity: 12G
 Pre-touch: Disabled
 Parallel Workers: 11
 Concurrent Workers: 3
 Concurrent Refinement Workers: 11
 Periodic GC: Disabled

Heap:
 garbage-first heap   total 12582912K, used 9368252K [0x0000000500000000, 0x0000000800000000)
  region size 32768K, 60 young (1966080K), 4 survivors (131072K)
 Metaspace       used 828840K, committed 833152K, reserved 1703936K
  class space    used 177415K, committed 179520K, reserved 1048576K

Heap Regions: E=young(eden), S=young(survivor), O=old, HS=humongous(starts), HC=humongous(continues), CS=collection set, F=free, OA=open archive, CA=closed archive, TAMS=top-at-mark-start (previous, next)
|   0|0x0000000500000000, 0x0000000501fffff8, 0x0000000502000000| 99%| O|  |TAMS 0x0000000501fffff8, 0x0000000500000000| Untracked 
|   1|0x0000000502000000, 0x0000000504000000, 0x0000000504000000|100%| O|  |TAMS 0x0000000504000000, 0x0000000502000000| Untracked 
|   2|0x0000000504000000, 0x0000000505fffff8, 0x0000000506000000| 99%| O|  |TAMS 0x0000000505fffff8, 0x0000000504000000| Untracked 
|   3|0x0000000506000000, 0x0000000508000000, 0x0000000508000000|100%| O|  |TAMS 0x0000000508000000, 0x0000000506000000| Untracked 
|   4|0x0000000508000000, 0x0000000509ffffe0, 0x000000050a000000| 99%| O|  |TAMS 0x0000000509ffffe0, 0x0000000508000000| Untracked 
|   5|0x000000050a000000, 0x000000050c000000, 0x000000050c000000|100%| O|  |TAMS 0x000000050c000000, 0x000000050a000000| Untracked 
|   6|0x000000050c000000, 0x000000050dffffc0, 0x000000050e000000| 99%| O|  |TAMS 0x000000050dffffc0, 0x000000050c000000| Untracked 
|   7|0x000000050e000000, 0x0000000510000000, 0x0000000510000000|100%| O|  |TAMS 0x0000000510000000, 0x000000050e000000| Untracked 
|   8|0x0000000510000000, 0x0000000511fffff8, 0x0000000512000000| 99%| O|  |TAMS 0x0000000511fffff8, 0x0000000510000000| Untracked 
|   9|0x0000000512000000, 0x0000000513fffff0, 0x0000000514000000| 99%| O|  |TAMS 0x0000000513fffff0, 0x0000000512000000| Untracked 
|  10|0x0000000514000000, 0x0000000516000000, 0x0000000516000000|100%| O|  |TAMS 0x0000000516000000, 0x0000000514000000| Untracked 
|  11|0x0000000516000000, 0x0000000517fffff8, 0x0000000518000000| 99%| O|  |TAMS 0x0000000517fffff8, 0x0000000516000000| Untracked 
|  12|0x0000000518000000, 0x0000000519ff4780, 0x000000051a000000| 99%| O|  |TAMS 0x0000000519ff4780, 0x0000000518000000| Untracked 
|  13|0x000000051a000000, 0x000000051bf46ac8, 0x000000051c000000| 97%| O|  |TAMS 0x000000051bf46ac8, 0x000000051a000000| Untracked 
|  14|0x000000051c000000, 0x000000051dfffff8, 0x000000051e000000| 99%| O|  |TAMS 0x000000051dfffff8, 0x000000051c000000| Untracked 
|  15|0x000000051e000000, 0x0000000520000000, 0x0000000520000000|100%| O|  |TAMS 0x0000000520000000, 0x000000051e000000| Untracked 
|  16|0x0000000520000000, 0x0000000521ffffe0, 0x0000000522000000| 99%| O|  |TAMS 0x0000000521ffffe0, 0x0000000520000000| Untracked 
|  17|0x0000000522000000, 0x0000000523fffff0, 0x0000000524000000| 99%| O|  |TAMS 0x0000000523fffff0, 0x0000000522000000| Untracked 
|  18|0x0000000524000000, 0x0000000525fffff8, 0x0000000526000000| 99%| O|  |TAMS 0x0000000525fffff8, 0x0000000524000000| Untracked 
|  19|0x0000000526000000, 0x0000000527ffff88, 0x0000000528000000| 99%| O|  |TAMS 0x0000000527ffff88, 0x0000000526000000| Untracked 
|  20|0x0000000528000000, 0x000000052a000000, 0x000000052a000000|100%| O|  |TAMS 0x000000052a000000, 0x0000000528000000| Untracked 
|  21|0x000000052a000000, 0x000000052bfffff0, 0x000000052c000000| 99%| O|  |TAMS 0x000000052bfffff0, 0x000000052a000000| Untracked 
|  22|0x000000052c000000, 0x000000052dfffff8, 0x000000052e000000| 99%| O|  |TAMS 0x000000052dfffff8, 0x000000052c000000| Untracked 
|  23|0x000000052e000000, 0x0000000530000000, 0x0000000530000000|100%| O|  |TAMS 0x0000000530000000, 0x000000052e000000| Untracked 
|  24|0x0000000530000000, 0x0000000531fffff8, 0x0000000532000000| 99%| O|  |TAMS 0x0000000531fffff8, 0x0000000530000000| Untracked 
|  25|0x0000000532000000, 0x0000000534000000, 0x0000000534000000|100%| O|  |TAMS 0x0000000534000000, 0x0000000532000000| Untracked 
|  26|0x0000000534000000, 0x0000000535fffff8, 0x0000000536000000| 99%| O|  |TAMS 0x0000000535fffff8, 0x0000000534000000| Untracked 
|  27|0x0000000536000000, 0x0000000537fffff8, 0x0000000538000000| 99%| O|  |TAMS 0x0000000537fffff8, 0x0000000536000000| Untracked 
|  28|0x0000000538000000, 0x000000053a000000, 0x000000053a000000|100%| O|  |TAMS 0x000000053a000000, 0x0000000538000000| Untracked 
|  29|0x000000053a000000, 0x000000053bfffff0, 0x000000053c000000| 99%| O|  |TAMS 0x000000053bfffff0, 0x000000053a000000| Untracked 
|  30|0x000000053c000000, 0x000000053dfff508, 0x000000053e000000| 99%| O|  |TAMS 0x000000053dfff508, 0x000000053c000000| Untracked 
|  31|0x000000053e000000, 0x000000053fffffe8, 0x0000000540000000| 99%| O|  |TAMS 0x000000053fffffe8, 0x000000053e000000| Untracked 
|  32|0x0000000540000000, 0x0000000542000000, 0x0000000542000000|100%| O|  |TAMS 0x0000000542000000, 0x0000000540000000| Untracked 
|  33|0x0000000542000000, 0x0000000543ffffe8, 0x0000000544000000| 99%| O|  |TAMS 0x0000000543ffffe8, 0x0000000542000000| Untracked 
|  34|0x0000000544000000, 0x0000000545ffffb0, 0x0000000546000000| 99%| O|  |TAMS 0x0000000545ffffb0, 0x0000000544000000| Untracked 
|  35|0x0000000546000000, 0x0000000547ffffe0, 0x0000000548000000| 99%| O|  |TAMS 0x0000000547ffffe0, 0x0000000546000000| Untracked 
|  36|0x0000000548000000, 0x0000000549ffffa0, 0x000000054a000000| 99%| O|  |TAMS 0x0000000549ffffa0, 0x0000000548000000| Untracked 
|  37|0x000000054a000000, 0x000000054bfffff8, 0x000000054c000000| 99%| O|  |TAMS 0x000000054bfffff8, 0x000000054a000000| Untracked 
|  38|0x000000054c000000, 0x000000054dffff88, 0x000000054e000000| 99%| O|  |TAMS 0x000000054dffff88, 0x000000054c000000| Untracked 
|  39|0x000000054e000000, 0x000000054fffffe8, 0x0000000550000000| 99%| O|  |TAMS 0x000000054fffffe8, 0x000000054e000000| Untracked 
|  40|0x0000000550000000, 0x0000000551ffffc0, 0x0000000552000000| 99%| O|  |TAMS 0x0000000551ffffc0, 0x0000000550000000| Untracked 
|  41|0x0000000552000000, 0x0000000553fffff8, 0x0000000554000000| 99%| O|  |TAMS 0x0000000553fffff8, 0x0000000552000000| Untracked 
|  42|0x0000000554000000, 0x0000000555ffffc8, 0x0000000556000000| 99%| O|  |TAMS 0x0000000555ffffc8, 0x0000000554000000| Untracked 
|  43|0x0000000556000000, 0x0000000558000000, 0x0000000558000000|100%| O|  |TAMS 0x0000000558000000, 0x0000000556000000| Untracked 
|  44|0x0000000558000000, 0x0000000559ffffe8, 0x000000055a000000| 99%| O|  |TAMS 0x0000000559ffffe8, 0x0000000558000000| Untracked 
|  45|0x000000055a000000, 0x000000055c000000, 0x000000055c000000|100%| O|  |TAMS 0x000000055c000000, 0x000000055a000000| Untracked 
|  46|0x000000055c000000, 0x000000055e000000, 0x000000055e000000|100%| O|  |TAMS 0x000000055e000000, 0x000000055c000000| Untracked 
|  47|0x000000055e000000, 0x000000055fffffe0, 0x0000000560000000| 99%| O|  |TAMS 0x000000055fffffe0, 0x000000055e000000| Untracked 
|  48|0x0000000560000000, 0x0000000561fffff0, 0x0000000562000000| 99%| O|  |TAMS 0x0000000561fffff0, 0x0000000560000000| Untracked 
|  49|0x0000000562000000, 0x0000000563ffffd0, 0x0000000564000000| 99%| O|  |TAMS 0x0000000563ffffd0, 0x0000000562000000| Untracked 
|  50|0x0000000564000000, 0x0000000566000000, 0x0000000566000000|100%| O|  |TAMS 0x0000000566000000, 0x0000000564000000| Untracked 
|  51|0x0000000566000000, 0x0000000568000000, 0x0000000568000000|100%| O|  |TAMS 0x0000000568000000, 0x0000000566000000| Untracked 
|  52|0x0000000568000000, 0x0000000569ffff98, 0x000000056a000000| 99%| O|  |TAMS 0x0000000569ffff98, 0x0000000568000000| Untracked 
|  53|0x000000056a000000, 0x000000056bffffe0, 0x000000056c000000| 99%| O|  |TAMS 0x000000056bffffe0, 0x000000056a000000| Untracked 
|  54|0x000000056c000000, 0x000000056dfffff8, 0x000000056e000000| 99%| O|  |TAMS 0x000000056dfffff8, 0x000000056c000000| Untracked 
|  55|0x000000056e000000, 0x0000000570000000, 0x0000000570000000|100%| O|  |TAMS 0x0000000570000000, 0x000000056e000000| Untracked 
|  56|0x0000000570000000, 0x0000000572000000, 0x0000000572000000|100%| O|  |TAMS 0x0000000572000000, 0x0000000570000000| Untracked 
|  57|0x0000000572000000, 0x0000000573fffff8, 0x0000000574000000| 99%| O|  |TAMS 0x0000000573fffff8, 0x0000000572000000| Untracked 
|  58|0x0000000574000000, 0x0000000575ffffe0, 0x0000000576000000| 99%| O|  |TAMS 0x0000000575ffffe0, 0x0000000574000000| Untracked 
|  59|0x0000000576000000, 0x0000000578000000, 0x0000000578000000|100%| O|  |TAMS 0x0000000578000000, 0x0000000576000000| Untracked 
|  60|0x0000000578000000, 0x000000057a000000, 0x000000057a000000|100%| O|  |TAMS 0x000000057a000000, 0x0000000578000000| Untracked 
|  61|0x000000057a000000, 0x000000057bfffff8, 0x000000057c000000| 99%| O|  |TAMS 0x000000057bfffff8, 0x000000057a000000| Untracked 
|  62|0x000000057c000000, 0x000000057dffffe8, 0x000000057e000000| 99%| O|  |TAMS 0x000000057dffffe8, 0x000000057c000000| Untracked 
|  63|0x000000057e000000, 0x000000057ffffff0, 0x0000000580000000| 99%| O|  |TAMS 0x000000057ffffff0, 0x000000057e000000| Untracked 
|  64|0x0000000580000000, 0x0000000582000000, 0x0000000582000000|100%| O|  |TAMS 0x0000000582000000, 0x0000000580000000| Untracked 
|  65|0x0000000582000000, 0x0000000583fffff8, 0x0000000584000000| 99%| O|  |TAMS 0x0000000583fffff8, 0x0000000582000000| Untracked 
|  66|0x0000000584000000, 0x0000000585ffffc8, 0x0000000586000000| 99%| O|  |TAMS 0x0000000585ffffc8, 0x0000000584000000| Untracked 
|  67|0x0000000586000000, 0x0000000587ffffd0, 0x0000000588000000| 99%| O|  |TAMS 0x0000000587ffffd0, 0x0000000586000000| Untracked 
|  68|0x0000000588000000, 0x000000058a000000, 0x000000058a000000|100%| O|  |TAMS 0x000000058a000000, 0x0000000588000000| Untracked 
|  69|0x000000058a000000, 0x000000058c000000, 0x000000058c000000|100%| O|  |TAMS 0x000000058c000000, 0x000000058a000000| Untracked 
|  70|0x000000058c000000, 0x000000058dffffe8, 0x000000058e000000| 99%| O|  |TAMS 0x000000058dffffe8, 0x000000058c000000| Untracked 
|  71|0x000000058e000000, 0x0000000590000000, 0x0000000590000000|100%| O|  |TAMS 0x0000000590000000, 0x000000058e000000| Untracked 
|  72|0x0000000590000000, 0x0000000592000000, 0x0000000592000000|100%| O|  |TAMS 0x0000000592000000, 0x0000000590000000| Untracked 
|  73|0x0000000592000000, 0x0000000594000000, 0x0000000594000000|100%| O|  |TAMS 0x0000000594000000, 0x0000000592000000| Untracked 
|  74|0x0000000594000000, 0x0000000595fffff0, 0x0000000596000000| 99%| O|  |TAMS 0x0000000595fffff0, 0x0000000594000000| Untracked 
|  75|0x0000000596000000, 0x0000000597fff660, 0x0000000598000000| 99%| O|  |TAMS 0x0000000597fff660, 0x0000000596000000| Untracked 
|  76|0x0000000598000000, 0x000000059a000000, 0x000000059a000000|100%| O|  |TAMS 0x000000059a000000, 0x0000000598000000| Untracked 
|  77|0x000000059a000000, 0x000000059bffffe8, 0x000000059c000000| 99%| O|  |TAMS 0x000000059bffffe8, 0x000000059a000000| Untracked 
|  78|0x000000059c000000, 0x000000059dfffff0, 0x000000059e000000| 99%| O|  |TAMS 0x000000059dfffff0, 0x000000059c000000| Untracked 
|  79|0x000000059e000000, 0x000000059ffffff0, 0x00000005a0000000| 99%| O|  |TAMS 0x000000059ffffff0, 0x000000059e000000| Untracked 
|  80|0x00000005a0000000, 0x00000005a1ffff80, 0x00000005a2000000| 99%| O|  |TAMS 0x00000005a1ffff80, 0x00000005a0000000| Untracked 
|  81|0x00000005a2000000, 0x00000005a3ffffd8, 0x00000005a4000000| 99%| O|  |TAMS 0x00000005a3ffffd8, 0x00000005a2000000| Untracked 
|  82|0x00000005a4000000, 0x00000005a5fffff0, 0x00000005a6000000| 99%| O|  |TAMS 0x00000005a5fffff0, 0x00000005a4000000| Untracked 
|  83|0x00000005a6000000, 0x00000005a8000000, 0x00000005a8000000|100%| O|  |TAMS 0x00000005a8000000, 0x00000005a6000000| Untracked 
|  84|0x00000005a8000000, 0x00000005a9ffffe0, 0x00000005aa000000| 99%| O|  |TAMS 0x00000005a9ffffe0, 0x00000005a8000000| Untracked 
|  85|0x00000005aa000000, 0x00000005ac000000, 0x00000005ac000000|100%| O|  |TAMS 0x00000005ac000000, 0x00000005aa000000| Untracked 
|  86|0x00000005ac000000, 0x00000005ae000000, 0x00000005ae000000|100%| O|  |TAMS 0x00000005ae000000, 0x00000005ac000000| Untracked 
|  87|0x00000005ae000000, 0x00000005b0000000, 0x00000005b0000000|100%| O|  |TAMS 0x00000005b0000000, 0x00000005ae000000| Untracked 
|  88|0x00000005b0000000, 0x00000005b1ffffd8, 0x00000005b2000000| 99%| O|  |TAMS 0x00000005b1ffffd8, 0x00000005b0000000| Untracked 
|  89|0x00000005b2000000, 0x00000005b4000000, 0x00000005b4000000|100%| O|  |TAMS 0x00000005b4000000, 0x00000005b2000000| Untracked 
|  90|0x00000005b4000000, 0x00000005b6000000, 0x00000005b6000000|100%| O|  |TAMS 0x00000005b6000000, 0x00000005b4000000| Untracked 
|  91|0x00000005b6000000, 0x00000005b8000000, 0x00000005b8000000|100%| O|  |TAMS 0x00000005b8000000, 0x00000005b6000000| Untracked 
|  92|0x00000005b8000000, 0x00000005b9fffff0, 0x00000005ba000000| 99%| O|  |TAMS 0x00000005b9fffff0, 0x00000005b8000000| Untracked 
|  93|0x00000005ba000000, 0x00000005bbfffff8, 0x00000005bc000000| 99%| O|  |TAMS 0x00000005bbfffff8, 0x00000005ba000000| Untracked 
|  94|0x00000005bc000000, 0x00000005be000000, 0x00000005be000000|100%| O|  |TAMS 0x00000005be000000, 0x00000005bc000000| Untracked 
|  95|0x00000005be000000, 0x00000005bffffff8, 0x00000005c0000000| 99%| O|  |TAMS 0x00000005bffffff8, 0x00000005be000000| Untracked 
|  96|0x00000005c0000000, 0x00000005c1ffff80, 0x00000005c2000000| 99%| O|  |TAMS 0x00000005c1ffff80, 0x00000005c0000000| Untracked 
|  97|0x00000005c2000000, 0x00000005c3fffff8, 0x00000005c4000000| 99%| O|  |TAMS 0x00000005c3fffff8, 0x00000005c2000000| Untracked 
|  98|0x00000005c4000000, 0x00000005c6000000, 0x00000005c6000000|100%| O|  |TAMS 0x00000005c6000000, 0x00000005c4000000| Untracked 
|  99|0x00000005c6000000, 0x00000005c8000000, 0x00000005c8000000|100%| O|  |TAMS 0x00000005c8000000, 0x00000005c6000000| Untracked 
| 100|0x00000005c8000000, 0x00000005ca000000, 0x00000005ca000000|100%| O|  |TAMS 0x00000005ca000000, 0x00000005c8000000| Untracked 
| 101|0x00000005ca000000, 0x00000005cc000000, 0x00000005cc000000|100%| O|  |TAMS 0x00000005cc000000, 0x00000005ca000000| Untracked 
| 102|0x00000005cc000000, 0x00000005ce000000, 0x00000005ce000000|100%| O|  |TAMS 0x00000005ce000000, 0x00000005cc000000| Untracked 
| 103|0x00000005ce000000, 0x00000005cfffffd0, 0x00000005d0000000| 99%| O|  |TAMS 0x00000005cfffffd0, 0x00000005ce000000| Untracked 
| 104|0x00000005d0000000, 0x00000005d1fffff8, 0x00000005d2000000| 99%| O|  |TAMS 0x00000005d1fffff8, 0x00000005d0000000| Untracked 
| 105|0x00000005d2000000, 0x00000005d3ffffe0, 0x00000005d4000000| 99%| O|  |TAMS 0x00000005d3ffffe0, 0x00000005d2000000| Untracked 
| 106|0x00000005d4000000, 0x00000005d5ffffe0, 0x00000005d6000000| 99%| O|  |TAMS 0x00000005d5ffffe0, 0x00000005d4000000| Untracked 
| 107|0x00000005d6000000, 0x00000005d7ffffc0, 0x00000005d8000000| 99%| O|  |TAMS 0x00000005d7ffffc0, 0x00000005d6000000| Untracked 
| 108|0x00000005d8000000, 0x00000005d9fffdd0, 0x00000005da000000| 99%| O|  |TAMS 0x00000005d9fffdd0, 0x00000005d8000000| Untracked 
| 109|0x00000005da000000, 0x00000005dbfffff8, 0x00000005dc000000| 99%| O|  |TAMS 0x00000005dbfffff8, 0x00000005da000000| Untracked 
| 110|0x00000005dc000000, 0x00000005de000000, 0x00000005de000000|100%| O|  |TAMS 0x00000005de000000, 0x00000005dc000000| Untracked 
| 111|0x00000005de000000, 0x00000005dfffffe8, 0x00000005e0000000| 99%| O|  |TAMS 0x00000005dfffffe8, 0x00000005de000000| Untracked 
| 112|0x00000005e0000000, 0x00000005e1ffffe0, 0x00000005e2000000| 99%| O|  |TAMS 0x00000005e1ffffe0, 0x00000005e0000000| Untracked 
| 113|0x00000005e2000000, 0x00000005e3ffffe8, 0x00000005e4000000| 99%| O|  |TAMS 0x00000005e3ffffe8, 0x00000005e2000000| Untracked 
| 114|0x00000005e4000000, 0x00000005e5fffff8, 0x00000005e6000000| 99%| O|  |TAMS 0x00000005e5fffff8, 0x00000005e4000000| Untracked 
| 115|0x00000005e6000000, 0x00000005e8000000, 0x00000005e8000000|100%| O|  |TAMS 0x00000005e8000000, 0x00000005e6000000| Untracked 
| 116|0x00000005e8000000, 0x00000005ea000000, 0x00000005ea000000|100%| O|  |TAMS 0x00000005ea000000, 0x00000005e8000000| Untracked 
| 117|0x00000005ea000000, 0x00000005ebff8c88, 0x00000005ec000000| 99%| O|  |TAMS 0x00000005ebff8c88, 0x00000005ea000000| Untracked 
| 118|0x00000005ec000000, 0x00000005ee000000, 0x00000005ee000000|100%| O|  |TAMS 0x00000005ee000000, 0x00000005ec000000| Untracked 
| 119|0x00000005ee000000, 0x00000005effffff8, 0x00000005f0000000| 99%| O|  |TAMS 0x00000005effffff8, 0x00000005ee000000| Untracked 
| 120|0x00000005f0000000, 0x00000005f1fffff8, 0x00000005f2000000| 99%| O|  |TAMS 0x00000005f1fffff8, 0x00000005f0000000| Untracked 
| 121|0x00000005f2000000, 0x00000005f3ffffd8, 0x00000005f4000000| 99%| O|  |TAMS 0x00000005f3ffffd8, 0x00000005f2000000| Untracked 
| 122|0x00000005f4000000, 0x00000005f6000000, 0x00000005f6000000|100%|HS|  |TAMS 0x00000005f6000000, 0x00000005f4000000| Untracked 
| 123|0x00000005f6000000, 0x00000005f8000000, 0x00000005f8000000|100%| O|  |TAMS 0x00000005f8000000, 0x00000005f6000000| Untracked 
| 124|0x00000005f8000000, 0x00000005f9ffffe8, 0x00000005fa000000| 99%| O|  |TAMS 0x00000005f9ffffe8, 0x00000005f8000000| Untracked 
| 125|0x00000005fa000000, 0x00000005fbffffe8, 0x00000005fc000000| 99%| O|  |TAMS 0x00000005fbffffe8, 0x00000005fa000000| Untracked 
| 126|0x00000005fc000000, 0x00000005fe000000, 0x00000005fe000000|100%| O|  |TAMS 0x00000005fe000000, 0x00000005fc000000| Untracked 
| 127|0x00000005fe000000, 0x00000005fffffff0, 0x0000000600000000| 99%| O|  |TAMS 0x00000005fffffff0, 0x00000005fe000000| Untracked 
| 128|0x0000000600000000, 0x0000000602000000, 0x0000000602000000|100%| O|  |TAMS 0x0000000602000000, 0x0000000600000000| Untracked 
| 129|0x0000000602000000, 0x0000000603ffffe8, 0x0000000604000000| 99%| O|  |TAMS 0x0000000603ffffe8, 0x0000000602000000| Untracked 
| 130|0x0000000604000000, 0x0000000606000000, 0x0000000606000000|100%| O|  |TAMS 0x0000000606000000, 0x0000000604000000| Untracked 
| 131|0x0000000606000000, 0x0000000608000000, 0x0000000608000000|100%| O|  |TAMS 0x0000000608000000, 0x0000000606000000| Untracked 
| 132|0x0000000608000000, 0x0000000609fffff0, 0x000000060a000000| 99%| O|  |TAMS 0x0000000609fffff0, 0x0000000608000000| Untracked 
| 133|0x000000060a000000, 0x000000060c000000, 0x000000060c000000|100%| O|  |TAMS 0x000000060c000000, 0x000000060a000000| Untracked 
| 134|0x000000060c000000, 0x000000060dfffff8, 0x000000060e000000| 99%| O|  |TAMS 0x000000060dfffff8, 0x000000060c000000| Untracked 
| 135|0x000000060e000000, 0x000000060fffffe8, 0x0000000610000000| 99%| O|  |TAMS 0x000000060fffffe8, 0x000000060e000000| Untracked 
| 136|0x0000000610000000, 0x0000000611fffff0, 0x0000000612000000| 99%| O|  |TAMS 0x0000000611fffff0, 0x0000000610000000| Untracked 
| 137|0x0000000612000000, 0x0000000613fffff8, 0x0000000614000000| 99%| O|  |TAMS 0x0000000613fffff8, 0x0000000612000000| Untracked 
| 138|0x0000000614000000, 0x0000000615fffff8, 0x0000000616000000| 99%| O|  |TAMS 0x0000000615fffff8, 0x0000000614000000| Untracked 
| 139|0x0000000616000000, 0x0000000618000000, 0x0000000618000000|100%| O|  |TAMS 0x0000000618000000, 0x0000000616000000| Untracked 
| 140|0x0000000618000000, 0x0000000619ffffc8, 0x000000061a000000| 99%| O|  |TAMS 0x0000000619ffffc8, 0x0000000618000000| Untracked 
| 141|0x000000061a000000, 0x000000061c000000, 0x000000061c000000|100%| O|  |TAMS 0x000000061c000000, 0x000000061a000000| Untracked 
| 142|0x000000061c000000, 0x000000061e000000, 0x000000061e000000|100%| O|  |TAMS 0x000000061e000000, 0x000000061c000000| Untracked 
| 143|0x000000061e000000, 0x000000061ffffff8, 0x0000000620000000| 99%| O|  |TAMS 0x000000061ffffff8, 0x000000061e000000| Untracked 
| 144|0x0000000620000000, 0x0000000621ffffe8, 0x0000000622000000| 99%| O|  |TAMS 0x0000000621ffffe8, 0x0000000620000000| Untracked 
| 145|0x0000000622000000, 0x0000000623ffffd8, 0x0000000624000000| 99%| O|  |TAMS 0x0000000623ffffd8, 0x0000000622000000| Untracked 
| 146|0x0000000624000000, 0x0000000625fffff8, 0x0000000626000000| 99%| O|  |TAMS 0x0000000625fffff8, 0x0000000624000000| Untracked 
| 147|0x0000000626000000, 0x0000000628000000, 0x0000000628000000|100%| O|  |TAMS 0x0000000628000000, 0x0000000626000000| Untracked 
| 148|0x0000000628000000, 0x0000000629ffffe0, 0x000000062a000000| 99%| O|  |TAMS 0x0000000629ffffe0, 0x0000000628000000| Untracked 
| 149|0x000000062a000000, 0x000000062bffffc0, 0x000000062c000000| 99%| O|  |TAMS 0x000000062bffffc0, 0x000000062a000000| Untracked 
| 150|0x000000062c000000, 0x000000062dfffff0, 0x000000062e000000| 99%| O|  |TAMS 0x000000062dfffff0, 0x000000062c000000| Untracked 
| 151|0x000000062e000000, 0x000000062ffffff8, 0x0000000630000000| 99%| O|  |TAMS 0x000000062ffffff8, 0x000000062e000000| Untracked 
| 152|0x0000000630000000, 0x0000000631fffff0, 0x0000000632000000| 99%| O|  |TAMS 0x0000000631fffff0, 0x0000000630000000| Untracked 
| 153|0x0000000632000000, 0x0000000634000000, 0x0000000634000000|100%| O|  |TAMS 0x0000000634000000, 0x0000000632000000| Untracked 
| 154|0x0000000634000000, 0x0000000634000000, 0x0000000636000000|  0%| F|  |TAMS 0x0000000634000000, 0x0000000634000000| Untracked 
| 155|0x0000000636000000, 0x0000000638000000, 0x0000000638000000|100%| O|  |TAMS 0x0000000638000000, 0x0000000636000000| Untracked 
| 156|0x0000000638000000, 0x000000063a000000, 0x000000063a000000|100%| O|  |TAMS 0x000000063a000000, 0x0000000638000000| Untracked 
| 157|0x000000063a000000, 0x000000063bfffff8, 0x000000063c000000| 99%| O|  |TAMS 0x000000063bfffff8, 0x000000063a000000| Untracked 
| 158|0x000000063c000000, 0x000000063c000000, 0x000000063e000000|  0%| F|  |TAMS 0x000000063c000000, 0x000000063c000000| Untracked 
| 159|0x000000063e000000, 0x000000063fffffe0, 0x0000000640000000| 99%| O|  |TAMS 0x000000063fffffe0, 0x000000063e000000| Untracked 
| 160|0x0000000640000000, 0x0000000642000000, 0x0000000642000000|100%| O|  |TAMS 0x0000000642000000, 0x0000000640000000| Untracked 
| 161|0x0000000642000000, 0x0000000643fffff8, 0x0000000644000000| 99%| O|  |TAMS 0x0000000643fffff8, 0x0000000642000000| Untracked 
| 162|0x0000000644000000, 0x0000000645fffff8, 0x0000000646000000| 99%| O|  |TAMS 0x0000000645fffff8, 0x0000000644000000| Untracked 
| 163|0x0000000646000000, 0x0000000647ffff80, 0x0000000648000000| 99%| O|  |TAMS 0x0000000647ffff80, 0x0000000646000000| Untracked 
| 164|0x0000000648000000, 0x0000000648000000, 0x000000064a000000|  0%| F|  |TAMS 0x0000000648000000, 0x0000000648000000| Untracked 
| 165|0x000000064a000000, 0x000000064c000000, 0x000000064c000000|100%| O|  |TAMS 0x000000064c000000, 0x000000064a000000| Untracked 
| 166|0x000000064c000000, 0x000000064dfffff8, 0x000000064e000000| 99%| O|  |TAMS 0x000000064dfffff8, 0x000000064c000000| Untracked 
| 167|0x000000064e000000, 0x000000064e000000, 0x0000000650000000|  0%| F|  |TAMS 0x000000064e000000, 0x000000064e000000| Untracked 
| 168|0x0000000650000000, 0x0000000650000000, 0x0000000652000000|  0%| F|  |TAMS 0x0000000650000000, 0x0000000650000000| Untracked 
| 169|0x0000000652000000, 0x0000000654000000, 0x0000000654000000|100%| O|  |TAMS 0x0000000652000000, 0x0000000652000000| Untracked 
| 170|0x0000000654000000, 0x0000000656000000, 0x0000000656000000|100%| O|  |TAMS 0x0000000656000000, 0x0000000654000000| Untracked 
| 171|0x0000000656000000, 0x0000000656000000, 0x0000000658000000|  0%| F|  |TAMS 0x0000000656000000, 0x0000000656000000| Untracked 
| 172|0x0000000658000000, 0x0000000658000000, 0x000000065a000000|  0%| F|  |TAMS 0x0000000658000000, 0x0000000658000000| Untracked 
| 173|0x000000065a000000, 0x000000065a000000, 0x000000065c000000|  0%| F|  |TAMS 0x000000065a000000, 0x000000065a000000| Untracked 
| 174|0x000000065c000000, 0x000000065c000000, 0x000000065e000000|  0%| F|  |TAMS 0x000000065c000000, 0x000000065c000000| Untracked 
| 175|0x000000065e000000, 0x000000065e000000, 0x0000000660000000|  0%| F|  |TAMS 0x000000065e000000, 0x000000065e000000| Untracked 
| 176|0x0000000660000000, 0x0000000660000000, 0x0000000662000000|  0%| F|  |TAMS 0x0000000660000000, 0x0000000660000000| Untracked 
| 177|0x0000000662000000, 0x0000000662000000, 0x0000000664000000|  0%| F|  |TAMS 0x0000000662000000, 0x0000000662000000| Untracked 
| 178|0x0000000664000000, 0x0000000664000000, 0x0000000666000000|  0%| F|  |TAMS 0x0000000664000000, 0x0000000664000000| Untracked 
| 179|0x0000000666000000, 0x0000000666000000, 0x0000000668000000|  0%| F|  |TAMS 0x0000000666000000, 0x0000000666000000| Untracked 
| 180|0x0000000668000000, 0x000000066a000000, 0x000000066a000000|100%| O|  |TAMS 0x000000066a000000, 0x0000000668000000| Untracked 
| 181|0x000000066a000000, 0x000000066a000000, 0x000000066c000000|  0%| F|  |TAMS 0x000000066a000000, 0x000000066a000000| Untracked 
| 182|0x000000066c000000, 0x000000066c000000, 0x000000066e000000|  0%| F|  |TAMS 0x000000066c000000, 0x000000066c000000| Untracked 
| 183|0x000000066e000000, 0x000000066f38bf08, 0x0000000670000000| 61%| O|  |TAMS 0x000000066f38bf08, 0x000000066e000000| Untracked 
| 184|0x0000000670000000, 0x0000000670000000, 0x0000000672000000|  0%| F|  |TAMS 0x0000000670000000, 0x0000000670000000| Untracked 
| 185|0x0000000672000000, 0x0000000672000000, 0x0000000674000000|  0%| F|  |TAMS 0x0000000672000000, 0x0000000672000000| Untracked 
| 186|0x0000000674000000, 0x0000000676000000, 0x0000000676000000|100%| O|  |TAMS 0x0000000676000000, 0x0000000674000000| Untracked 
| 187|0x0000000676000000, 0x0000000678000000, 0x0000000678000000|100%| O|  |TAMS 0x0000000678000000, 0x0000000676000000| Untracked 
| 188|0x0000000678000000, 0x000000067a000000, 0x000000067a000000|100%| O|  |TAMS 0x000000067a000000, 0x0000000678000000| Untracked 
| 189|0x000000067a000000, 0x000000067c000000, 0x000000067c000000|100%| O|  |TAMS 0x000000067c000000, 0x000000067a000000| Untracked 
| 190|0x000000067c000000, 0x000000067e000000, 0x000000067e000000|100%| O|  |TAMS 0x000000067c000000, 0x000000067c000000| Untracked 
| 191|0x000000067e000000, 0x0000000680000000, 0x0000000680000000|100%| O|  |TAMS 0x0000000680000000, 0x000000067e000000| Untracked 
| 192|0x0000000680000000, 0x0000000682000000, 0x0000000682000000|100%| O|  |TAMS 0x0000000682000000, 0x0000000680000000| Untracked 
| 193|0x0000000682000000, 0x0000000684000000, 0x0000000684000000|100%| O|  |TAMS 0x0000000684000000, 0x0000000682000000| Untracked 
| 194|0x0000000684000000, 0x0000000686000000, 0x0000000686000000|100%| O|  |TAMS 0x0000000686000000, 0x0000000684000000| Untracked 
| 195|0x0000000686000000, 0x0000000688000000, 0x0000000688000000|100%| O|  |TAMS 0x0000000688000000, 0x0000000686000000| Untracked 
| 196|0x0000000688000000, 0x000000068a000000, 0x000000068a000000|100%| O|  |TAMS 0x0000000688000000, 0x0000000688000000| Untracked 
| 197|0x000000068a000000, 0x000000068c000000, 0x000000068c000000|100%| O|  |TAMS 0x000000068a000000, 0x000000068a000000| Untracked 
| 198|0x000000068c000000, 0x000000068c000000, 0x000000068e000000|  0%| F|  |TAMS 0x000000068c000000, 0x000000068c000000| Untracked 
| 199|0x000000068e000000, 0x000000068e000000, 0x0000000690000000|  0%| F|  |TAMS 0x000000068e000000, 0x000000068e000000| Untracked 
| 200|0x0000000690000000, 0x0000000692000000, 0x0000000692000000|100%| O|  |TAMS 0x0000000692000000, 0x0000000690000000| Untracked 
| 201|0x0000000692000000, 0x0000000694000000, 0x0000000694000000|100%| O|  |TAMS 0x0000000694000000, 0x0000000692000000| Untracked 
| 202|0x0000000694000000, 0x0000000696000000, 0x0000000696000000|100%| O|  |TAMS 0x0000000694000000, 0x0000000694000000| Untracked 
| 203|0x0000000696000000, 0x0000000698000000, 0x0000000698000000|100%| O|  |TAMS 0x0000000698000000, 0x0000000696000000| Untracked 
| 204|0x0000000698000000, 0x0000000698000000, 0x000000069a000000|  0%| F|  |TAMS 0x0000000698000000, 0x0000000698000000| Untracked 
| 205|0x000000069a000000, 0x000000069a000000, 0x000000069c000000|  0%| F|  |TAMS 0x000000069a000000, 0x000000069a000000| Untracked 
| 206|0x000000069c000000, 0x000000069c000000, 0x000000069e000000|  0%| F|  |TAMS 0x000000069c000000, 0x000000069c000000| Untracked 
| 207|0x000000069e000000, 0x00000006a0000000, 0x00000006a0000000|100%| O|  |TAMS 0x00000006a0000000, 0x000000069e000000| Untracked 
| 208|0x00000006a0000000, 0x00000006a2000000, 0x00000006a2000000|100%| O|  |TAMS 0x00000006a2000000, 0x00000006a0000000| Untracked 
| 209|0x00000006a2000000, 0x00000006a2000000, 0x00000006a4000000|  0%| F|  |TAMS 0x00000006a2000000, 0x00000006a2000000| Untracked 
| 210|0x00000006a4000000, 0x00000006a6000000, 0x00000006a6000000|100%| O|  |TAMS 0x00000006a6000000, 0x00000006a4000000| Untracked 
| 211|0x00000006a6000000, 0x00000006a6000000, 0x00000006a8000000|  0%| F|  |TAMS 0x00000006a6000000, 0x00000006a6000000| Untracked 
| 212|0x00000006a8000000, 0x00000006a8822800, 0x00000006aa000000| 25%| O|  |TAMS 0x00000006a8000000, 0x00000006a8000000| Untracked 
| 213|0x00000006aa000000, 0x00000006ac000000, 0x00000006ac000000|100%| O|  |TAMS 0x00000006ac000000, 0x00000006aa000000| Untracked 
| 214|0x00000006ac000000, 0x00000006ae000000, 0x00000006ae000000|100%| O|  |TAMS 0x00000006ae000000, 0x00000006ac000000| Untracked 
| 215|0x00000006ae000000, 0x00000006ae000000, 0x00000006b0000000|  0%| F|  |TAMS 0x00000006ae000000, 0x00000006ae000000| Untracked 
| 216|0x00000006b0000000, 0x00000006b0000000, 0x00000006b2000000|  0%| F|  |TAMS 0x00000006b0000000, 0x00000006b0000000| Untracked 
| 217|0x00000006b2000000, 0x00000006b4000000, 0x00000006b4000000|100%| O|  |TAMS 0x00000006b4000000, 0x00000006b2000000| Untracked 
| 218|0x00000006b4000000, 0x00000006b6000000, 0x00000006b6000000|100%| O|  |TAMS 0x00000006b6000000, 0x00000006b4000000| Untracked 
| 219|0x00000006b6000000, 0x00000006b8000000, 0x00000006b8000000|100%| O|  |TAMS 0x00000006b8000000, 0x00000006b6000000| Untracked 
| 220|0x00000006b8000000, 0x00000006ba000000, 0x00000006ba000000|100%| O|  |TAMS 0x00000006ba000000, 0x00000006b8000000| Untracked 
| 221|0x00000006ba000000, 0x00000006ba000000, 0x00000006bc000000|  0%| F|  |TAMS 0x00000006ba000000, 0x00000006ba000000| Untracked 
| 222|0x00000006bc000000, 0x00000006bc000000, 0x00000006be000000|  0%| F|  |TAMS 0x00000006bc000000, 0x00000006bc000000| Untracked 
| 223|0x00000006be000000, 0x00000006c0000000, 0x00000006c0000000|100%| O|  |TAMS 0x00000006c0000000, 0x00000006be000000| Untracked 
| 224|0x00000006c0000000, 0x00000006c2000000, 0x00000006c2000000|100%| O|  |TAMS 0x00000006c2000000, 0x00000006c0000000| Untracked 
| 225|0x00000006c2000000, 0x00000006c4000000, 0x00000006c4000000|100%| O|  |TAMS 0x00000006c4000000, 0x00000006c2000000| Untracked 
| 226|0x00000006c4000000, 0x00000006c4000000, 0x00000006c6000000|  0%| F|  |TAMS 0x00000006c4000000, 0x00000006c4000000| Untracked 
| 227|0x00000006c6000000, 0x00000006c6000000, 0x00000006c8000000|  0%| F|  |TAMS 0x00000006c6000000, 0x00000006c6000000| Untracked 
| 228|0x00000006c8000000, 0x00000006ca000000, 0x00000006ca000000|100%| O|  |TAMS 0x00000006ca000000, 0x00000006c8000000| Untracked 
| 229|0x00000006ca000000, 0x00000006cc000000, 0x00000006cc000000|100%| O|  |TAMS 0x00000006cc000000, 0x00000006ca000000| Untracked 
| 230|0x00000006cc000000, 0x00000006ce000000, 0x00000006ce000000|100%| O|  |TAMS 0x00000006ce000000, 0x00000006cc000000| Untracked 
| 231|0x00000006ce000000, 0x00000006d0000000, 0x00000006d0000000|100%| O|  |TAMS 0x00000006d0000000, 0x00000006ce000000| Untracked 
| 232|0x00000006d0000000, 0x00000006d2000000, 0x00000006d2000000|100%| O|  |TAMS 0x00000006d2000000, 0x00000006d0000000| Untracked 
| 233|0x00000006d2000000, 0x00000006d2000000, 0x00000006d4000000|  0%| F|  |TAMS 0x00000006d2000000, 0x00000006d2000000| Untracked 
| 234|0x00000006d4000000, 0x00000006d6000000, 0x00000006d6000000|100%| O|  |TAMS 0x00000006d6000000, 0x00000006d4000000| Untracked 
| 235|0x00000006d6000000, 0x00000006d8000000, 0x00000006d8000000|100%| O|  |TAMS 0x00000006d8000000, 0x00000006d6000000| Untracked 
| 236|0x00000006d8000000, 0x00000006da000000, 0x00000006da000000|100%| O|  |TAMS 0x00000006da000000, 0x00000006d8000000| Untracked 
| 237|0x00000006da000000, 0x00000006dc000000, 0x00000006dc000000|100%| O|  |TAMS 0x00000006dc000000, 0x00000006da000000| Untracked 
| 238|0x00000006dc000000, 0x00000006de000000, 0x00000006de000000|100%| O|  |TAMS 0x00000006de000000, 0x00000006dc000000| Untracked 
| 239|0x00000006de000000, 0x00000006e0000000, 0x00000006e0000000|100%| O|  |TAMS 0x00000006e0000000, 0x00000006de000000| Untracked 
| 240|0x00000006e0000000, 0x00000006e2000000, 0x00000006e2000000|100%| O|  |TAMS 0x00000006e2000000, 0x00000006e0000000| Untracked 
| 241|0x00000006e2000000, 0x00000006e4000000, 0x00000006e4000000|100%| O|  |TAMS 0x00000006e4000000, 0x00000006e2000000| Untracked 
| 242|0x00000006e4000000, 0x00000006e4000000, 0x00000006e6000000|  0%| F|  |TAMS 0x00000006e4000000, 0x00000006e4000000| Untracked 
| 243|0x00000006e6000000, 0x00000006e8000000, 0x00000006e8000000|100%| O|  |TAMS 0x00000006e8000000, 0x00000006e6000000| Untracked 
| 244|0x00000006e8000000, 0x00000006ea000000, 0x00000006ea000000|100%| O|  |TAMS 0x00000006ea000000, 0x00000006e8000000| Untracked 
| 245|0x00000006ea000000, 0x00000006ec000000, 0x00000006ec000000|100%| O|  |TAMS 0x00000006ec000000, 0x00000006ea000000| Untracked 
| 246|0x00000006ec000000, 0x00000006ee000000, 0x00000006ee000000|100%| O|  |TAMS 0x00000006ee000000, 0x00000006ec000000| Untracked 
| 247|0x00000006ee000000, 0x00000006f0000000, 0x00000006f0000000|100%| O|  |TAMS 0x00000006f0000000, 0x00000006ee000000| Untracked 
| 248|0x00000006f0000000, 0x00000006f0000000, 0x00000006f2000000|  0%| F|  |TAMS 0x00000006f0000000, 0x00000006f0000000| Untracked 
| 249|0x00000006f2000000, 0x00000006f4000000, 0x00000006f4000000|100%| O|  |TAMS 0x00000006f2cd0200, 0x00000006f2000000| Untracked 
| 250|0x00000006f4000000, 0x00000006f6000000, 0x00000006f6000000|100%| O|  |TAMS 0x00000006f6000000, 0x00000006f4000000| Untracked 
| 251|0x00000006f6000000, 0x00000006f8000000, 0x00000006f8000000|100%| O|  |TAMS 0x00000006f8000000, 0x00000006f6000000| Untracked 
| 252|0x00000006f8000000, 0x00000006fa000000, 0x00000006fa000000|100%| O|  |TAMS 0x00000006fa000000, 0x00000006f8000000| Untracked 
| 253|0x00000006fa000000, 0x00000006fc000000, 0x00000006fc000000|100%| O|  |TAMS 0x00000006fc000000, 0x00000006fa000000| Untracked 
| 254|0x00000006fc000000, 0x00000006fe000000, 0x00000006fe000000|100%| O|  |TAMS 0x00000006fe000000, 0x00000006fc000000| Untracked 
| 255|0x00000006fe000000, 0x0000000700000000, 0x0000000700000000|100%| O|  |TAMS 0x0000000700000000, 0x00000006fe000000| Untracked 
| 256|0x0000000700000000, 0x0000000700000000, 0x0000000702000000|  0%| F|  |TAMS 0x0000000700000000, 0x0000000700000000| Untracked 
| 257|0x0000000702000000, 0x0000000702000000, 0x0000000704000000|  0%| F|  |TAMS 0x0000000702000000, 0x0000000702000000| Untracked 
| 258|0x0000000704000000, 0x0000000704000000, 0x0000000706000000|  0%| F|  |TAMS 0x0000000704000000, 0x0000000704000000| Untracked 
| 259|0x0000000706000000, 0x0000000706000000, 0x0000000708000000|  0%| F|  |TAMS 0x0000000706000000, 0x0000000706000000| Untracked 
| 260|0x0000000708000000, 0x000000070a000000, 0x000000070a000000|100%| O|  |TAMS 0x000000070a000000, 0x0000000708000000| Untracked 
| 261|0x000000070a000000, 0x000000070c000000, 0x000000070c000000|100%| O|  |TAMS 0x000000070c000000, 0x000000070a000000| Untracked 
| 262|0x000000070c000000, 0x000000070c000000, 0x000000070e000000|  0%| F|  |TAMS 0x000000070c000000, 0x000000070c000000| Untracked 
| 263|0x000000070e000000, 0x0000000710000000, 0x0000000710000000|100%| O|  |TAMS 0x0000000710000000, 0x000000070e000000| Untracked 
| 264|0x0000000710000000, 0x0000000712000000, 0x0000000712000000|100%| O|  |TAMS 0x0000000712000000, 0x0000000710000000| Untracked 
| 265|0x0000000712000000, 0x0000000714000000, 0x0000000714000000|100%| O|  |TAMS 0x0000000714000000, 0x0000000712000000| Untracked 
| 266|0x0000000714000000, 0x0000000716000000, 0x0000000716000000|100%| O|  |TAMS 0x0000000716000000, 0x0000000714000000| Untracked 
| 267|0x0000000716000000, 0x0000000718000000, 0x0000000718000000|100%| O|  |TAMS 0x0000000718000000, 0x0000000716000000| Untracked 
| 268|0x0000000718000000, 0x000000071a000000, 0x000000071a000000|100%| O|  |TAMS 0x000000071a000000, 0x0000000718000000| Untracked 
| 269|0x000000071a000000, 0x000000071a000000, 0x000000071c000000|  0%| F|  |TAMS 0x000000071a000000, 0x000000071a000000| Untracked 
| 270|0x000000071c000000, 0x000000071c000000, 0x000000071e000000|  0%| F|  |TAMS 0x000000071c000000, 0x000000071c000000| Untracked 
| 271|0x000000071e000000, 0x000000071e000000, 0x0000000720000000|  0%| F|  |TAMS 0x000000071e000000, 0x000000071e000000| Untracked 
| 272|0x0000000720000000, 0x0000000720000000, 0x0000000722000000|  0%| F|  |TAMS 0x0000000720000000, 0x0000000720000000| Untracked 
| 273|0x0000000722000000, 0x0000000722000000, 0x0000000724000000|  0%| F|  |TAMS 0x0000000722000000, 0x0000000722000000| Untracked 
| 274|0x0000000724000000, 0x0000000724000000, 0x0000000726000000|  0%| F|  |TAMS 0x0000000724000000, 0x0000000724000000| Untracked 
| 275|0x0000000726000000, 0x0000000726000000, 0x0000000728000000|  0%| F|  |TAMS 0x0000000726000000, 0x0000000726000000| Untracked 
| 276|0x0000000728000000, 0x0000000728000000, 0x000000072a000000|  0%| F|  |TAMS 0x0000000728000000, 0x0000000728000000| Untracked 
| 277|0x000000072a000000, 0x000000072a000000, 0x000000072c000000|  0%| F|  |TAMS 0x000000072a000000, 0x000000072a000000| Untracked 
| 278|0x000000072c000000, 0x000000072c000000, 0x000000072e000000|  0%| F|  |TAMS 0x000000072c000000, 0x000000072c000000| Untracked 
| 279|0x000000072e000000, 0x000000072e000000, 0x0000000730000000|  0%| F|  |TAMS 0x000000072e000000, 0x000000072e000000| Untracked 
| 280|0x0000000730000000, 0x0000000730000000, 0x0000000732000000|  0%| F|  |TAMS 0x0000000730000000, 0x0000000730000000| Untracked 
| 281|0x0000000732000000, 0x0000000732000000, 0x0000000734000000|  0%| F|  |TAMS 0x0000000732000000, 0x0000000732000000| Untracked 
| 282|0x0000000734000000, 0x0000000734000000, 0x0000000736000000|  0%| F|  |TAMS 0x0000000734000000, 0x0000000734000000| Untracked 
| 283|0x0000000736000000, 0x0000000736000000, 0x0000000738000000|  0%| F|  |TAMS 0x0000000736000000, 0x0000000736000000| Untracked 
| 284|0x0000000738000000, 0x0000000738000000, 0x000000073a000000|  0%| F|  |TAMS 0x0000000738000000, 0x0000000738000000| Untracked 
| 285|0x000000073a000000, 0x000000073a000000, 0x000000073c000000|  0%| F|  |TAMS 0x000000073a000000, 0x000000073a000000| Untracked 
| 286|0x000000073c000000, 0x000000073c000000, 0x000000073e000000|  0%| F|  |TAMS 0x000000073c000000, 0x000000073c000000| Untracked 
| 287|0x000000073e000000, 0x000000073e000000, 0x0000000740000000|  0%| F|  |TAMS 0x000000073e000000, 0x000000073e000000| Untracked 
| 288|0x0000000740000000, 0x0000000740000000, 0x0000000742000000|  0%| F|  |TAMS 0x0000000740000000, 0x0000000740000000| Untracked 
| 289|0x0000000742000000, 0x0000000742000000, 0x0000000744000000|  0%| F|  |TAMS 0x0000000742000000, 0x0000000742000000| Untracked 
| 290|0x0000000744000000, 0x0000000744000000, 0x0000000746000000|  0%| F|  |TAMS 0x0000000744000000, 0x0000000744000000| Untracked 
| 291|0x0000000746000000, 0x0000000746000000, 0x0000000748000000|  0%| F|  |TAMS 0x0000000746000000, 0x0000000746000000| Untracked 
| 292|0x0000000748000000, 0x0000000748000000, 0x000000074a000000|  0%| F|  |TAMS 0x0000000748000000, 0x0000000748000000| Untracked 
| 293|0x000000074a000000, 0x000000074a000000, 0x000000074c000000|  0%| F|  |TAMS 0x000000074a000000, 0x000000074a000000| Untracked 
| 294|0x000000074c000000, 0x000000074c000000, 0x000000074e000000|  0%| F|  |TAMS 0x000000074c000000, 0x000000074c000000| Untracked 
| 295|0x000000074e000000, 0x000000074e000000, 0x0000000750000000|  0%| F|  |TAMS 0x000000074e000000, 0x000000074e000000| Untracked 
| 296|0x0000000750000000, 0x0000000750000000, 0x0000000752000000|  0%| F|  |TAMS 0x0000000750000000, 0x0000000750000000| Untracked 
| 297|0x0000000752000000, 0x0000000752000000, 0x0000000754000000|  0%| F|  |TAMS 0x0000000752000000, 0x0000000752000000| Untracked 
| 298|0x0000000754000000, 0x0000000754000000, 0x0000000756000000|  0%| F|  |TAMS 0x0000000754000000, 0x0000000754000000| Untracked 
| 299|0x0000000756000000, 0x0000000756000000, 0x0000000758000000|  0%| F|  |TAMS 0x0000000756000000, 0x0000000756000000| Untracked 
| 300|0x0000000758000000, 0x0000000758000000, 0x000000075a000000|  0%| F|  |TAMS 0x0000000758000000, 0x0000000758000000| Untracked 
| 301|0x000000075a000000, 0x000000075a000000, 0x000000075c000000|  0%| F|  |TAMS 0x000000075a000000, 0x000000075a000000| Untracked 
| 302|0x000000075c000000, 0x000000075c000000, 0x000000075e000000|  0%| F|  |TAMS 0x000000075c000000, 0x000000075c000000| Untracked 
| 303|0x000000075e000000, 0x000000075e000000, 0x0000000760000000|  0%| F|  |TAMS 0x000000075e000000, 0x000000075e000000| Untracked 
| 304|0x0000000760000000, 0x00000007601cef08, 0x0000000762000000|  5%| S|CS|TAMS 0x0000000760000000, 0x0000000760000000| Complete 
| 305|0x0000000762000000, 0x0000000762000000, 0x0000000764000000|  0%| F|  |TAMS 0x0000000762000000, 0x0000000762000000| Untracked 
| 306|0x0000000764000000, 0x0000000764000000, 0x0000000766000000|  0%| F|  |TAMS 0x0000000764000000, 0x0000000764000000| Untracked 
| 307|0x0000000766000000, 0x0000000766000000, 0x0000000768000000|  0%| F|  |TAMS 0x0000000766000000, 0x0000000766000000| Untracked 
| 308|0x0000000768000000, 0x000000076a000000, 0x000000076a000000|100%| S|CS|TAMS 0x0000000768000000, 0x0000000768000000| Complete 
| 309|0x000000076a000000, 0x000000076c000000, 0x000000076c000000|100%| S|CS|TAMS 0x000000076a000000, 0x000000076a000000| Complete 
| 310|0x000000076c000000, 0x000000076e000000, 0x000000076e000000|100%| S|CS|TAMS 0x000000076c000000, 0x000000076c000000| Complete 
| 311|0x000000076e000000, 0x000000076e000000, 0x0000000770000000|  0%| F|  |TAMS 0x000000076e000000, 0x000000076e000000| Untracked 
| 312|0x0000000770000000, 0x0000000770000000, 0x0000000772000000|  0%| F|  |TAMS 0x0000000770000000, 0x0000000770000000| Untracked 
| 313|0x0000000772000000, 0x0000000772000000, 0x0000000774000000|  0%| F|  |TAMS 0x0000000772000000, 0x0000000772000000| Untracked 
| 314|0x0000000774000000, 0x0000000774000000, 0x0000000776000000|  0%| F|  |TAMS 0x0000000774000000, 0x0000000774000000| Untracked 
| 315|0x0000000776000000, 0x0000000776000000, 0x0000000778000000|  0%| F|  |TAMS 0x0000000776000000, 0x0000000776000000| Untracked 
| 316|0x0000000778000000, 0x0000000778000000, 0x000000077a000000|  0%| F|  |TAMS 0x0000000778000000, 0x0000000778000000| Untracked 
| 317|0x000000077a000000, 0x000000077a000000, 0x000000077c000000|  0%| F|  |TAMS 0x000000077a000000, 0x000000077a000000| Untracked 
| 318|0x000000077c000000, 0x000000077c000000, 0x000000077e000000|  0%| F|  |TAMS 0x000000077c000000, 0x000000077c000000| Untracked 
| 319|0x000000077e000000, 0x000000077e000000, 0x0000000780000000|  0%| F|  |TAMS 0x000000077e000000, 0x000000077e000000| Untracked 
| 320|0x0000000780000000, 0x0000000780000000, 0x0000000782000000|  0%| F|  |TAMS 0x0000000780000000, 0x0000000780000000| Untracked 
| 321|0x0000000782000000, 0x0000000782000000, 0x0000000784000000|  0%| F|  |TAMS 0x0000000782000000, 0x0000000782000000| Untracked 
| 322|0x0000000784000000, 0x0000000784000000, 0x0000000786000000|  0%| F|  |TAMS 0x0000000784000000, 0x0000000784000000| Untracked 
| 323|0x0000000786000000, 0x0000000786000000, 0x0000000788000000|  0%| F|  |TAMS 0x0000000786000000, 0x0000000786000000| Untracked 
| 324|0x0000000788000000, 0x0000000788000000, 0x000000078a000000|  0%| F|  |TAMS 0x0000000788000000, 0x0000000788000000| Untracked 
| 325|0x000000078a000000, 0x000000078a000000, 0x000000078c000000|  0%| F|  |TAMS 0x000000078a000000, 0x000000078a000000| Untracked 
| 326|0x000000078c000000, 0x000000078c000000, 0x000000078e000000|  0%| F|  |TAMS 0x000000078c000000, 0x000000078c000000| Untracked 
| 327|0x000000078e000000, 0x000000078e000000, 0x0000000790000000|  0%| F|  |TAMS 0x000000078e000000, 0x000000078e000000| Untracked 
| 328|0x0000000790000000, 0x0000000791aa4cd0, 0x0000000792000000| 83%| E|  |TAMS 0x0000000790000000, 0x0000000790000000| Complete 
| 329|0x0000000792000000, 0x0000000794000000, 0x0000000794000000|100%| E|  |TAMS 0x0000000792000000, 0x0000000792000000| Complete 
| 330|0x0000000794000000, 0x0000000796000000, 0x0000000796000000|100%| E|CS|TAMS 0x0000000794000000, 0x0000000794000000| Complete 
| 331|0x0000000796000000, 0x0000000798000000, 0x0000000798000000|100%| E|CS|TAMS 0x0000000796000000, 0x0000000796000000| Complete 
| 332|0x0000000798000000, 0x000000079a000000, 0x000000079a000000|100%| E|CS|TAMS 0x0000000798000000, 0x0000000798000000| Complete 
| 333|0x000000079a000000, 0x000000079c000000, 0x000000079c000000|100%| E|CS|TAMS 0x000000079a000000, 0x000000079a000000| Complete 
| 334|0x000000079c000000, 0x000000079e000000, 0x000000079e000000|100%| E|CS|TAMS 0x000000079c000000, 0x000000079c000000| Complete 
| 335|0x000000079e000000, 0x00000007a0000000, 0x00000007a0000000|100%| E|CS|TAMS 0x000000079e000000, 0x000000079e000000| Complete 
| 336|0x00000007a0000000, 0x00000007a2000000, 0x00000007a2000000|100%| E|CS|TAMS 0x00000007a0000000, 0x00000007a0000000| Complete 
| 337|0x00000007a2000000, 0x00000007a4000000, 0x00000007a4000000|100%| E|CS|TAMS 0x00000007a2000000, 0x00000007a2000000| Complete 
| 338|0x00000007a4000000, 0x00000007a6000000, 0x00000007a6000000|100%| E|CS|TAMS 0x00000007a4000000, 0x00000007a4000000| Complete 
| 339|0x00000007a6000000, 0x00000007a8000000, 0x00000007a8000000|100%| E|CS|TAMS 0x00000007a6000000, 0x00000007a6000000| Complete 
| 340|0x00000007a8000000, 0x00000007aa000000, 0x00000007aa000000|100%| E|CS|TAMS 0x00000007a8000000, 0x00000007a8000000| Complete 
| 341|0x00000007aa000000, 0x00000007ac000000, 0x00000007ac000000|100%| E|CS|TAMS 0x00000007aa000000, 0x00000007aa000000| Complete 
| 342|0x00000007ac000000, 0x00000007ae000000, 0x00000007ae000000|100%| E|CS|TAMS 0x00000007ac000000, 0x00000007ac000000| Complete 
| 343|0x00000007ae000000, 0x00000007b0000000, 0x00000007b0000000|100%| E|CS|TAMS 0x00000007ae000000, 0x00000007ae000000| Complete 
| 344|0x00000007b0000000, 0x00000007b2000000, 0x00000007b2000000|100%| E|CS|TAMS 0x00000007b0000000, 0x00000007b0000000| Complete 
| 345|0x00000007b2000000, 0x00000007b4000000, 0x00000007b4000000|100%| E|CS|TAMS 0x00000007b2000000, 0x00000007b2000000| Complete 
| 346|0x00000007b4000000, 0x00000007b6000000, 0x00000007b6000000|100%| E|CS|TAMS 0x00000007b4000000, 0x00000007b4000000| Complete 
| 347|0x00000007b6000000, 0x00000007b8000000, 0x00000007b8000000|100%| E|CS|TAMS 0x00000007b6000000, 0x00000007b6000000| Complete 
| 348|0x00000007b8000000, 0x00000007ba000000, 0x00000007ba000000|100%| E|CS|TAMS 0x00000007b8000000, 0x00000007b8000000| Complete 
| 349|0x00000007ba000000, 0x00000007bc000000, 0x00000007bc000000|100%| E|CS|TAMS 0x00000007ba000000, 0x00000007ba000000| Complete 
| 350|0x00000007bc000000, 0x00000007be000000, 0x00000007be000000|100%| E|CS|TAMS 0x00000007bc000000, 0x00000007bc000000| Complete 
| 351|0x00000007be000000, 0x00000007c0000000, 0x00000007c0000000|100%| E|CS|TAMS 0x00000007be000000, 0x00000007be000000| Complete 
| 352|0x00000007c0000000, 0x00000007c2000000, 0x00000007c2000000|100%| E|CS|TAMS 0x00000007c0000000, 0x00000007c0000000| Complete 
| 353|0x00000007c2000000, 0x00000007c4000000, 0x00000007c4000000|100%| E|CS|TAMS 0x00000007c2000000, 0x00000007c2000000| Complete 
| 354|0x00000007c4000000, 0x00000007c6000000, 0x00000007c6000000|100%| E|CS|TAMS 0x00000007c4000000, 0x00000007c4000000| Complete 
| 355|0x00000007c6000000, 0x00000007c8000000, 0x00000007c8000000|100%| E|CS|TAMS 0x00000007c6000000, 0x00000007c6000000| Complete 
| 356|0x00000007c8000000, 0x00000007ca000000, 0x00000007ca000000|100%| E|CS|TAMS 0x00000007c8000000, 0x00000007c8000000| Complete 
| 357|0x00000007ca000000, 0x00000007cc000000, 0x00000007cc000000|100%| E|CS|TAMS 0x00000007ca000000, 0x00000007ca000000| Complete 
| 358|0x00000007cc000000, 0x00000007ce000000, 0x00000007ce000000|100%| E|CS|TAMS 0x00000007cc000000, 0x00000007cc000000| Complete 
| 359|0x00000007ce000000, 0x00000007d0000000, 0x00000007d0000000|100%| E|CS|TAMS 0x00000007ce000000, 0x00000007ce000000| Complete 
| 360|0x00000007d0000000, 0x00000007d2000000, 0x00000007d2000000|100%| E|CS|TAMS 0x00000007d0000000, 0x00000007d0000000| Complete 
| 361|0x00000007d2000000, 0x00000007d4000000, 0x00000007d4000000|100%| E|CS|TAMS 0x00000007d2000000, 0x00000007d2000000| Complete 
| 362|0x00000007d4000000, 0x00000007d6000000, 0x00000007d6000000|100%| E|CS|TAMS 0x00000007d4000000, 0x00000007d4000000| Complete 
| 363|0x00000007d6000000, 0x00000007d8000000, 0x00000007d8000000|100%| E|CS|TAMS 0x00000007d6000000, 0x00000007d6000000| Complete 
| 364|0x00000007d8000000, 0x00000007da000000, 0x00000007da000000|100%| E|CS|TAMS 0x00000007d8000000, 0x00000007d8000000| Complete 
| 365|0x00000007da000000, 0x00000007dc000000, 0x00000007dc000000|100%| E|CS|TAMS 0x00000007da000000, 0x00000007da000000| Complete 
| 366|0x00000007dc000000, 0x00000007de000000, 0x00000007de000000|100%| E|CS|TAMS 0x00000007dc000000, 0x00000007dc000000| Complete 
| 367|0x00000007de000000, 0x00000007e0000000, 0x00000007e0000000|100%| E|CS|TAMS 0x00000007de000000, 0x00000007de000000| Complete 
| 368|0x00000007e0000000, 0x00000007e2000000, 0x00000007e2000000|100%| E|CS|TAMS 0x00000007e0000000, 0x00000007e0000000| Complete 
| 369|0x00000007e2000000, 0x00000007e4000000, 0x00000007e4000000|100%| E|CS|TAMS 0x00000007e2000000, 0x00000007e2000000| Complete 
| 370|0x00000007e4000000, 0x00000007e6000000, 0x00000007e6000000|100%| E|CS|TAMS 0x00000007e4000000, 0x00000007e4000000| Complete 
| 371|0x00000007e6000000, 0x00000007e8000000, 0x00000007e8000000|100%| E|CS|TAMS 0x00000007e6000000, 0x00000007e6000000| Complete 
| 372|0x00000007e8000000, 0x00000007ea000000, 0x00000007ea000000|100%| E|CS|TAMS 0x00000007e8000000, 0x00000007e8000000| Complete 
| 373|0x00000007ea000000, 0x00000007ec000000, 0x00000007ec000000|100%| E|CS|TAMS 0x00000007ea000000, 0x00000007ea000000| Complete 
| 374|0x00000007ec000000, 0x00000007ee000000, 0x00000007ee000000|100%| E|CS|TAMS 0x00000007ec000000, 0x00000007ec000000| Complete 
| 375|0x00000007ee000000, 0x00000007f0000000, 0x00000007f0000000|100%| E|CS|TAMS 0x00000007ee000000, 0x00000007ee000000| Complete 
| 376|0x00000007f0000000, 0x00000007f2000000, 0x00000007f2000000|100%| E|CS|TAMS 0x00000007f0000000, 0x00000007f0000000| Complete 
| 377|0x00000007f2000000, 0x00000007f4000000, 0x00000007f4000000|100%| E|CS|TAMS 0x00000007f2000000, 0x00000007f2000000| Complete 
| 378|0x00000007f4000000, 0x00000007f6000000, 0x00000007f6000000|100%| E|CS|TAMS 0x00000007f4000000, 0x00000007f4000000| Complete 
| 379|0x00000007f6000000, 0x00000007f8000000, 0x00000007f8000000|100%| E|CS|TAMS 0x00000007f6000000, 0x00000007f6000000| Complete 
| 380|0x00000007f8000000, 0x00000007fa000000, 0x00000007fa000000|100%| E|CS|TAMS 0x00000007f8000000, 0x00000007f8000000| Complete 
| 381|0x00000007fa000000, 0x00000007fc000000, 0x00000007fc000000|100%| E|CS|TAMS 0x00000007fa000000, 0x00000007fa000000| Complete 
| 382|0x00000007fc000000, 0x00000007fe000000, 0x00000007fe000000|100%| E|CS|TAMS 0x00000007fc000000, 0x00000007fc000000| Complete 
| 383|0x00000007fe000000, 0x0000000800000000, 0x0000000800000000|100%| E|CS|TAMS 0x00000007fe000000, 0x00000007fe000000| Complete 

Card table byte_map: [0x0000000118000000,0x0000000119800000] _byte_map_base: 0x0000000115800000

Marking Bits (Prev, Next): (CMBitMap*) 0x0000000108008650, (CMBitMap*) 0x0000000108008610
 Prev Bits: [0x000000014b000000, 0x0000000157000000)
 Next Bits: [0x000000013f000000, 0x000000014b000000)

Polling page: 0x0000000100aec000

Metaspace:

Usage:
  Non-class:    636.16 MB used.
      Class:    173.26 MB used.
       Both:    809.41 MB used.

Virtual space:
  Non-class space:      640.00 MB reserved,     638.31 MB (>99%) committed,  10 nodes.
      Class space:        1.00 GB reserved,     175.31 MB ( 17%) committed,  1 nodes.
             Both:        1.62 GB reserved,     813.62 MB ( 49%) committed. 

Chunk freelists:
   Non-Class:  1.14 MB
       Class:  947.00 KB
        Both:  2.06 MB

MaxMetaspaceSize: unlimited
CompressedClassSpaceSize: 1.00 GB
Initial GC threshold: 21.00 MB
Current GC threshold: 1.32 GB
CDS: off
MetaspaceReclaimPolicy: balanced
 - commit_granule_bytes: 65536.
 - commit_granule_words: 8192.
 - virtual_space_node_default_size: 8388608.
 - enlarge_chunks_in_place: 1.
 - new_chunks_are_fully_committed: 0.
 - uncommit_free_chunks: 1.
 - use_allocation_guard: 0.
 - handle_deallocations: 1.


Internal statistics:

num_allocs_failed_limit: 754.
num_arena_births: 8888.
num_arena_deaths: 1848.
num_vsnodes_births: 11.
num_vsnodes_deaths: 0.
num_space_committed: 13002.
num_space_uncommitted: 0.
num_chunks_returned_to_freelist: 2965.
num_chunks_taken_from_freelist: 43835.
num_chunk_merges: 1282.
num_chunk_splits: 31014.
num_chunks_enlarged: 22704.
num_inconsistent_stats: 0.

CodeHeap 'non-profiled nmethods': size=120032Kb used=118722Kb max_used=120031Kb free=1310Kb
 bounds [0x0000000137ac8000, 0x000000013f000000, 0x000000013f000000]
CodeHeap 'profiled nmethods': size=120016Kb used=100516Kb max_used=117172Kb free=19499Kb
 bounds [0x0000000130000000, 0x00000001372e0000, 0x0000000137534000]
CodeHeap 'non-nmethods': size=5712Kb used=4600Kb max_used=4971Kb free=1111Kb
 bounds [0x0000000137534000, 0x0000000137a44000, 0x0000000137ac8000]
 total_blobs=48239 nmethods=43482 adapters=4660
 compilation: enabled
              stopped_count=0, restarted_count=0
 full_count=0

Compilation events (20 events):
Event: 9853.265 Thread 0x000000010805dc00 nmethod 4683077 0x0000000137c47410 code [0x0000000137c47700, 0x0000000137c48350]
Event: 9853.265 Thread 0x000000010805dc00 4683087       4       java.util.stream.SortedOps$SizedRefSortingSink::end (129 bytes)
Event: 9853.268 Thread 0x000000010805dc00 nmethod 4683087 0x000000013ee39a90 code [0x000000013ee39d80, 0x000000013ee3a7b0]
Event: 9853.268 Thread 0x000000010805dc00 4683078       4       me.jellysquid.mods.sodium.client.world.ReadableContainerExtended::clone (16 bytes)
Event: 9853.272 Thread 0x000000010805dc00 nmethod 4683078 0x0000000138854410 code [0x00000001388546c0, 0x0000000138855150]
Event: 9853.272 Thread 0x000000010805dc00 4683079       4       net.minecraft.world.level.chunk.PalettedContainer::sodium$copy (5 bytes)
Event: 9853.275 Thread 0x000000010805dc00 nmethod 4683079 0x0000000139993c90 code [0x0000000139993f00, 0x0000000139994920]
Event: 9853.275 Thread 0x000000010805dc00 4683065       4       java.util.LinkedHashMap::clear (15 bytes)
Event: 9853.276 Thread 0x000000010805dc00 nmethod 4683065 0x000000013844fc90 code [0x000000013844fe40, 0x00000001384501f0]
Event: 9853.276 Thread 0x000000010805dc00 4683088       4       com.eeeab.eeeabsmobs.sever.capability.VertigoCapability$VertigoCapabilityProvider::serializeNBT (24 bytes)
Event: 9853.281 Thread 0x000000010805dc00 nmethod 4683088 0x000000013a1d3a90 code [0x000000013a1d3e00, 0x000000013a1d4c00]
Event: 9853.281 Thread 0x000000010805dc00 4683090       4       net.p3pp3rf1y.sophisticatedcore.client.ClientEventHandler::onDrawScreen (230 bytes)
Event: 9853.288 Thread 0x000000010805dc00 nmethod 4683090 0x000000013afec410 code [0x000000013afec800, 0x000000013afed840]
Event: 9853.288 Thread 0x000000010805dc00 4683089       4       it.unimi.dsi.fastutil.objects.Reference2ObjectLinkedOpenHashMap::removeEntry (79 bytes)
Event: 9853.294 Thread 0x000000010805dc00 nmethod 4683089 0x0000000138c21490 code [0x0000000138c217c0, 0x0000000138c225f0]
Event: 9853.294 Thread 0x000000010805dc00 4683093       4       me.jellysquid.mods.sodium.client.util.color.BoxBlur::blurImpl (280 bytes)
Event: 9853.296 Thread 0x000000010805dc00 nmethod 4683093 0x00000001387d3a90 code [0x00000001387d3cc0, 0x00000001387d4110]
Event: 9853.296 Thread 0x000000010805dc00 4683092       4       org.embeddedt.embeddium.render.chunk.sorting.TranslucentQuadAnalyzer::captureQuad (234 bytes)
Event: 9853.306 Thread 0x000000010805dc00 nmethod 4683092 0x000000013c197310 code [0x000000013c197700, 0x000000013c1990f0]
Event: 9853.306 Thread 0x000000010805dc00 4683091  s    4       me.jellysquid.mods.sodium.client.world.cloned.ClonedChunkSectionCache::acquire (84 bytes)

GC Heap History (20 events):
Event: 9810.111 GC heap before
{Heap before GC invocations=4114 (full 5):
 garbage-first heap   total 12582912K, used 10997611K [0x0000000500000000, 0x0000000800000000)
  region size 32768K, 76 young (2490368K), 7 survivors (229376K)
 Metaspace       used 828755K, committed 833088K, reserved 1703936K
  class space    used 177413K, committed 179520K, reserved 1048576K
}
Event: 9810.152 GC heap after
{Heap after GC invocations=4115 (full 5):
 garbage-first heap   total 12582912K, used 8954397K [0x0000000500000000, 0x0000000800000000)
  region size 32768K, 10 young (327680K), 10 survivors (327680K)
 Metaspace       used 828755K, committed 833088K, reserved 1703936K
  class space    used 177413K, committed 179520K, reserved 1048576K
}
Event: 9811.866 GC heap before
{Heap before GC invocations=4115 (full 5):
 garbage-first heap   total 12582912K, used 11117085K [0x0000000500000000, 0x0000000800000000)
  region size 32768K, 76 young (2490368K), 10 survivors (327680K)
 Metaspace       used 828763K, committed 833088K, reserved 1703936K
  class space    used 177413K, committed 179520K, reserved 1048576K
}
Event: 9811.884 GC heap after
{Heap after GC invocations=4116 (full 5):
 garbage-first heap   total 12582912K, used 8745551K [0x0000000500000000, 0x0000000800000000)
  region size 32768K, 3 young (98304K), 3 survivors (98304K)
 Metaspace       used 828763K, committed 833088K, reserved 1703936K
  class space    used 177413K, committed 179520K, reserved 1048576K
}
Event: 9813.747 GC heap before
{Heap before GC invocations=4116 (full 5):
 garbage-first heap   total 12582912K, used 11137615K [0x0000000500000000, 0x0000000800000000)
  region size 32768K, 76 young (2490368K), 3 survivors (98304K)
 Metaspace       used 828775K, committed 833088K, reserved 1703936K
  class space    used 177413K, committed 179520K, reserved 1048576K
}
Event: 9813.767 GC heap after
{Heap after GC invocations=4117 (full 5):
 garbage-first heap   total 12582912K, used 8748364K [0x0000000500000000, 0x0000000800000000)
  region size 32768K, 4 young (131072K), 4 survivors (131072K)
 Metaspace       used 828775K, committed 833088K, reserved 1703936K
  class space    used 177413K, committed 179520K, reserved 1048576K
}
Event: 9815.635 GC heap before
{Heap before GC invocations=4117 (full 5):
 garbage-first heap   total 12582912K, used 11107660K [0x0000000500000000, 0x0000000800000000)
  region size 32768K, 76 young (2490368K), 4 survivors (131072K)
 Metaspace       used 828797K, committed 833152K, reserved 1703936K
  class space    used 177414K, committed 179520K, reserved 1048576K
}
Event: 9815.650 GC heap after
{Heap after GC invocations=4118 (full 5):
 garbage-first heap   total 12582912K, used 8777998K [0x0000000500000000, 0x0000000800000000)
  region size 32768K, 5 young (163840K), 5 survivors (163840K)
 Metaspace       used 828797K, committed 833152K, reserved 1703936K
  class space    used 177414K, committed 179520K, reserved 1048576K
}
Event: 9819.126 GC heap before
{Heap before GC invocations=4119 (full 5):
 garbage-first heap   total 12582912K, used 11071758K [0x0000000500000000, 0x0000000800000000)
  region size 32768K, 76 young (2490368K), 5 survivors (163840K)
 Metaspace       used 828831K, committed 833152K, reserved 1703936K
  class space    used 177415K, committed 179520K, reserved 1048576K
}
Event: 9819.180 GC heap after
{Heap after GC invocations=4120 (full 5):
 garbage-first heap   total 12582912K, used 8840746K [0x0000000500000000, 0x0000000800000000)
  region size 32768K, 8 young (262144K), 8 survivors (262144K)
 Metaspace       used 828831K, committed 833152K, reserved 1703936K
  class space    used 177415K, committed 179520K, reserved 1048576K
}
Event: 9826.682 GC heap before
{Heap before GC invocations=4120 (full 5):
 garbage-first heap   total 12582912K, used 11036202K [0x0000000500000000, 0x0000000800000000)
  region size 32768K, 76 young (2490368K), 8 survivors (262144K)
 Metaspace       used 828832K, committed 833152K, reserved 1703936K
  class space    used 177415K, committed 179520K, reserved 1048576K
}
Event: 9826.711 GC heap after
{Heap after GC invocations=4121 (full 5):
 garbage-first heap   total 12582912K, used 8566552K [0x0000000500000000, 0x0000000800000000)
  region size 32768K, 7 young (229376K), 7 survivors (229376K)
 Metaspace       used 828832K, committed 833152K, reserved 1703936K
  class space    used 177415K, committed 179520K, reserved 1048576K
}
Event: 9845.042 GC heap before
{Heap before GC invocations=4121 (full 5):
 garbage-first heap   total 12582912K, used 10827544K [0x0000000500000000, 0x0000000800000000)
  region size 32768K, 76 young (2490368K), 7 survivors (229376K)
 Metaspace       used 828833K, committed 833152K, reserved 1703936K
  class space    used 177415K, committed 179520K, reserved 1048576K
}
Event: 9845.058 GC heap after
{Heap after GC invocations=4122 (full 5):
 garbage-first heap   total 12582912K, used 8563962K [0x0000000500000000, 0x0000000800000000)
  region size 32768K, 6 young (196608K), 6 survivors (196608K)
 Metaspace       used 828833K, committed 833152K, reserved 1703936K
  class space    used 177415K, committed 179520K, reserved 1048576K
}
Event: 9847.091 GC heap before
{Heap before GC invocations=4122 (full 5):
 garbage-first heap   total 12582912K, used 10806526K [0x0000000500000000, 0x0000000800000000)
  region size 32768K, 76 young (2490368K), 6 survivors (196608K)
 Metaspace       used 828834K, committed 833152K, reserved 1703936K
  class space    used 177415K, committed 179520K, reserved 1048576K
}
Event: 9847.105 GC heap after
{Heap after GC invocations=4123 (full 5):
 garbage-first heap   total 12582912K, used 8560045K [0x0000000500000000, 0x0000000800000000)
  region size 32768K, 6 young (196608K), 6 survivors (196608K)
 Metaspace       used 828834K, committed 833152K, reserved 1703936K
  class space    used 177415K, committed 179520K, reserved 1048576K
}
Event: 9849.440 GC heap before
{Heap before GC invocations=4124 (full 5):
 garbage-first heap   total 12582912K, used 10821037K [0x0000000500000000, 0x0000000800000000)
  region size 32768K, 76 young (2490368K), 6 survivors (196608K)
 Metaspace       used 828835K, committed 833152K, reserved 1703936K
  class space    used 177415K, committed 179520K, reserved 1048576K
}
Event: 9849.453 GC heap after
{Heap after GC invocations=4125 (full 5):
 garbage-first heap   total 12582912K, used 8570519K [0x0000000500000000, 0x0000000800000000)
  region size 32768K, 3 young (98304K), 3 survivors (98304K)
 Metaspace       used 828835K, committed 833152K, reserved 1703936K
  class space    used 177415K, committed 179520K, reserved 1048576K
}
Event: 9851.693 GC heap before
{Heap before GC invocations=4125 (full 5):
 garbage-first heap   total 12582912K, used 10929815K [0x0000000500000000, 0x0000000800000000)
  region size 32768K, 76 young (2490368K), 3 survivors (98304K)
 Metaspace       used 828835K, committed 833152K, reserved 1703936K
  class space    used 177415K, committed 179520K, reserved 1048576K
}
Event: 9851.704 GC heap after
{Heap after GC invocations=4126 (full 5):
 garbage-first heap   total 12582912K, used 7598780K [0x0000000500000000, 0x0000000800000000)
  region size 32768K, 4 young (131072K), 4 survivors (131072K)
 Metaspace       used 828835K, committed 833152K, reserved 1703936K
  class space    used 177415K, committed 179520K, reserved 1048576K
}

Dll operation events (18 events):
Event: 0.005 Loaded shared library /Documents/curseforge/minecraft/Install/runtime/java-runtime-gamma/mac-os-arm64/java-runtime-gamma/jre.bundle/Contents/Home/lib/libjava.dylib
Event: 0.034 Loaded shared library /Documents/curseforge/minecraft/Install/runtime/java-runtime-gamma/mac-os-arm64/java-runtime-gamma/jre.bundle/Contents/Home/lib/libnio.dylib
Event: 0.062 Loaded shared library /Documents/curseforge/minecraft/Install/runtime/java-runtime-gamma/mac-os-arm64/java-runtime-gamma/jre.bundle/Contents/Home/lib/libzip.dylib
Event: 0.093 Loaded shared library /Documents/curseforge/minecraft/Install/runtime/java-runtime-gamma/mac-os-arm64/java-runtime-gamma/jre.bundle/Contents/Home/lib/libjimage.dylib
Event: 0.133 Loaded shared library /Documents/curseforge/minecraft/Install/runtime/java-runtime-gamma/mac-os-arm64/java-runtime-gamma/jre.bundle/Contents/Home/lib/libnet.dylib
Event: 0.170 Loaded shared library /Documents/curseforge/minecraft/Install/runtime/java-runtime-gamma/mac-os-arm64/java-runtime-gamma/jre.bundle/Contents/Home/lib/libverify.dylib
Event: 0.579 Loaded shared library /Documents/curseforge/minecraft/Install/runtime/java-runtime-gamma/mac-os-arm64/java-runtime-gamma/jre.bundle/Contents/Home/lib/libmanagement.dylib
Event: 0.580 Loaded shared library /Documents/curseforge/minecraft/Install/runtime/java-runtime-gamma/mac-os-arm64/java-runtime-gamma/jre.bundle/Contents/Home/lib/libmanagement_ext.dylib
Event: 1.668 Loaded shared library /Documents/curseforge/minecraft/Install/bin/3f433badf8ea9e0531575e783a5c0538ec9ce27a/liblwjgl.dylib
Event: 1.833 Loaded shared library /Documents/curseforge/minecraft/Install/bin/3f433badf8ea9e0531575e783a5c0538ec9ce27a/liblwjgl_opengl.dylib
Event: 1.861 Loaded shared library /Documents/curseforge/minecraft/Install/bin/3f433badf8ea9e0531575e783a5c0538ec9ce27a/liblwjgl_stb.dylib
Event: 14.152 Loaded shared library /Documents/curseforge/minecraft/Install/bin/3f433badf8ea9e0531575e783a5c0538ec9ce27a/jna5212464076257547039.tmp
Event: 17.776 Loaded shared library /Documents/curseforge/minecraft/Install/runtime/java-runtime-gamma/mac-os-arm64/java-runtime-gamma/jre.bundle/Contents/Home/lib/libextnet.dylib
Event: 18.962 Loaded shared library /private/var/folders/xm/sh__ffh97l38sjy_lf6t69xw0000gn/T/libjcocoa14993450111760039336.dylib
Event: 21.931 Loaded shared library /Documents/curseforge/minecraft/Install/runtime/java-runtime-gamma/mac-os-arm64/java-runtime-gamma/jre.bundle/Contents/Home/lib/libawt.dylib
Event: 21.934 Loaded shared library /Documents/curseforge/minecraft/Install/runtime/java-runtime-gamma/mac-os-arm64/java-runtime-gamma/jre.bundle/Contents/Home/lib/libawt_lwawt.dylib
Event: 35.858 Loaded shared library /Documents/curseforge/minecraft/Install/runtime/java-runtime-gamma/mac-os-arm64/java-runtime-gamma/jre.bundle/Contents/Home/lib/libfontmanager.dylib
Event: 86.563 Loaded shared library /Documents/curseforge/minecraft/Instances/The Last Engineer/config/spark/tmp/spark-3952172221e7-libasyncProfiler.so.tmp

Deoptimization events (20 events):
Event: 9853.291 Thread 0x000000011e2c9c00 Uncommon trap: trap_request=0xffffff47 fr.pc=0x00000001311d9884 relative=0x0000000000003544
Event: 9853.291 Thread 0x000000011e2c9c00 Uncommon trap: reason=unstable_if action=none pc=0x00000001311d9884 method=sereneseasons.season.RandomUpdateHandler.meltInChunk(Lnet/minecraft/server/level/ChunkMap;Lnet/minecraft/world/level/chunk/LevelChunk;F)V @ 114 c2
Event: 9853.291 Thread 0x000000011e2c9c00 DEOPT PACKING pc=0x00000001311d9884 sp=0x00000008e87664a0
Event: 9853.291 Thread 0x000000011e2c9c00 DEOPT UNPACKING pc=0x000000013757b91c sp=0x00000008e8766410 mode 2
Event: 9853.291 Thread 0x000000011e2c9c00 Uncommon trap: trap_request=0xffffff47 fr.pc=0x00000001311d9884 relative=0x0000000000003544
Event: 9853.291 Thread 0x000000011e2c9c00 Uncommon trap: reason=unstable_if action=none pc=0x00000001311d9884 method=sereneseasons.season.RandomUpdateHandler.meltInChunk(Lnet/minecraft/server/level/ChunkMap;Lnet/minecraft/world/level/chunk/LevelChunk;F)V @ 114 c2
Event: 9853.291 Thread 0x000000011e2c9c00 DEOPT PACKING pc=0x00000001311d9884 sp=0x00000008e87664a0
Event: 9853.291 Thread 0x000000011e2c9c00 DEOPT UNPACKING pc=0x000000013757b91c sp=0x00000008e8766410 mode 2
Event: 9853.291 Thread 0x000000011e2c9c00 Uncommon trap: trap_request=0xffffff47 fr.pc=0x00000001311d9884 relative=0x0000000000003544
Event: 9853.291 Thread 0x000000011e2c9c00 Uncommon trap: reason=unstable_if action=none pc=0x00000001311d9884 method=sereneseasons.season.RandomUpdateHandler.meltInChunk(Lnet/minecraft/server/level/ChunkMap;Lnet/minecraft/world/level/chunk/LevelChunk;F)V @ 114 c2
Event: 9853.291 Thread 0x000000011e2c9c00 DEOPT PACKING pc=0x00000001311d9884 sp=0x00000008e87664a0
Event: 9853.291 Thread 0x000000011e2c9c00 DEOPT UNPACKING pc=0x000000013757b91c sp=0x00000008e8766410 mode 2
Event: 9853.291 Thread 0x000000011e2c9c00 Uncommon trap: trap_request=0xffffff47 fr.pc=0x00000001311d9884 relative=0x0000000000003544
Event: 9853.291 Thread 0x000000011e2c9c00 Uncommon trap: reason=unstable_if action=none pc=0x00000001311d9884 method=sereneseasons.season.RandomUpdateHandler.meltInChunk(Lnet/minecraft/server/level/ChunkMap;Lnet/minecraft/world/level/chunk/LevelChunk;F)V @ 114 c2
Event: 9853.291 Thread 0x000000011e2c9c00 DEOPT PACKING pc=0x00000001311d9884 sp=0x00000008e87664a0
Event: 9853.291 Thread 0x000000011e2c9c00 DEOPT UNPACKING pc=0x000000013757b91c sp=0x00000008e8766410 mode 2
Event: 9853.291 Thread 0x000000011e2c9c00 Uncommon trap: trap_request=0xffffff47 fr.pc=0x00000001311d9884 relative=0x0000000000003544
Event: 9853.291 Thread 0x000000011e2c9c00 Uncommon trap: reason=unstable_if action=none pc=0x00000001311d9884 method=sereneseasons.season.RandomUpdateHandler.meltInChunk(Lnet/minecraft/server/level/ChunkMap;Lnet/minecraft/world/level/chunk/LevelChunk;F)V @ 114 c2
Event: 9853.291 Thread 0x000000011e2c9c00 DEOPT PACKING pc=0x00000001311d9884 sp=0x00000008e87664a0
Event: 9853.291 Thread 0x000000011e2c9c00 DEOPT UNPACKING pc=0x000000013757b91c sp=0x00000008e8766410 mode 2

Classes loaded (20 events):
Event: 6779.393 Loading class java/net/MulticastSocket
Event: 6779.394 Loading class java/net/MulticastSocket done
Event: 6779.394 Loading class sun/nio/ch/DatagramChannelImpl
Event: 6779.394 Loading class sun/nio/ch/DatagramChannelImpl done
Event: 6779.394 Loading class sun/nio/ch/DatagramDispatcher
Event: 6779.394 Loading class sun/nio/ch/DatagramDispatcher done
Event: 6779.394 Loading class sun/net/ResourceManager
Event: 6779.394 Loading class sun/net/ResourceManager done
Event: 6779.394 Loading class sun/nio/ch/NativeSocketAddress
Event: 6779.395 Loading class sun/nio/ch/NativeSocketAddress done
Event: 6779.396 Loading class sun/nio/ch/DatagramSocketAdaptor
Event: 6779.396 Loading class sun/nio/ch/DatagramSocketAdaptor done
Event: 6779.396 Loading class sun/nio/ch/DatagramSocketAdaptor$DatagramSockets
Event: 6779.396 Loading class sun/nio/ch/DatagramSocketAdaptor$DatagramSockets done
Event: 6779.396 Loading class sun/nio/ch/DatagramChannelImpl$DefaultOptionsHolder
Event: 6779.396 Loading class sun/nio/ch/DatagramChannelImpl$DefaultOptionsHolder done
Event: 6779.396 Loading class java/net/DatagramPacket
Event: 6779.396 Loading class java/net/DatagramPacket done
Event: 6779.397 Loading class java/net/PortUnreachableException
Event: 6779.397 Loading class java/net/PortUnreachableException done

Classes unloaded (20 events):
Event: 9172.378 Thread 0x000000010f607bd0 Unloading class 0x0000000803760800 'java/lang/invoke/LambdaForm$MH+0x0000000803760800'
Event: 9172.378 Thread 0x000000010f607bd0 Unloading class 0x0000000800359400 'java/lang/invoke/LambdaForm$MH+0x0000000800359400'
Event: 9172.378 Thread 0x000000010f607bd0 Unloading class 0x0000000800359000 'java/lang/invoke/LambdaForm$MH+0x0000000800359000'
Event: 9172.378 Thread 0x000000010f607bd0 Unloading class 0x0000000800358c00 'java/lang/invoke/LambdaForm$MH+0x0000000800358c00'
Event: 9172.378 Thread 0x000000010f607bd0 Unloading class 0x0000000800358800 'java/lang/invoke/LambdaForm$MH+0x0000000800358800'
Event: 9172.378 Thread 0x000000010f607bd0 Unloading class 0x0000000800358400 'java/lang/invoke/LambdaForm$MH+0x0000000800358400'
Event: 9172.378 Thread 0x000000010f607bd0 Unloading class 0x0000000800358000 'java/lang/invoke/LambdaForm$MH+0x0000000800358000'
Event: 9172.378 Thread 0x000000010f607bd0 Unloading class 0x0000000800353c00 'java/lang/invoke/LambdaForm$MH+0x0000000800353c00'
Event: 9172.378 Thread 0x000000010f607bd0 Unloading class 0x0000000800353800 'java/lang/invoke/LambdaForm$MH+0x0000000800353800'
Event: 9172.378 Thread 0x000000010f607bd0 Unloading class 0x0000000800353400 'java/lang/invoke/LambdaForm$MH+0x0000000800353400'
Event: 9172.378 Thread 0x000000010f607bd0 Unloading class 0x0000000800353000 'java/lang/invoke/LambdaForm$MH+0x0000000800353000'
Event: 9172.378 Thread 0x000000010f607bd0 Unloading class 0x00000008002b4000 'java/lang/invoke/LambdaForm$MH+0x00000008002b4000'
Event: 9172.378 Thread 0x000000010f607bd0 Unloading class 0x00000008001bc000 'java/lang/invoke/LambdaForm$MH+0x00000008001bc000'
Event: 9344.345 Thread 0x000000010f607bd0 Unloading class 0x00000008062a8000 'java/lang/invoke/LambdaForm$DMH+0x00000008062a8000'
Event: 9344.345 Thread 0x000000010f607bd0 Unloading class 0x00000008003ca000 'java/lang/invoke/LambdaForm$MH+0x00000008003ca000'
Event: 9344.345 Thread 0x000000010f607bd0 Unloading class 0x00000008003c9c00 'java/lang/invoke/LambdaForm$MH+0x00000008003c9c00'
Event: 9514.115 Thread 0x000000010f607bd0 Unloading class 0x0000000800835000 'java/lang/invoke/LambdaForm$MH+0x0000000800835000'
Event: 9514.115 Thread 0x000000010f607bd0 Unloading class 0x0000000800834c00 'java/lang/invoke/LambdaForm$MH+0x0000000800834c00'
Event: 9514.115 Thread 0x000000010f607bd0 Unloading class 0x00000008003ce400 'java/lang/invoke/LambdaForm$MH+0x00000008003ce400'
Event: 9514.115 Thread 0x000000010f607bd0 Unloading class 0x00000008003ce000 'java/lang/invoke/LambdaForm$MH+0x00000008003ce000'

Classes redefined (0 events):
No events

Internal exceptions (20 events):
Event: 9822.030 Thread 0x000000011e2c9c00 Exception <a 'sun/nio/fs/UnixException'{0x0000000791ced788}> (0x0000000791ced788) 
thrown [src/hotspot/share/prims/jni.cpp, line 516]
Event: 9822.030 Thread 0x000000011e2c9c00 Exception <a 'sun/nio/fs/UnixException'{0x0000000791cedae8}> (0x0000000791cedae8) 
thrown [src/hotspot/share/prims/jni.cpp, line 516]
Event: 9826.817 Thread 0x0000000965d1d400 Exception <a 'sun/nio/fs/UnixException'{0x00000007fe38bb90}> (0x00000007fe38bb90) 
thrown [src/hotspot/share/prims/jni.cpp, line 516]
Event: 9826.981 Thread 0x0000000965d1d400 Exception <a 'sun/nio/fs/UnixException'{0x00000007fd00fc18}> (0x00000007fd00fc18) 
thrown [src/hotspot/share/prims/jni.cpp, line 516]
Event: 9826.981 Thread 0x000000034c37e800 Exception <a 'sun/nio/fs/UnixException'{0x00000007fd0952e0}> (0x00000007fd0952e0) 
thrown [src/hotspot/share/prims/jni.cpp, line 516]
Event: 9826.981 Thread 0x000000034c37e800 Exception <a 'sun/nio/fs/UnixException'{0x00000007fd096990}> (0x00000007fd096990) 
thrown [src/hotspot/share/prims/jni.cpp, line 516]
Event: 9830.186 Thread 0x000000011d8a5c00 Exception <a 'sun/nio/fs/UnixException'{0x00000007ef8f5060}> (0x00000007ef8f5060) 
thrown [src/hotspot/share/prims/jni.cpp, line 516]
Event: 9830.186 Thread 0x000000011d8a5c00 Exception <a 'sun/nio/fs/UnixException'{0x00000007ef8f51d8}> (0x00000007ef8f51d8) 
thrown [src/hotspot/share/prims/jni.cpp, line 516]
Event: 9830.186 Thread 0x000000011d8a5c00 Exception <a 'sun/nio/fs/UnixException'{0x00000007ef8f5780}> (0x00000007ef8f5780) 
thrown [src/hotspot/share/prims/jni.cpp, line 516]
Event: 9830.186 Thread 0x000000011d8a5c00 Exception <a 'sun/nio/fs/UnixException'{0x00000007ef8f58f8}> (0x00000007ef8f58f8) 
thrown [src/hotspot/share/prims/jni.cpp, line 516]
Event: 9830.536 Thread 0x0000000965d1d400 Exception <a 'sun/nio/fs/UnixException'{0x00000007ec7c2440}> (0x00000007ec7c2440) 
thrown [src/hotspot/share/prims/jni.cpp, line 516]
Event: 9830.589 Thread 0x0000000965d1d400 Exception <a 'sun/nio/fs/UnixException'{0x00000007edbbc8e8}> (0x00000007edbbc8e8) 
thrown [src/hotspot/share/prims/jni.cpp, line 516]
Event: 9842.669 Thread 0x0000000965d1d400 Exception <a 'sun/nio/fs/UnixException'{0x00000007b43b03b0}> (0x00000007b43b03b0) 
thrown [src/hotspot/share/prims/jni.cpp, line 516]
Event: 9842.817 Thread 0x000000034c37e800 Exception <a 'sun/nio/fs/UnixException'{0x00000007b4315bb0}> (0x00000007b4315bb0) 
thrown [src/hotspot/share/prims/jni.cpp, line 516]
Event: 9843.326 Thread 0x000000011d8a5c00 Exception <a 'sun/nio/fs/UnixException'{0x00000007b1c258b0}> (0x00000007b1c258b0) 
thrown [src/hotspot/share/prims/jni.cpp, line 516]
Event: 9843.327 Thread 0x000000011d8a5c00 Exception <a 'sun/nio/fs/UnixException'{0x00000007b1c25a28}> (0x00000007b1c25a28) 
thrown [src/hotspot/share/prims/jni.cpp, line 516]
Event: 9843.327 Thread 0x000000011d8a5c00 Exception <a 'sun/nio/fs/UnixException'{0x00000007b1c25fc8}> (0x00000007b1c25fc8) 
thrown [src/hotspot/share/prims/jni.cpp, line 516]
Event: 9843.327 Thread 0x000000011d8a5c00 Exception <a 'sun/nio/fs/UnixException'{0x00000007b1c26140}> (0x00000007b1c26140) 
thrown [src/hotspot/share/prims/jni.cpp, line 516]
Event: 9845.193 Thread 0x00000008f1c9ae00 Exception <a 'sun/nio/fs/UnixException'{0x00000007fb614a08}> (0x00000007fb614a08) 
thrown [src/hotspot/share/prims/jni.cpp, line 516]
Event: 9849.054 Thread 0x00000008f1c9ae00 Exception <a 'sun/nio/fs/UnixException'{0x0000000793420d40}> (0x0000000793420d40) 
thrown [src/hotspot/share/prims/jni.cpp, line 516]

VM Operations (20 events):
Event: 9852.995 Executing VM operation: HandshakeAllThreads
Event: 9852.995 Executing VM operation: HandshakeAllThreads done
Event: 9853.031 Executing VM operation: HandshakeAllThreads
Event: 9853.031 Executing VM operation: HandshakeAllThreads done
Event: 9853.088 Executing VM operation: HandshakeAllThreads
Event: 9853.089 Executing VM operation: HandshakeAllThreads done
Event: 9853.107 Executing VM operation: ICBufferFull
Event: 9853.107 Executing VM operation: ICBufferFull done
Event: 9853.131 Executing VM operation: HandshakeAllThreads
Event: 9853.131 Executing VM operation: HandshakeAllThreads done
Event: 9853.177 Executing VM operation: HandshakeAllThreads
Event: 9853.177 Executing VM operation: HandshakeAllThreads done
Event: 9853.224 Executing VM operation: HandshakeAllThreads
Event: 9853.224 Executing VM operation: HandshakeAllThreads done
Event: 9853.242 Executing VM operation: ICBufferFull
Event: 9853.243 Executing VM operation: ICBufferFull done
Event: 9853.259 Executing VM operation: HandshakeAllThreads
Event: 9853.260 Executing VM operation: HandshakeAllThreads done
Event: 9853.305 Executing VM operation: HandshakeAllThreads
Event: 9853.305 Executing VM operation: HandshakeAllThreads done

Memory protections (20 events):
Event: 9821.155 Protecting memory [0x00000008e8004000,0x00000008e8010000] with protection modes 0
Event: 9821.397 Protecting memory [0x00000008e8004000,0x00000008e8010000] with protection modes 3
Event: 9821.977 Protecting memory [0x00000008e8004000,0x00000008e8010000] with protection modes 0
Event: 9821.977 Protecting memory [0x00000008e8004000,0x00000008e8010000] with protection modes 3
Event: 9826.228 Protecting memory [0x00000008fe5a4000,0x00000008fe5b0000] with protection modes 3
Event: 9836.775 Protecting memory [0x000000039d004000,0x000000039d010000] with protection modes 3
Event: 9836.780 Protecting memory [0x000000037d96c000,0x000000037d978000] with protection modes 3
Event: 9844.102 Protecting memory [0x00000008e69f0000,0x00000008e69fc000] with protection modes 3
Event: 9845.729 Protecting memory [0x00000008f4658000,0x00000008f4664000] with protection modes 3
Event: 9845.729 Protecting memory [0x00000008c1e54000,0x00000008c1e60000] with protection modes 3
Event: 9845.959 Protecting memory [0x00000008c1e54000,0x00000008c1e60000] with protection modes 0
Event: 9846.309 Protecting memory [0x00000008c1e54000,0x00000008c1e60000] with protection modes 3
Event: 9846.780 Protecting memory [0x00000008f6ee8000,0x00000008f6ef4000] with protection modes 3
Event: 9846.791 Protecting memory [0x00000008c1e54000,0x00000008c1e60000] with protection modes 0
Event: 9847.951 Protecting memory [0x00000008e8004000,0x00000008e8010000] with protection modes 0
Event: 9848.194 Protecting memory [0x00000008e8004000,0x00000008e8010000] with protection modes 3
Event: 9849.949 Protecting memory [0x00000008e8004000,0x00000008e8010000] with protection modes 0
Event: 9850.191 Protecting memory [0x00000008e8004000,0x00000008e8010000] with protection modes 3
Event: 9851.956 Protecting memory [0x00000008e8004000,0x00000008e8010000] with protection modes 0
Event: 9852.211 Protecting memory [0x00000008e8004000,0x00000008e8010000] with protection modes 3

Nmethod flushes (20 events):
Event: 9853.244 Thread 0x0000000108050e00 flushing  nmethod 0x000000013e9c3210
Event: 9853.244 Thread 0x0000000108050e00 flushing  nmethod 0x000000013eb94810
Event: 9853.245 Thread 0x0000000108050e00 flushing  nmethod 0x000000013ec83510
Event: 9853.245 Thread 0x0000000108050e00 flushing  nmethod 0x000000013ee39a90
Event: 9853.245 Thread 0x0000000108050e00 flushing  nmethod 0x000000013003b890
Event: 9853.252 Thread 0x0000000108050e00 flushing  nmethod 0x00000001338d6c90
Event: 9853.256 Thread 0x0000000108050e00 flushing  nmethod 0x0000000135c2c210
Event: 9853.260 Thread 0x0000000108050e00 flushing  nmethod 0x0000000137ac8790
Event: 9853.260 Thread 0x0000000108050e00 flushing  nmethod 0x0000000137ea7790
Event: 9853.262 Thread 0x0000000108050e00 flushing  nmethod 0x00000001387dae10
Event: 9853.262 Thread 0x0000000108050e00 flushing  nmethod 0x000000013892a990
Event: 9853.262 Thread 0x0000000108050e00 flushing  nmethod 0x0000000138ad7690
Event: 9853.262 Thread 0x0000000108050e00 flushing  nmethod 0x0000000138cead10
Event: 9853.263 Thread 0x0000000108050e00 flushing  nmethod 0x0000000138d4dc10
Event: 9853.263 Thread 0x0000000108050e00 flushing  nmethod 0x0000000138d6a990
Event: 9853.266 Thread 0x0000000108050e00 flushing  nmethod 0x000000013a1d3a90
Event: 9853.266 Thread 0x0000000108050e00 flushing  nmethod 0x000000013a1d3f90
Event: 9853.273 Thread 0x0000000108050e00 flushing  nmethod 0x000000013c890c10
Event: 9853.308 Thread 0x0000000108050e00 flushing  nmethod 0x0000000138bff590
Event: 9853.309 Thread 0x0000000108050e00 flushing  nmethod 0x00000001392b0110

Events (20 events):
Event: 9821.155 Thread 0x0000000120027600 Thread added: 0x000000034da71800
Event: 9821.397 Thread 0x000000034da71800 Thread exited: 0x000000034da71800
Event: 9821.977 Thread 0x000000016806ae00 Thread added: 0x00000008f2e45800
Event: 9821.977 Thread 0x00000008f2e45800 Thread exited: 0x00000008f2e45800
Event: 9826.228 Thread 0x0000000995f16e00 Thread exited: 0x0000000995f16e00
Event: 9836.775 Thread 0x0000000986588000 Thread exited: 0x0000000986588000
Event: 9836.780 Thread 0x0000000986626e00 Thread exited: 0x0000000986626e00
Event: 9844.102 Thread 0x000000034a352200 Thread exited: 0x000000034a352200
Event: 9845.729 Thread 0x0000000942e45200 Thread exited: 0x0000000942e45200
Event: 9845.729 Thread 0x00000009673eee00 Thread exited: 0x00000009673eee00
Event: 9845.959 Thread 0x0000000120027600 Thread added: 0x00000008f2a0de00
Event: 9846.309 Thread 0x00000008f2a0de00 Thread exited: 0x00000008f2a0de00
Event: 9846.780 Thread 0x00000008f364a600 Thread exited: 0x00000008f364a600
Event: 9846.790 Thread 0x000000098661f200 Thread added: 0x000000016870e000
Event: 9847.951 Thread 0x0000000120027600 Thread added: 0x00000008f364a600
Event: 9848.194 Thread 0x00000008f364a600 Thread exited: 0x00000008f364a600
Event: 9849.949 Thread 0x0000000120027600 Thread added: 0x00000008f364a600
Event: 9850.191 Thread 0x00000008f364a600 Thread exited: 0x00000008f364a600
Event: 9851.956 Thread 0x0000000120027600 Thread added: 0x00000001083cf000
Event: 9852.211 Thread 0x00000001083cf000 Thread exited: 0x00000001083cf000


Dynamic libraries:
0x0000000100af4000 	/Documents/curseforge/minecraft/Install/runtime/java-runtime-gamma/mac-os-arm64/java-runtime-gamma/jre.bundle/Contents/Home/lib/libjli.dylib
0x00000001a113b000 	/System/Library/Frameworks/Cocoa.framework/Versions/A/Cocoa
0x00000001888eb000 	/System/Library/Frameworks/AppKit.framework/Versions/C/AppKit
0x000000018bbdb000 	/System/Library/Frameworks/CoreData.framework/Versions/A/CoreData
0x0000000185f77000 	/System/Library/Frameworks/Foundation.framework/Versions/C/Foundation
0x0000000192b73000 	/usr/lib/libSystem.B.dylib
0x0000000189d7c000 	/System/Library/PrivateFrameworks/UIFoundation.framework/Versions/A/UIFoundation
0x0000000232a0a000 	/System/Library/PrivateFrameworks/CollectionViewCore.framework/Versions/A/CollectionViewCore
0x00000001906fc000 	/System/Library/PrivateFrameworks/XCTTargetBootstrap.framework/Versions/A/XCTTargetBootstrap
0x000000019533f000 	/System/Library/PrivateFrameworks/InternationalSupport.framework/Versions/A/InternationalSupport
0x0000000195696000 	/System/Library/PrivateFrameworks/UserActivity.framework/Versions/A/UserActivity
0x0000000261394000 	/System/Library/PrivateFrameworks/UIIntelligenceSupport.framework/Versions/A/UIIntelligenceSupport
0x00000001eb42d000 	/System/Library/Frameworks/SwiftUICore.framework/Versions/A/SwiftUICore
0x000000026641a000 	/System/Library/PrivateFrameworks/WritingTools.framework/Versions/A/WritingTools
0x000000026545e000 	/System/Library/PrivateFrameworks/WindowManagement.framework/Versions/A/WindowManagement
0x0000000185bda000 	/System/Library/Frameworks/SystemConfiguration.framework/Versions/A/SystemConfiguration
0x00000001947a2000 	/usr/lib/libspindump.dylib
0x0000000189f2e000 	/System/Library/Frameworks/UniformTypeIdentifiers.framework/Versions/A/UniformTypeIdentifiers
0x0000000191f5e000 	/usr/lib/libbsm.0.dylib
0x000000018e17e000 	/usr/lib/libapp_launch_measurement.dylib
0x000000018d527000 	/System/Library/PrivateFrameworks/CoreAnalytics.framework/Versions/A/CoreAnalytics
0x000000018e182000 	/System/Library/PrivateFrameworks/CoreAutoLayout.framework/Versions/A/CoreAutoLayout
0x000000018fd16000 	/System/Library/Frameworks/Metal.framework/Versions/A/Metal
0x0000000190f3a000 	/usr/lib/liblangid.dylib
0x0000000190702000 	/System/Library/PrivateFrameworks/CoreSVG.framework/Versions/A/CoreSVG
0x000000018a953000 	/System/Library/PrivateFrameworks/SkyLight.framework/Versions/A/SkyLight
0x000000018ae7a000 	/System/Library/Frameworks/CoreGraphics.framework/Versions/A/CoreGraphics
0x000000019a84c000 	/System/Library/Frameworks/Accelerate.framework/Versions/A/Accelerate
0x00000001945e5000 	/System/Library/PrivateFrameworks/IconServices.framework/Versions/A/IconServices
0x000000018fcf3000 	/System/Library/Frameworks/IOSurface.framework/Versions/A/IOSurface
0x000000018d558000 	/usr/lib/libDiagnosticMessagesClient.dylib
0x0000000192abd000 	/usr/lib/libz.1.dylib
0x000000019e761000 	/System/Library/Frameworks/ApplicationServices.framework/Versions/A/ApplicationServices
0x00000001906e7000 	/System/Library/PrivateFrameworks/DFRFoundation.framework/Versions/A/DFRFoundation
0x0000000188150000 	/usr/lib/libicucore.A.dylib
0x000000019671f000 	/System/Library/Frameworks/AudioToolbox.framework/Versions/A/AudioToolbox
0x0000000195647000 	/System/Library/PrivateFrameworks/DataDetectorsCore.framework/Versions/A/DataDetectorsCore
0x00000001b11e8000 	/System/Library/PrivateFrameworks/TextInput.framework/Versions/A/TextInput
0x000000018a89e000 	/usr/lib/libMobileGestalt.dylib
0x00000001903e0000 	/System/Library/Frameworks/Carbon.framework/Versions/A/Frameworks/HIToolbox.framework/Versions/A/HIToolbox
0x000000018da5f000 	/System/Library/Frameworks/QuartzCore.framework/Versions/A/QuartzCore
0x0000000187d46000 	/System/Library/Frameworks/Security.framework/Versions/A/Security
0x000000019a1a9000 	/System/Library/Frameworks/Carbon.framework/Versions/A/Frameworks/SpeechRecognition.framework/Versions/A/SpeechRecognition
0x000000018de85000 	/System/Library/PrivateFrameworks/CoreUI.framework/Versions/A/CoreUI
0x0000000187614000 	/System/Library/Frameworks/CoreAudio.framework/Versions/A/CoreAudio
0x000000018d646000 	/System/Library/Frameworks/DiskArbitration.framework/Versions/A/DiskArbitration
0x0000000194c0b000 	/System/Library/PrivateFrameworks/MultitouchSupport.framework/Versions/A/MultitouchSupport
0x000000018a89c000 	/usr/lib/libenergytrace.dylib
0x00000001a578c000 	/System/Library/PrivateFrameworks/RenderBox.framework/Versions/A/RenderBox
0x000000018879b000 	/System/Library/Frameworks/IOKit.framework/Versions/A/IOKit
0x000000019a5a0000 	/System/Library/Frameworks/CoreServices.framework/Versions/A/CoreServices
0x000000018e10f000 	/System/Library/PrivateFrameworks/PerformanceAnalysis.framework/Versions/A/PerformanceAnalysis
0x00000001e4dee000 	/System/Library/Frameworks/OpenGL.framework/Versions/A/OpenGL
0x000000018e1cc000 	/usr/lib/libxml2.2.dylib
0x0000000191e42000 	/System/Library/PrivateFrameworks/MobileKeyBag.framework/Versions/A/MobileKeyBag
0x000000018451c000 	/usr/lib/libobjc.A.dylib
0x000000018482a000 	/usr/lib/libc++.1.dylib
0x000000019a521000 	/System/Library/Frameworks/Accessibility.framework/Versions/A/Accessibility
0x000000018b5ab000 	/System/Library/Frameworks/ColorSync.framework/Versions/A/ColorSync
0x0000000184986000 	/System/Library/Frameworks/CoreFoundation.framework/Versions/A/CoreFoundation
0x0000000190abc000 	/System/Library/Frameworks/CoreImage.framework/Versions/A/CoreImage
0x00000001873f5000 	/System/Library/Frameworks/CoreText.framework/Versions/A/CoreText
0x00000001e633a000 	/System/Library/Frameworks/CoreTransferable.framework/Versions/A/CoreTransferable
0x00000001e68bf000 	/System/Library/Frameworks/DataDetection.framework/Versions/A/DataDetection
0x00000001e68c2000 	/System/Library/Frameworks/DeveloperToolsSupport.framework/Versions/A/DeveloperToolsSupport
0x000000019073d000 	/System/Library/Frameworks/ImageIO.framework/Versions/A/ImageIO
0x00000001ebff0000 	/System/Library/Frameworks/Symbols.framework/Versions/A/Symbols
0x00000001d859c000 	/System/Library/PrivateFrameworks/FeatureFlags.framework/Versions/A/FeatureFlags
0x0000000192b78000 	/System/Library/PrivateFrameworks/SoftLinking.framework/Versions/A/SoftLinking
0x00000001c3e59000 	/usr/lib/swift/libswiftAccelerate.dylib
0x00000001960b4000 	/usr/lib/swift/libswiftCore.dylib
0x00000001ad88b000 	/usr/lib/swift/libswiftCoreFoundation.dylib
0x00000001ad8e5000 	/usr/lib/swift/libswiftCoreImage.dylib
0x00000001aabf4000 	/usr/lib/swift/libswiftDarwin.dylib
0x000000026d037000 	/usr/lib/swift/libswiftDataDetection.dylib
0x000000019c099000 	/usr/lib/swift/libswiftDispatch.dylib
0x00000001ad8e6000 	/usr/lib/swift/libswiftIOKit.dylib
0x00000001ba450000 	/usr/lib/swift/libswiftMetal.dylib
0x00000001c93f1000 	/usr/lib/swift/libswiftOSLog.dylib
0x000000019ed1b000 	/usr/lib/swift/libswiftObjectiveC.dylib
0x000000026d064000 	/usr/lib/swift/libswiftObservation.dylib
0x00000001bf7ef000 	/usr/lib/swift/libswiftQuartzCore.dylib
0x00000001c3e4a000 	/usr/lib/swift/libswiftUniformTypeIdentifiers.dylib
0x00000001ad89d000 	/usr/lib/swift/libswiftXPC.dylib
0x000000026d14a000 	/usr/lib/swift/libswift_Builtin_float.dylib
0x000000026d14d000 	/usr/lib/swift/libswift_Concurrency.dylib
0x000000026d2ac000 	/usr/lib/swift/libswift_StringProcessing.dylib
0x000000026d33f000 	/usr/lib/swift/libswift_errno.dylib
0x000000026d341000 	/usr/lib/swift/libswift_math.dylib
0x000000026d344000 	/usr/lib/swift/libswift_signal.dylib
0x000000026d345000 	/usr/lib/swift/libswift_stdio.dylib
0x000000026d346000 	/usr/lib/swift/libswift_time.dylib
0x000000019ed1f000 	/usr/lib/swift/libswiftos.dylib
0x00000001b113f000 	/usr/lib/swift/libswiftsimd.dylib
0x000000026d347000 	/usr/lib/swift/libswiftsys_time.dylib
0x000000026d348000 	/usr/lib/swift/libswiftunistd.dylib
0x0000000192da1000 	/usr/lib/libcompression.dylib
0x000000019529f000 	/System/Library/PrivateFrameworks/TextureIO.framework/Versions/A/TextureIO
0x0000000194284000 	/usr/lib/libate.dylib
0x0000000192b6d000 	/usr/lib/system/libcache.dylib
0x0000000192b28000 	/usr/lib/system/libcommonCrypto.dylib
0x0000000192b53000 	/usr/lib/system/libcompiler_rt.dylib
0x0000000192b48000 	/usr/lib/system/libcopyfile.dylib
0x0000000184677000 	/usr/lib/system/libcorecrypto.dylib
0x000000018475e000 	/usr/lib/system/libdispatch.dylib
0x000000018491e000 	/usr/lib/system/libdyld.dylib
0x0000000192b63000 	/usr/lib/system/libkeymgr.dylib
0x0000000192b0b000 	/usr/lib/system/libmacho.dylib
0x0000000191f37000 	/usr/lib/system/libquarantine.dylib
0x0000000192b60000 	/usr/lib/system/libremovefile.dylib
0x000000018a918000 	/usr/lib/system/libsystem_asl.dylib
0x000000018460c000 	/usr/lib/system/libsystem_blocks.dylib
0x00000001847a8000 	/usr/lib/system/libsystem_c.dylib
0x0000000192b57000 	/usr/lib/system/libsystem_collections.dylib
0x0000000190f27000 	/usr/lib/system/libsystem_configuration.dylib
0x000000018fcc2000 	/usr/lib/system/libsystem_containermanager.dylib
0x000000019264d000 	/usr/lib/system/libsystem_coreservices.dylib
0x000000018841c000 	/usr/lib/system/libsystem_darwin.dylib
0x000000026d47f000 	/usr/lib/system/libsystem_darwindirectory.dylib
0x0000000192b64000 	/usr/lib/system/libsystem_dnssd.dylib
0x000000026d483000 	/usr/lib/system/libsystem_eligibility.dylib
0x00000001847a5000 	/usr/lib/system/libsystem_featureflags.dylib
0x0000000184956000 	/usr/lib/system/libsystem_info.dylib
0x0000000192acc000 	/usr/lib/system/libsystem_m.dylib
0x0000000184716000 	/usr/lib/system/libsystem_malloc.dylib
0x000000018a881000 	/usr/lib/system/libsystem_networkextension.dylib
0x000000018887e000 	/usr/lib/system/libsystem_notify.dylib
0x0000000190f2c000 	/usr/lib/system/libsystem_sandbox.dylib
0x000000026d48b000 	/usr/lib/system/libsystem_sanitizers.dylib
0x0000000192b5c000 	/usr/lib/system/libsystem_secinit.dylib
0x00000001848d5000 	/usr/lib/system/libsystem_kernel.dylib
0x000000018494e000 	/usr/lib/system/libsystem_platform.dylib
0x0000000184911000 	/usr/lib/system/libsystem_pthread.dylib
0x000000018c475000 	/usr/lib/system/libsystem_symptoms.dylib
0x000000018465b000 	/usr/lib/system/libsystem_trace.dylib
0x0000000192b36000 	/usr/lib/system/libunwind.dylib
0x0000000184610000 	/usr/lib/system/libxpc.dylib
0x00000001848b7000 	/usr/lib/libc++abi.dylib
0x000000026c054000 	/usr/lib/libRosetta.dylib
0x000000018871a000 	/System/Library/PrivateFrameworks/CoreServicesInternal.framework/Versions/A/CoreServicesInternal
0x0000000192b40000 	/usr/lib/liboah.dylib
0x0000000192b75000 	/usr/lib/libfakelink.dylib
0x000000019e214000 	/System/Library/PrivateFrameworks/DiskImages.framework/Versions/A/DiskImages
0x00000001aa71d000 	/System/Library/Frameworks/NetFS.framework/Versions/A/NetFS
0x000000018a4b7000 	/System/Library/Frameworks/CFNetwork.framework/Versions/A/CFNetwork
0x000000018e146000 	/System/Library/Frameworks/CoreServices.framework/Versions/A/Frameworks/FSEvents.framework/Versions/A/FSEvents
0x0000000188427000 	/System/Library/Frameworks/CoreServices.framework/Versions/A/Frameworks/CarbonCore.framework/Versions/A/CarbonCore
0x000000018d5bb000 	/System/Library/Frameworks/CoreServices.framework/Versions/A/Frameworks/Metadata.framework/Versions/A/Metadata
0x0000000192655000 	/System/Library/Frameworks/CoreServices.framework/Versions/A/Frameworks/OSServices.framework/Versions/A/OSServices
0x0000000192cc2000 	/System/Library/Frameworks/CoreServices.framework/Versions/A/Frameworks/SearchKit.framework/Versions/A/SearchKit
0x000000018c3f0000 	/System/Library/Frameworks/CoreServices.framework/Versions/A/Frameworks/AE.framework/Versions/A/AE
0x0000000184ec5000 	/System/Library/Frameworks/CoreServices.framework/Versions/A/Frameworks/LaunchServices.framework/Versions/A/LaunchServices
0x00000001940d9000 	/System/Library/Frameworks/CoreServices.framework/Versions/A/Frameworks/DictionaryServices.framework/Versions/A/DictionaryServices
0x000000018e154000 	/System/Library/Frameworks/CoreServices.framework/Versions/A/Frameworks/SharedFileList.framework/Versions/A/SharedFileList
0x0000000192d58000 	/usr/lib/libapple_nghttp2.dylib
0x000000018c051000 	/usr/lib/libsqlite3.dylib
0x0000000196d98000 	/System/Library/Frameworks/GSS.framework/Versions/A/GSS
0x000000018c387000 	/System/Library/PrivateFrameworks/RunningBoardServices.framework/Versions/A/RunningBoardServices
0x000000018c47e000 	/System/Library/Frameworks/Network.framework/Versions/A/Network
0x0000000192b0f000 	/usr/lib/system/libkxld.dylib
0x000000022e7b5000 	/System/Library/PrivateFrameworks/AppleKeyStore.framework/Versions/A/AppleKeyStore
0x000000026beac000 	/usr/lib/libCoreEntitlements.dylib
0x0000000249880000 	/System/Library/PrivateFrameworks/MessageSecurity.framework/Versions/A/MessageSecurity
0x000000018c036000 	/System/Library/PrivateFrameworks/ProtocolBuffer.framework/Versions/A/ProtocolBuffer
0x0000000192634000 	/System/Library/PrivateFrameworks/AppleFSCompression.framework/Versions/A/AppleFSCompression
0x0000000191f46000 	/usr/lib/libcoretls.dylib
0x000000019414f000 	/usr/lib/libcoretls_cfhelpers.dylib
0x0000000192d9b000 	/usr/lib/libpam.2.dylib
0x00000001941c3000 	/usr/lib/libxar.1.dylib
0x0000000192bca000 	/usr/lib/libarchive.2.dylib
0x000000019849b000 	/System/Library/Frameworks/Combine.framework/Versions/A/Combine
0x0000000232a2e000 	/System/Library/PrivateFrameworks/CollectionsInternal.framework/Versions/A/CollectionsInternal
0x00000002528e0000 	/System/Library/PrivateFrameworks/ReflectionInternal.framework/Versions/A/ReflectionInternal
0x00000002535b7000 	/System/Library/PrivateFrameworks/RuntimeInternal.framework/Versions/A/RuntimeInternal
0x000000026d0db000 	/usr/lib/swift/libswiftSystem.dylib
0x0000000190f35000 	/System/Library/PrivateFrameworks/AppleSystemInfo.framework/Versions/A/AppleSystemInfo
0x00000001ad776000 	/System/Library/PrivateFrameworks/LoggingSupport.framework/Versions/A/LoggingSupport
0x000000019b55a000 	/System/Library/PrivateFrameworks/PowerLog.framework/Versions/A/PowerLog
0x00000001eb2f2000 	/System/Library/Frameworks/SwiftData.framework/Versions/A/SwiftData
0x000000018e357000 	/System/Library/PrivateFrameworks/UserManagement.framework/Versions/A/UserManagement
0x000000018a3e5000 	/usr/lib/libboringssl.dylib
0x000000018c464000 	/usr/lib/libdns_services.dylib
0x00000001ac925000 	/usr/lib/libquic.dylib
0x0000000196043000 	/usr/lib/libusrtcp.dylib
0x00000001d1266000 	/System/Library/PrivateFrameworks/InternalSwiftProtobuf.framework/Versions/A/InternalSwiftProtobuf
0x000000026d038000 	/usr/lib/swift/libswiftDistributed.dylib
0x000000026d0d1000 	/usr/lib/swift/libswiftSynchronization.dylib
0x000000018a4b6000 	/usr/lib/libnetwork.dylib
0x00000001be426000 	/System/Library/PrivateFrameworks/OSAnalytics.framework/Versions/A/OSAnalytics
0x0000000192d33000 	/System/Library/PrivateFrameworks/AppleSauce.framework/Versions/A/AppleSauce
0x000000019c82f000 	/System/Library/PrivateFrameworks/CoreSymbolication.framework/Versions/A/CoreSymbolication
0x00000001ccf2f000 	/System/Library/PrivateFrameworks/Symbolication.framework/Versions/A/Symbolication
0x000000019c80b000 	/System/Library/PrivateFrameworks/DebugSymbols.framework/Versions/A/DebugSymbols
0x000000026bd77000 	/usr/lib/libAppleArchive.dylib
0x0000000192640000 	/usr/lib/libbz2.1.0.dylib
0x0000000194130000 	/usr/lib/liblzma.5.dylib
0x0000000191c32000 	/System/Library/PrivateFrameworks/IOMobileFramebuffer.framework/Versions/A/IOMobileFramebuffer
0x00000001ad7ff000 	/System/Library/PrivateFrameworks/MallocStackLogging.framework/Versions/A/MallocStackLogging
0x000000019431e000 	/System/Library/PrivateFrameworks/CrashReporterSupport.framework/Versions/A/CrashReporterSupport
0x00000001859d1000 	/System/Library/PrivateFrameworks/Lexicon.framework/Versions/A/Lexicon
0x0000000241bc0000 	/System/Library/PrivateFrameworks/IO80211.framework/Versions/A/IO80211
0x000000019c331000 	/System/Library/PrivateFrameworks/FrontBoardServices.framework/Versions/A/FrontBoardServices
0x0000000191e6e000 	/System/Library/Frameworks/SecurityFoundation.framework/Versions/A/SecurityFoundation
0x0000000191fd0000 	/usr/lib/libgermantok.dylib
0x0000000191059000 	/System/Library/PrivateFrameworks/LinguisticData.framework/Versions/A/LinguisticData
0x000000018c2a2000 	/System/Library/PrivateFrameworks/BaseBoard.framework/Versions/A/BaseBoard
0x000000019c3fe000 	/System/Library/PrivateFrameworks/BoardServices.framework/Versions/A/BoardServices
0x0000000191e5f000 	/System/Library/PrivateFrameworks/AssertionServices.framework/Versions/A/AssertionServices
0x000000019e04e000 	/System/Library/PrivateFrameworks/BackBoardServices.framework/Versions/A/BackBoardServices
0x000000019010d000 	/System/Library/PrivateFrameworks/FontServices.framework/libFontParser.dylib
0x000000018a930000 	/System/Library/PrivateFrameworks/TCC.framework/Versions/A/TCC
0x00000001a1a46000 	/System/Library/PrivateFrameworks/IOSurfaceAccelerator.framework/Versions/A/IOSurfaceAccelerator
0x0000000194c09000 	/System/Library/PrivateFrameworks/WatchdogClient.framework/Versions/A/WatchdogClient
0x0000000186f1c000 	/System/Library/Frameworks/CoreDisplay.framework/Versions/A/CoreDisplay
0x000000018ffb1000 	/System/Library/Frameworks/CoreMedia.framework/Versions/A/CoreMedia
0x000000018fd0c000 	/System/Library/PrivateFrameworks/IOAccelerator.framework/Versions/A/IOAccelerator
0x000000018e2b6000 	/System/Library/Frameworks/CoreVideo.framework/Versions/A/CoreVideo
0x0000000192d99000 	/System/Library/Frameworks/MetalPerformanceShaders.framework/Versions/A/MetalPerformanceShaders
0x0000000251c1e000 	/System/Library/PrivateFrameworks/ProDisplayLibrary.framework/Versions/A/ProDisplayLibrary
0x0000000194c51000 	/System/Library/Frameworks/VideoToolbox.framework/Versions/A/VideoToolbox
0x0000000190f33000 	/System/Library/PrivateFrameworks/AggregateDictionary.framework/Versions/A/AggregateDictionary
0x0000000194151000 	/System/Library/PrivateFrameworks/APFS.framework/Versions/A/APFS
0x00000001941d2000 	/usr/lib/libutil.dylib
0x000000025cb43000 	/System/Library/PrivateFrameworks/SwiftASN1Internal.framework/Versions/A/SwiftASN1Internal
0x000000018d64f000 	/System/Library/Frameworks/Accelerate.framework/Versions/A/Frameworks/vImage.framework/Versions/A/vImage
0x000000019a57b000 	/System/Library/Frameworks/Accelerate.framework/Versions/A/Frameworks/vecLib.framework/Versions/A/vecLib
0x000000019420a000 	/System/Library/Frameworks/Accelerate.framework/Versions/A/Frameworks/vecLib.framework/Versions/A/libvMisc.dylib
0x000000018533d000 	/System/Library/Frameworks/Accelerate.framework/Versions/A/Frameworks/vecLib.framework/Versions/A/libBLAS.dylib
0x000000019696f000 	/System/Library/Frameworks/ApplicationServices.framework/Versions/A/Frameworks/ATS.framework/Versions/A/ATS
0x000000018b761000 	/System/Library/Frameworks/ApplicationServices.framework/Versions/A/Frameworks/HIServices.framework/Versions/A/HIServices
0x0000000195228000 	/System/Library/Frameworks/ApplicationServices.framework/Versions/A/Frameworks/PrintCore.framework/Versions/A/PrintCore
0x0000000196d62000 	/System/Library/Frameworks/ApplicationServices.framework/Versions/A/Frameworks/QD.framework/Versions/A/QD
0x0000000196d59000 	/System/Library/Frameworks/ApplicationServices.framework/Versions/A/Frameworks/ColorSyncLegacy.framework/Versions/A/ColorSyncLegacy
0x0000000196941000 	/System/Library/Frameworks/ApplicationServices.framework/Versions/A/Frameworks/SpeechSynthesis.framework/Versions/A/SpeechSynthesis
0x0000000191bff000 	/System/Library/PrivateFrameworks/CoreEmoji.framework/Versions/A/CoreEmoji
0x0000000238c85000 	/System/Library/PrivateFrameworks/FontServices.framework/Versions/A/FontServices
0x0000000194757000 	/System/Library/PrivateFrameworks/OTSVG.framework/Versions/A/OTSVG
0x000000018de33000 	/System/Library/Frameworks/ApplicationServices.framework/Versions/A/Frameworks/ATS.framework/Versions/A/Resources/libFontRegistry.dylib
0x000000026c439000 	/usr/lib/libhvf.dylib
0x000000024db24000 	/System/Library/PrivateFrameworks/ParsingInternal.framework/Versions/A/ParsingInternal
0x000000026d081000 	/usr/lib/swift/libswiftRegexBuilder.dylib
0x000000026d209000 	/usr/lib/swift/libswift_RegexParser.dylib
0x0000000194ad2000 	/System/Library/PrivateFrameworks/AppleJPEG.framework/Versions/A/AppleJPEG
0x0000000194573000 	/usr/lib/libexpat.1.dylib
0x00000001950fe000 	/System/Library/Frameworks/ImageIO.framework/Versions/A/Resources/libPng.dylib
0x0000000195129000 	/System/Library/Frameworks/ImageIO.framework/Versions/A/Resources/libTIFF.dylib
0x0000000195213000 	/System/Library/Frameworks/ImageIO.framework/Versions/A/Resources/libGIF.dylib
0x0000000194b18000 	/System/Library/Frameworks/ImageIO.framework/Versions/A/Resources/libJP2.dylib
0x00000001951ba000 	/System/Library/Frameworks/ImageIO.framework/Versions/A/Resources/libJPEG.dylib
0x00000001951b1000 	/System/Library/Frameworks/ImageIO.framework/Versions/A/Resources/libRadiance.dylib
0x000000023d954000 	/System/Library/PrivateFrameworks/GPUCompiler.framework/Versions/32023/Libraries/libllvm-flatbuffers.dylib
0x0000000238d50000 	/System/Library/PrivateFrameworks/FramePacing.framework/Versions/A/FramePacing
0x00000001e4de0000 	/System/Library/Frameworks/OpenGL.framework/Versions/A/Libraries/libCoreFSCache.dylib
0x00000002398c5000 	/System/Library/PrivateFrameworks/GPUCompiler.framework/Versions/32023/Libraries/libGPUCompilerUtils.dylib
0x0000000238c86000 	/System/Library/PrivateFrameworks/FontServices.framework/libXTFontStaticRegistryData.dylib
0x000000019fe5e000 	/System/Library/PrivateFrameworks/ASEProcessing.framework/Versions/A/ASEProcessing
0x0000000250d8b000 	/System/Library/PrivateFrameworks/PhotosensitivityProcessing.framework/Versions/A/PhotosensitivityProcessing
0x000000019474b000 	/System/Library/PrivateFrameworks/GraphVisualizer.framework/Versions/A/GraphVisualizer
0x00000001e4e3e000 	/System/Library/Frameworks/OpenGL.framework/Versions/A/Libraries/libGLU.dylib
0x00000001e4e02000 	/System/Library/Frameworks/OpenGL.framework/Versions/A/Libraries/libGFXShared.dylib
0x00000001e4fca000 	/System/Library/Frameworks/OpenGL.framework/Versions/A/Libraries/libGL.dylib
0x00000001e4e0b000 	/System/Library/Frameworks/OpenGL.framework/Versions/A/Libraries/libGLImage.dylib
0x00000001e4dff000 	/System/Library/Frameworks/OpenGL.framework/Versions/A/Libraries/libCVMSPluginSupport.dylib
0x00000001e4de8000 	/System/Library/Frameworks/OpenGL.framework/Versions/A/Libraries/libCoreVMClient.dylib
0x0000000190e77000 	/System/Library/Frameworks/MetalPerformanceShaders.framework/Versions/A/Frameworks/MPSCore.framework/Versions/A/MPSCore
0x000000019259f000 	/System/Library/Frameworks/MetalPerformanceShaders.framework/Versions/A/Frameworks/MPSImage.framework/Versions/A/MPSImage
0x0000000191fe8000 	/System/Library/Frameworks/MetalPerformanceShaders.framework/Versions/A/Frameworks/MPSNeuralNetwork.framework/Versions/A/MPSNeuralNetwork
0x000000019241f000 	/System/Library/Frameworks/MetalPerformanceShaders.framework/Versions/A/Frameworks/MPSMatrix.framework/Versions/A/MPSMatrix
0x0000000192234000 	/System/Library/Frameworks/MetalPerformanceShaders.framework/Versions/A/Frameworks/MPSRayIntersector.framework/Versions/A/MPSRayIntersector
0x0000000192451000 	/System/Library/Frameworks/MetalPerformanceShaders.framework/Versions/A/Frameworks/MPSNDArray.framework/Versions/A/MPSNDArray
0x00000001e86e0000 	/System/Library/Frameworks/MetalPerformanceShaders.framework/Versions/A/Frameworks/MPSFunctions.framework/Versions/A/MPSFunctions
0x00000001e86c2000 	/System/Library/Frameworks/MetalPerformanceShaders.framework/Versions/A/Frameworks/MPSBenchmarkLoop.framework/Versions/A/MPSBenchmarkLoop
0x00000001851b8000 	/System/Library/PrivateFrameworks/MetalTools.framework/Versions/A/MetalTools
0x00000001b24e8000 	/System/Library/PrivateFrameworks/IOAccelMemoryInfo.framework/Versions/A/IOAccelMemoryInfo
0x00000001bfbe4000 	/System/Library/PrivateFrameworks/kperf.framework/Versions/A/kperf
0x00000001ad866000 	/System/Library/PrivateFrameworks/GPURawCounter.framework/Versions/A/GPURawCounter
0x00000001951e5000 	/System/Library/Frameworks/ApplicationServices.framework/Versions/A/Frameworks/ATSUI.framework/Versions/A/ATSUI
0x0000000196ced000 	/usr/lib/libcups.2.dylib
0x0000000196d87000 	/System/Library/Frameworks/Kerberos.framework/Versions/A/Kerberos
0x00000001969ed000 	/usr/lib/libresolv.9.dylib
0x0000000192baf000 	/usr/lib/libiconv.2.dylib
0x00000001947a9000 	/System/Library/PrivateFrameworks/Heimdal.framework/Versions/A/Heimdal
0x000000019ec72000 	/System/Library/Frameworks/Kerberos.framework/Versions/A/Libraries/libHeimdalProxy.dylib
0x000000019458e000 	/usr/lib/libheimdal-asn1.dylib
0x000000018e119000 	/System/Library/Frameworks/OpenDirectory.framework/Versions/A/OpenDirectory
0x0000000196dea000 	/System/Library/PrivateFrameworks/CommonAuth.framework/Versions/A/CommonAuth
0x000000018e127000 	/System/Library/Frameworks/OpenDirectory.framework/Versions/A/Frameworks/CFOpenDirectory.framework/Versions/A/CFOpenDirectory
0x0000000192b0a000 	/usr/lib/libcharset.1.dylib
0x00000001e5366000 	/System/Library/Frameworks/AVFAudio.framework/Versions/A/AVFAudio
0x00000001a7152000 	/System/Library/PrivateFrameworks/AXCoreUtilities.framework/Versions/A/AXCoreUtilities
0x00000002454f8000 	/System/Library/PrivateFrameworks/IsolatedCoreAudioClient.framework/Versions/A/IsolatedCoreAudioClient
0x0000000196928000 	/usr/lib/libAudioStatistics.dylib
0x000000018ff89000 	/System/Library/PrivateFrameworks/caulk.framework/Versions/A/caulk
0x000000018703d000 	/System/Library/PrivateFrameworks/AudioToolboxCore.framework/Versions/A/AudioToolboxCore
0x00000001a0f68000 	/System/Library/Frameworks/CoreMIDI.framework/Versions/A/CoreMIDI
0x00000001968ca000 	/System/Library/PrivateFrameworks/AudioSession.framework/Versions/A/AudioSession
0x0000000198203000 	/System/Library/Frameworks/IOBluetooth.framework/Versions/A/IOBluetooth
0x0000000194678000 	/System/Library/PrivateFrameworks/MediaExperience.framework/Versions/A/MediaExperience
0x000000025f607000 	/System/Library/PrivateFrameworks/Tightbeam.framework/Versions/A/Tightbeam
0x00000002334eb000 	/System/Library/PrivateFrameworks/CoreAudioOrchestration.framework/Versions/A/CoreAudioOrchestration
0x00000001c451c000 	/System/Library/PrivateFrameworks/AFKUser.framework/Versions/A/AFKUser
0x00000001ad86a000 	/usr/lib/swift/libswiftCoreAudio.dylib
0x0000000194798000 	/System/Library/PrivateFrameworks/AppServerSupport.framework/Versions/A/AppServerSupport
0x0000000196d6b000 	/System/Library/PrivateFrameworks/perfdata.framework/Versions/A/perfdata
0x00000001aca1e000 	/System/Library/PrivateFrameworks/SystemPolicy.framework/Versions/A/SystemPolicy
0x0000000196c0c000 	/usr/lib/libSMC.dylib
0x00000001950c8000 	/usr/lib/libAudioToolboxUtility.dylib
0x0000000196d79000 	/usr/lib/libperfcheck.dylib
0x000000022f333000 	/System/Library/PrivateFrameworks/AudioAnalytics.framework/Versions/A/AudioAnalytics
0x00000001d102d000 	/System/Library/Frameworks/OSLog.framework/Versions/A/OSLog
0x00000001ad831000 	/usr/lib/libmis.dylib
0x00000001966d8000 	/System/Library/PrivateFrameworks/AudioSession.framework/libSessionUtility.dylib
0x0000000195219000 	/System/Library/PrivateFrameworks/CMCaptureCore.framework/Versions/A/CMCaptureCore
0x00000001e6a0f000 	/System/Library/Frameworks/ExtensionFoundation.framework/Versions/A/ExtensionFoundation
0x000000019c93c000 	/System/Library/PrivateFrameworks/CoreTime.framework/Versions/A/CoreTime
0x0000000194472000 	/System/Library/PrivateFrameworks/PlugInKit.framework/Versions/A/PlugInKit
0x000000019b463000 	/System/Library/Frameworks/CoreBluetooth.framework/Versions/A/CoreBluetooth
0x000000019ec73000 	/System/Library/Frameworks/AudioUnit.framework/Versions/A/AudioUnit
0x0000000191cc3000 	/System/Library/PrivateFrameworks/CoreUtils.framework/Versions/A/CoreUtils
0x000000023649e000 	/System/Library/PrivateFrameworks/CoreUtilsExtras.framework/Versions/A/CoreUtilsExtras
0x000000019a89c000 	/System/Library/Frameworks/MediaAccessibility.framework/Versions/A/MediaAccessibility
0x00000001b5e88000 	/System/Library/PrivateFrameworks/AttributeGraph.framework/Versions/A/AttributeGraph
0x000000026bcf5000 	/usr/lib/libAXSafeCategoryBundle.dylib
0x00000001a720e000 	/usr/lib/libAccessibility.dylib
0x0000000191b0d000 	/System/Library/Frameworks/Accelerate.framework/Versions/A/Frameworks/vecLib.framework/Versions/A/libvDSP.dylib
0x0000000192e77000 	/System/Library/Frameworks/Accelerate.framework/Versions/A/Frameworks/vecLib.framework/Versions/A/libLAPACK.dylib
0x0000000191fd3000 	/System/Library/Frameworks/Accelerate.framework/Versions/A/Frameworks/vecLib.framework/Versions/A/libLinearAlgebra.dylib
0x0000000192d72000 	/System/Library/Frameworks/Accelerate.framework/Versions/A/Frameworks/vecLib.framework/Versions/A/libSparseBLAS.dylib
0x0000000192e72000 	/System/Library/Frameworks/Accelerate.framework/Versions/A/Frameworks/vecLib.framework/Versions/A/libQuadrature.dylib
0x0000000191060000 	/System/Library/Frameworks/Accelerate.framework/Versions/A/Frameworks/vecLib.framework/Versions/A/libBNNS.dylib
0x0000000185ade000 	/System/Library/Frameworks/Accelerate.framework/Versions/A/Frameworks/vecLib.framework/Versions/A/libSparse.dylib
0x0000000246c6f000 	/System/Library/PrivateFrameworks/MIL.framework/Versions/A/MIL
0x00000001951ac000 	/System/Library/PrivateFrameworks/GPUWrangler.framework/Versions/A/GPUWrangler
0x000000019518c000 	/System/Library/PrivateFrameworks/IOPresentment.framework/Versions/A/IOPresentment
0x00000001951b4000 	/System/Library/PrivateFrameworks/DSExternalDisplay.framework/Versions/A/DSExternalDisplay
0x00000001d1434000 	/System/Library/PrivateFrameworks/HIDDisplay.framework/Versions/A/HIDDisplay
0x00000001a642c000 	/System/Library/PrivateFrameworks/HID.framework/Versions/A/HID
0x0000000262e49000 	/System/Library/PrivateFrameworks/VideoToolboxParavirtualizationSupport.framework/Versions/A/VideoToolboxParavirtualizationSupport
0x000000019452a000 	/System/Library/PrivateFrameworks/AppleVA.framework/Versions/A/AppleVA
0x000000019c4ab000 	/System/Library/PrivateFrameworks/GraphicsServices.framework/Versions/A/GraphicsServices
0x0000000196f5d000 	/System/Library/PrivateFrameworks/CorePhoneNumbers.framework/Versions/A/CorePhoneNumbers
0x000000019b64b000 	/System/Library/PrivateFrameworks/MediaKit.framework/Versions/A/MediaKit
0x000000019b596000 	/System/Library/Frameworks/DiscRecording.framework/Versions/A/DiscRecording
0x0000000196d4c000 	/System/Library/PrivateFrameworks/NetAuth.framework/Versions/A/NetAuth
0x000000018e317000 	/System/Library/PrivateFrameworks/login.framework/Versions/A/Frameworks/loginsupport.framework/Versions/A/loginsupport
0x0000000194598000 	/System/Library/PrivateFrameworks/IconFoundation.framework/Versions/A/IconFoundation
0x0000000194315000 	/usr/lib/libIOReport.dylib
0x000000022ef43000 	/System/Library/PrivateFrameworks/AppleMobileFileIntegrity.framework/Versions/A/AppleMobileFileIntegrity
0x000000026c0b7000 	/usr/lib/libTLE.dylib
0x00000001e1e3c000 	/System/Library/PrivateFrameworks/ConfigProfileHelper.framework/Versions/A/ConfigProfileHelper
0x0000000191f70000 	/usr/lib/libmecab.dylib
0x0000000185c6e000 	/usr/lib/libCRFSuite.dylib
0x0000000190f3c000 	/System/Library/PrivateFrameworks/CoreNLP.framework/Versions/A/CoreNLP
0x0000000192d2a000 	/usr/lib/libThaiTokenizer.dylib
0x0000000191f3a000 	/usr/lib/libCheckFix.dylib
0x000000018d55a000 	/System/Library/PrivateFrameworks/MetadataUtilities.framework/Versions/A/MetadataUtilities
0x00000002424a4000 	/System/Library/PrivateFrameworks/InstalledContentLibrary.framework/Versions/A/InstalledContentLibrary
0x000000018875a000 	/System/Library/PrivateFrameworks/CoreServicesStore.framework/Versions/A/CoreServicesStore
0x00000001bfcee000 	/System/Library/PrivateFrameworks/MobileSystemServices.framework/Versions/A/MobileSystemServices
0x00000001941d6000 	/usr/lib/libxslt.1.dylib
0x0000000191efd000 	/System/Library/PrivateFrameworks/BackgroundTaskManagement.framework/Versions/A/BackgroundTaskManagement
0x000000019e3d2000 	/usr/lib/libcurl.4.dylib
0x000000026c2eb000 	/usr/lib/libcrypto.46.dylib
0x000000026ce15000 	/usr/lib/libssl.48.dylib
0x000000019e0aa000 	/System/Library/Frameworks/LDAP.framework/Versions/A/LDAP
0x000000019e0e6000 	/System/Library/PrivateFrameworks/TrustEvaluationAgent.framework/Versions/A/TrustEvaluationAgent
0x0000000196a0a000 	/usr/lib/libsasl2.2.dylib
0x00000001aabf3000 	/usr/lib/swift/libswiftCoreGraphics.dylib
0x000000019aecb000 	/usr/lib/swift/libswiftFoundation.dylib
0x00000001e18c6000 	/usr/lib/swift/libswiftSwiftOnoneSupport.dylib
0x00000001cd6e0000 	/System/Library/PrivateFrameworks/CoreMaterial.framework/Versions/A/CoreMaterial
0x00000002536ae000 	/System/Library/PrivateFrameworks/SFSymbols.framework/Versions/A/SFSymbols
0x000000019a196000 	/System/Library/PrivateFrameworks/SpeechRecognitionCore.framework/Versions/A/SpeechRecognitionCore
0x0000000109020000 	/Documents/curseforge/minecraft/Install/runtime/java-runtime-gamma/mac-os-arm64/java-runtime-gamma/jre.bundle/Contents/Home/lib/server/libjvm.dylib
0x0000000100b6c000 	/Documents/curseforge/minecraft/Install/runtime/java-runtime-gamma/mac-os-arm64/java-runtime-gamma/jre.bundle/Contents/Home/lib/libjimage.dylib
0x0000000100bfc000 	/Documents/curseforge/minecraft/Install/runtime/java-runtime-gamma/mac-os-arm64/java-runtime-gamma/jre.bundle/Contents/Home/lib/libjava.dylib
0x0000000100c60000 	/Documents/curseforge/minecraft/Install/runtime/java-runtime-gamma/mac-os-arm64/java-runtime-gamma/jre.bundle/Contents/Home/lib/libzip.dylib
0x000000010f200000 	/Documents/curseforge/minecraft/Install/runtime/java-runtime-gamma/mac-os-arm64/java-runtime-gamma/jre.bundle/Contents/Home/lib/libnio.dylib
0x000000010f224000 	/Documents/curseforge/minecraft/Install/runtime/java-runtime-gamma/mac-os-arm64/java-runtime-gamma/jre.bundle/Contents/Home/lib/libnet.dylib
0x0000000109000000 	/Documents/curseforge/minecraft/Install/runtime/java-runtime-gamma/mac-os-arm64/java-runtime-gamma/jre.bundle/Contents/Home/lib/libverify.dylib
0x0000000100c8c000 	/Documents/curseforge/minecraft/Install/runtime/java-runtime-gamma/mac-os-arm64/java-runtime-gamma/jre.bundle/Contents/Home/lib/libmanagement.dylib
0x000000010f24c000 	/Documents/curseforge/minecraft/Install/runtime/java-runtime-gamma/mac-os-arm64/java-runtime-gamma/jre.bundle/Contents/Home/lib/libmanagement_ext.dylib
0x000000010f2ac000 	/Documents/curseforge/minecraft/Install/bin/3f433badf8ea9e0531575e783a5c0538ec9ce27a/liblwjgl.dylib
0x000000011f400000 	/Documents/curseforge/minecraft/Install/bin/3f433badf8ea9e0531575e783a5c0538ec9ce27a/libglfw.dylib
0x000000011f43c000 	/Documents/curseforge/minecraft/Install/bin/3f433badf8ea9e0531575e783a5c0538ec9ce27a/libjemalloc.dylib
0x000000018dfde000 	/System/Library/PrivateFrameworks/ViewBridge.framework/Versions/A/ViewBridge
0x000000026bcf9000 	/usr/lib/libAccessibilityBaseImplementations.dylib
0x000000012773c000 	/usr/lib/libobjc-trampolines.dylib
0x000000026641f000 	/System/Library/PrivateFrameworks/WritingToolsUI.framework/Versions/A/WritingToolsUI
0x000000023eaaf000 	/System/Library/PrivateFrameworks/GenerativeAssistantSettings.framework/Versions/A/GenerativeAssistantSettings
0x000000025d849000 	/System/Library/PrivateFrameworks/TextComposer.framework/Versions/A/TextComposer
0x00000001ad892000 	/usr/lib/swift/libswiftIntents.dylib
0x000000026d093000 	/usr/lib/swift/libswiftSpatial.dylib
0x00000001e54bf000 	/System/Library/Frameworks/AppIntents.framework/Versions/A/AppIntents
0x00000001b4760000 	/System/Library/Frameworks/SwiftUI.framework/Versions/A/SwiftUI
0x00000001aaccf000 	/System/Library/Frameworks/WebKit.framework/Versions/A/WebKit
0x000000022a45a000 	/System/Library/Frameworks/_AuthenticationServices_SwiftUI.framework/Versions/A/_AuthenticationServices_SwiftUI
0x000000022d03a000 	/System/Library/PrivateFrameworks/Anvil.framework/Versions/A/Anvil
0x00000001b3dd5000 	/System/Library/PrivateFrameworks/AppStoreDaemon.framework/Versions/A/AppStoreDaemon
0x00000001a1183000 	/System/Library/PrivateFrameworks/AppleMediaServices.framework/Versions/A/AppleMediaServices
0x00000001b0854000 	/System/Library/PrivateFrameworks/AppleMediaServicesUI.framework/Versions/A/AppleMediaServicesUI
0x000000023ea89000 	/System/Library/PrivateFrameworks/GenerativeAssistantCommon.framework/Versions/A/GenerativeAssistantCommon
0x00000001e0edf000 	/System/Library/PrivateFrameworks/JetEngine.framework/Versions/A/JetEngine
0x00000002465d0000 	/System/Library/PrivateFrameworks/LinkMetadata.framework/Versions/A/LinkMetadata
0x00000001ae114000 	/System/Library/PrivateFrameworks/OnBoardingKit.framework/Versions/A/OnBoardingKit
0x0000000254529000 	/System/Library/PrivateFrameworks/Settings.framework/Versions/A/Settings
0x000000019297a000 	/System/Library/Frameworks/CoreSpotlight.framework/Versions/A/CoreSpotlight
0x0000000246811000 	/System/Library/PrivateFrameworks/LinkServices.framework/Versions/A/LinkServices
0x000000023712e000 	/System/Library/PrivateFrameworks/DoNotDisturb.framework/Versions/A/DoNotDisturb
0x00000001b25f8000 	/System/Library/PrivateFrameworks/IntentsCore.framework/Versions/A/IntentsCore
0x000000022f720000 	/System/Library/PrivateFrameworks/AvailabilityKit.framework/Versions/A/AvailabilityKit
0x000000022d28a000 	/System/Library/PrivateFrameworks/AppIntentSchemas.framework/Versions/A/AppIntentSchemas
0x000000025c35f000 	/System/Library/PrivateFrameworks/StatusKit.framework/Versions/A/StatusKit
0x000000025285b000 	/System/Library/PrivateFrameworks/RecapPerformanceTesting.framework/Versions/A/RecapPerformanceTesting
0x00000001ae104000 	/System/Library/PrivateFrameworks/SignpostCollection.framework/Versions/A/SignpostCollection
0x000000026c0b6000 	/usr/lib/libSpatial.dylib
0x00000001a0b79000 	/System/Library/Frameworks/WebKit.framework/Versions/A/Frameworks/WebKitLegacy.framework/Versions/A/WebKitLegacy
0x00000001ac441000 	/System/Library/Frameworks/Carbon.framework/Versions/A/Carbon
0x000000019eabf000 	/System/Library/PrivateFrameworks/CorePrediction.framework/Versions/A/CorePrediction
0x000000018efd0000 	/System/Library/Frameworks/WebKit.framework/Versions/A/Frameworks/WebCore.framework/Versions/A/Frameworks/libwebrtc.dylib
0x00000001aac5b000 	/System/Library/PrivateFrameworks/SafariSafeBrowsing.framework/Versions/A/SafariSafeBrowsing
0x0000000196a93000 	/System/Library/Frameworks/SecurityInterface.framework/Versions/A/SecurityInterface
0x00000001ae113000 	/System/Library/PrivateFrameworks/WebInspectorUI.framework/Versions/A/WebInspectorUI
0x00000001a347e000 	/System/Library/Frameworks/JavaScriptCore.framework/Versions/A/JavaScriptCore
0x00000001a723f000 	/System/Library/Frameworks/WebKit.framework/Versions/A/Frameworks/WebCore.framework/Versions/A/WebCore
0x00000001a3477000 	/System/Library/Frameworks/Carbon.framework/Versions/A/Frameworks/CommonPanels.framework/Versions/A/CommonPanels
0x000000019e3bd000 	/System/Library/Frameworks/Carbon.framework/Versions/A/Frameworks/Help.framework/Versions/A/Help
0x00000001a347b000 	/System/Library/Frameworks/Carbon.framework/Versions/A/Frameworks/ImageCapture.framework/Versions/A/ImageCapture
0x00000001a3457000 	/System/Library/Frameworks/Carbon.framework/Versions/A/Frameworks/OpenScripting.framework/Versions/A/OpenScripting
0x00000001a3476000 	/System/Library/Frameworks/Carbon.framework/Versions/A/Frameworks/Ink.framework/Versions/A/Ink
0x00000001a3473000 	/System/Library/Frameworks/Carbon.framework/Versions/A/Frameworks/SecurityHI.framework/Versions/A/SecurityHI
0x00000001e5e9d000 	/System/Library/Frameworks/BrowserEngineCore.framework/Versions/A/BrowserEngineCore
0x0000000229fb8000 	/System/Library/Frameworks/WebKit.framework/Versions/A/Frameworks/WebCore.framework/Versions/A/Frameworks/libANGLE-shared.dylib
0x0000000265016000 	/System/Library/PrivateFrameworks/WebGPU.framework/Versions/A/WebGPU
0x00000001afee6000 	/System/Library/Frameworks/SceneKit.framework/Versions/A/SceneKit
0x00000001c0515000 	/System/Library/Frameworks/ModelIO.framework/Versions/A/ModelIO
0x00000001983ce000 	/System/Library/Frameworks/MetalKit.framework/Versions/A/MetalKit
0x000000019a4ad000 	/System/Library/Frameworks/GLKit.framework/Versions/A/GLKit
0x000000026d5cc000 	/usr/lib/usd/libusd_ms.dylib
0x000000026165e000 	/System/Library/PrivateFrameworks/USDLib_FormatLoaderProxy.framework/Versions/A/USDLib_FormatLoaderProxy
0x00000001ad31a000 	/System/Library/PrivateFrameworks/CoreOptimization.framework/Versions/A/CoreOptimization
0x000000022f5f3000 	/System/Library/PrivateFrameworks/AuthenticationServicesCore.framework/Versions/A/AuthenticationServicesCore
0x00000001b7077000 	/System/Library/Frameworks/AuthenticationServices.framework/Versions/A/AuthenticationServices
0x000000019444e000 	/System/Library/PrivateFrameworks/SharedWebCredentials.framework/Versions/A/SharedWebCredentials
0x00000001aef50000 	/System/Library/PrivateFrameworks/SafariCore.framework/Versions/A/SafariCore
0x00000001b6bcf000 	/System/Library/PrivateFrameworks/SafariFoundation.framework/Versions/A/SafariFoundation
0x000000023075d000 	/System/Library/PrivateFrameworks/CBORLibrary.framework/Versions/A/CBORLibrary
0x0000000231505000 	/System/Library/PrivateFrameworks/Chirp.framework/Versions/A/Chirp
0x00000001e2171000 	/System/Library/PrivateFrameworks/RemoteManagement.framework/Versions/A/RemoteManagement
0x0000000252bb1000 	/System/Library/PrivateFrameworks/RemoteManagementModel.framework/Versions/A/RemoteManagementModel
0x0000000252c3e000 	/System/Library/PrivateFrameworks/RemoteManagementStore.framework/Versions/A/RemoteManagementStore
0x00000001983ec000 	/usr/lib/libxcselect.dylib
0x00000001b6b3e000 	/System/Library/PrivateFrameworks/DifferentialPrivacy.framework/Versions/A/DifferentialPrivacy
0x000000019b17c000 	/System/Library/Frameworks/Contacts.framework/Versions/A/Contacts
0x0000000261e82000 	/System/Library/PrivateFrameworks/VDAF.framework/Versions/A/VDAF
0x000000019af99000 	/System/Library/PrivateFrameworks/ContactsPersistence.framework/Versions/A/ContactsPersistence
0x000000019a1b0000 	/System/Library/PrivateFrameworks/AppleLDAP.framework/Versions/A/AppleLDAP
0x000000019e766000 	/System/Library/Frameworks/ClassKit.framework/Versions/A/ClassKit
0x00000001a08a5000 	/System/Library/PrivateFrameworks/CoreSuggestions.framework/Versions/A/CoreSuggestions
0x000000019aecc000 	/System/Library/PrivateFrameworks/ContactsFoundation.framework/Versions/A/ContactsFoundation
0x000000019c46d000 	/System/Library/PrivateFrameworks/vCard.framework/Versions/A/vCard
0x0000000232d28000 	/System/Library/PrivateFrameworks/ContactsMetrics.framework/Versions/A/ContactsMetrics
0x000000019486a000 	/System/Library/PrivateFrameworks/login.framework/Versions/A/login
0x0000000248959000 	/System/Library/PrivateFrameworks/ManagedOrganizationContacts.framework/Versions/A/ManagedOrganizationContacts
0x000000018e73c000 	/System/Library/PrivateFrameworks/CloudDocs.framework/Versions/A/CloudDocs
0x000000019fe94000 	/System/Library/PrivateFrameworks/ConfigurationProfiles.framework/Versions/A/ConfigurationProfiles
0x00000002366ae000 	/System/Library/PrivateFrameworks/DMCUtilities.framework/Versions/A/DMCUtilities
0x0000000246bec000 	/System/Library/PrivateFrameworks/MDMClientLibrary.framework/Versions/A/MDMClientLibrary
0x0000000252c32000 	/System/Library/PrivateFrameworks/RemoteManagementProtocol.framework/Versions/A/RemoteManagementProtocol
0x000000026bec2000 	/usr/lib/libEndpointSecuritySystem.dylib
0x000000019a8d6000 	/System/Library/PrivateFrameworks/SystemAdministration.framework/Versions/A/SystemAdministration
0x00000001a4d84000 	/System/Library/PrivateFrameworks/PowerlogControl.framework/Versions/A/PowerlogControl
0x0000000191f2c000 	/System/Library/Frameworks/ServiceManagement.framework/Versions/A/ServiceManagement
0x00000001a4d86000 	/usr/lib/libUniversalAccess.dylib
0x00000001a1a51000 	/System/Library/PrivateFrameworks/FamilyControls.framework/Versions/A/FamilyControls
0x000000019a161000 	/System/Library/Frameworks/DirectoryService.framework/Versions/A/DirectoryService
0x000000019e454000 	/System/Library/PrivateFrameworks/LoginUIKit.framework/Versions/A/Frameworks/LoginUICore.framework/Versions/A/LoginUICore
0x0000000194a5a000 	/usr/lib/libodfde.dylib
0x00000001a1a4b000 	/System/Library/PrivateFrameworks/UniversalAccess.framework/Versions/A/Libraries/libUAPreferences.dylib
0x00000001a1a75000 	/System/Library/PrivateFrameworks/CommerceKit.framework/Versions/A/Frameworks/CommerceCore.framework/Versions/A/CommerceCore
0x000000023665c000 	/System/Library/PrivateFrameworks/DEPClientLibrary.framework/Versions/A/DEPClientLibrary
0x000000023667c000 	/System/Library/PrivateFrameworks/DMCEnrollmentLibrary.framework/Versions/A/DMCEnrollmentLibrary
0x00000001a4e6a000 	/System/Library/PrivateFrameworks/SetupAssistantFramework.framework/Versions/A/SetupAssistantFramework
0x000000019eb19000 	/System/Library/PrivateFrameworks/AuthKitUI.framework/Versions/A/AuthKitUI
0x000000019e49e000 	/System/Library/PrivateFrameworks/AppSSO.framework/Versions/A/AppSSO
0x00000001b3b3b000 	/System/Library/PrivateFrameworks/LocalAuthenticationUI.framework/Versions/A/LocalAuthenticationUI
0x0000000250df0000 	/System/Library/PrivateFrameworks/PlatformSSO.framework/Versions/A/PlatformSSO
0x00000001b4528000 	/System/Library/PrivateFrameworks/AOSUI.framework/Versions/A/AOSUI
0x00000001a68fb000 	/System/Library/Frameworks/ContactsUI.framework/Versions/A/ContactsUI
0x000000019b3b3000 	/System/Library/PrivateFrameworks/FamilyCircle.framework/Versions/A/FamilyCircle
0x00000001c1bc4000 	/System/Library/Frameworks/LinkPresentation.framework/Versions/A/LinkPresentation
0x0000000250ebc000 	/System/Library/PrivateFrameworks/PlatformSSOCore.framework/Versions/A/PlatformSSOCore
0x00000001a660d000 	/System/Library/PrivateFrameworks/IASUtilities.framework/Versions/A/IASUtilities
0x0000000241af0000 	/System/Library/PrivateFrameworks/IASUtilitiesCore.framework/Versions/A/IASUtilitiesCore
0x0000000246ad4000 	/System/Library/PrivateFrameworks/LocalAuthenticationCoreUI.framework/Versions/A/LocalAuthenticationCoreUI
0x00000001ad5af000 	/System/Library/Frameworks/LocalAuthentication.framework/Support/DaemonUtils.framework/Versions/A/DaemonUtils
0x00000001b081b000 	/System/Library/PrivateFrameworks/BridgeXPC.framework/Versions/A/BridgeXPC
0x000000019488e000 	/System/Library/PrivateFrameworks/CoreBrightness.framework/Versions/A/CoreBrightness
0x00000001ae1ed000 	/System/Library/PrivateFrameworks/CoreKDL.framework/Versions/A/CoreKDL
0x00000001aca17000 	/System/Library/PrivateFrameworks/EmbeddedOSSupportHost.framework/Versions/A/EmbeddedOSSupportHost
0x000000025d072000 	/System/Library/PrivateFrameworks/SystemStatus.framework/Versions/A/SystemStatus
0x00000001bbc9e000 	/System/Library/PrivateFrameworks/StorageKit.framework/Versions/A/StorageKit
0x00000001e37eb000 	/System/Library/Frameworks/DeviceCheck.framework/Versions/A/DeviceCheck
0x00000001e6b16000 	/System/Library/Frameworks/FSKit.framework/Versions/A/FSKit
0x0000000236e4c000 	/System/Library/PrivateFrameworks/DiskImages2.framework/Versions/A/DiskImages2
0x0000000246961000 	/System/Library/PrivateFrameworks/LiveFS.framework/Versions/A/LiveFS
0x0000000269761000 	/System/Library/PrivateFrameworks/icloudMCCKit.framework/Versions/A/icloudMCCKit
0x000000022df88000 	/System/Library/PrivateFrameworks/AppleAccountUI.framework/Versions/A/AppleAccountUI
0x000000023202b000 	/System/Library/PrivateFrameworks/CloudSubscriptionFeatures.framework/Versions/A/CloudSubscriptionFeatures
0x00000001cd6ac000 	/System/Library/PrivateFrameworks/PreferencePanesSupport.framework/Versions/A/PreferencePanesSupport
0x00000001b46d8000 	/System/Library/PrivateFrameworks/FindMyDeviceUI.framework/Versions/A/FindMyDeviceUI
0x0000000267399000 	/System/Library/PrivateFrameworks/iCloudQuotaUI.framework/Versions/A/iCloudQuotaUI
0x00000001cd85f000 	/System/Library/PrivateFrameworks/CoreCDPUI.framework/Versions/A/CoreCDPUI
0x00000001aecb7000 	/System/Library/PrivateFrameworks/CoreFollowUpUI.framework/Versions/A/CoreFollowUpUI
0x0000000196acc000 	/System/Library/PrivateFrameworks/CoreFollowUp.framework/Versions/A/CoreFollowUp
0x00000001baa19000 	/System/Library/PrivateFrameworks/IMCore.framework/Versions/A/IMCore
0x00000001a4dec000 	/System/Library/PrivateFrameworks/CoreCDP.framework/Versions/A/CoreCDP
0x00000001a1175000 	/System/Library/PrivateFrameworks/AskPermission.framework/Versions/A/AskPermission
0x00000001b2573000 	/System/Library/Frameworks/Quartz.framework/Versions/A/Quartz
0x00000001be542000 	/System/Library/PrivateFrameworks/CloudPhotoServicesConfiguration.framework/Versions/A/CloudPhotoServicesConfiguration
0x00000001b0f89000 	/System/Library/PrivateFrameworks/CommerceKit.framework/Versions/A/CommerceKit
0x00000001bfe80000 	/System/Library/PrivateFrameworks/FindMyMac.framework/Versions/A/FindMyMac
0x00000001bfd57000 	/System/Library/Frameworks/PreferencePanes.framework/Versions/A/PreferencePanes
0x00000001b3c33000 	/System/Library/Frameworks/AddressBook.framework/Versions/A/AddressBook
0x00000001a015d000 	/System/Library/PrivateFrameworks/AOSAccounts.framework/Versions/A/AOSAccounts
0x000000019a8d0000 	/System/Library/PrivateFrameworks/AppleSRP.framework/Versions/A/AppleSRP
0x00000001ad4c9000 	/System/Library/Frameworks/SafariServices.framework/Versions/A/SafariServices
0x000000019ec7b000 	/System/Library/PrivateFrameworks/NetFSServer.framework/Versions/A/NetFSServer
0x00000001afdbf000 	/System/Library/Frameworks/PDFKit.framework/Versions/A/PDFKit
0x00000001c0d78000 	/System/Library/PrivateFrameworks/EmailFoundation.framework/Versions/A/EmailFoundation
0x00000001bfdb4000 	/System/Library/PrivateFrameworks/EmailCore.framework/Versions/A/EmailCore
0x00000001c3ba4000 	/System/Library/PrivateFrameworks/EmailAddressing.framework/Versions/A/EmailAddressing
0x00000001c3bb0000 	/System/Library/PrivateFrameworks/Email.framework/Versions/A/Email
0x00000001ec007000 	/System/Library/Frameworks/TabularData.framework/Versions/A/TabularData
0x000000026d073000 	/usr/lib/swift/libswiftPassKit.dylib
0x000000022f862000 	/System/Library/PrivateFrameworks/BackgroundSystemTasks.framework/Versions/A/BackgroundSystemTasks
0x0000000246b63000 	/System/Library/PrivateFrameworks/LockdownMode.framework/Versions/A/LockdownMode
0x000000019b3ad000 	/System/Library/PrivateFrameworks/CommunicationsFilter.framework/Versions/A/CommunicationsFilter
0x00000001d1370000 	/System/Library/Frameworks/PassKit.framework/Versions/A/PassKit
0x00000001a2575000 	/System/Library/PrivateFrameworks/PassKitCore.framework/Versions/A/PassKitCore
0x000000024e3a7000 	/System/Library/PrivateFrameworks/PassKitMacHelperTemp.framework/Versions/A/PassKitMacHelperTemp
0x000000022d2c7000 	/System/Library/PrivateFrameworks/AppIntentsServices.framework/Versions/A/AppIntentsServices
0x000000019fd73000 	/System/Library/PrivateFrameworks/CoreRecents.framework/Versions/A/CoreRecents
0x00000001ad5fc000 	/System/Library/PrivateFrameworks/BiometricKit.framework/Versions/A/BiometricKit
0x00000002535ef000 	/System/Library/PrivateFrameworks/SEService.framework/Versions/A/SEService
0x00000001a0971000 	/System/Library/Frameworks/EventKit.framework/Versions/A/EventKit
0x00000001b2618000 	/System/Library/PrivateFrameworks/NearField.framework/Versions/A/NearField
0x00000001b4350000 	/System/Library/PrivateFrameworks/FTClientServices.framework/Versions/A/FTClientServices
0x00000001cd0cd000 	/System/Library/PrivateFrameworks/DiagnosticRequest.framework/Versions/A/DiagnosticRequest
0x000000026c070000 	/usr/lib/libSESShared.dylib
0x0000000253790000 	/System/Library/PrivateFrameworks/STSXPCHelperClient.framework/Versions/A/STSXPCHelperClient
0x000000025ce45000 	/System/Library/PrivateFrameworks/Symptoms.framework/Versions/A/Frameworks/SymptomPresentationFeed.framework/Versions/A/SymptomPresentationFeed
0x000000022e83b000 	/System/Library/PrivateFrameworks/AppleMediaServicesKitInternal.framework/Versions/A/AppleMediaServicesKitInternal
0x000000025cbc0000 	/System/Library/PrivateFrameworks/SymptomShared.framework/Versions/A/SymptomShared
0x0000000231095000 	/System/Library/PrivateFrameworks/CalendarDatabase.framework/Versions/A/CalendarDatabase
0x0000000230fe9000 	/System/Library/PrivateFrameworks/CalendarDaemon.framework/Versions/A/CalendarDaemon
0x000000019fdc8000 	/System/Library/PrivateFrameworks/CalendarFoundation.framework/Versions/A/CalendarFoundation
0x000000019fd84000 	/System/Library/PrivateFrameworks/iCalendar.framework/Versions/A/iCalendar
0x00000002368e3000 	/System/Library/PrivateFrameworks/DataAccessExpress.framework/Versions/A/DataAccessExpress
0x00000001a649f000 	/System/Library/PrivateFrameworks/CoreDAV.framework/Versions/A/CoreDAV
0x00000001a0846000 	/System/Library/PrivateFrameworks/CalDAV.framework/Versions/A/CalDAV
0x00000001aa9b8000 	/System/Library/PrivateFrameworks/TelephonyUtilities.framework/Versions/A/TelephonyUtilities
0x00000001aed82000 	/System/Library/Frameworks/CallKit.framework/Versions/A/CallKit
0x00000001d69bb000 	/System/Library/PrivateFrameworks/IMTransferServices.framework/Versions/A/IMTransferServices
0x00000001ad334000 	/System/Library/PrivateFrameworks/IncomingCallFilter.framework/Versions/A/IncomingCallFilter
0x000000024bcad000 	/System/Library/PrivateFrameworks/NeighborhoodActivityConduit.framework/Versions/A/NeighborhoodActivityConduit
0x000000026be98000 	/usr/lib/libBASupport.dylib
0x00000001ba7c3000 	/System/Library/PrivateFrameworks/SpotlightReceiver.framework/Versions/A/SpotlightReceiver
0x00000001b3ff1000 	/usr/lib/libnfshared.dylib
0x00000001d3b9e000 	/System/Library/PrivateFrameworks/PassKitUIFoundation.framework/Versions/A/PassKitUIFoundation
0x000000019a1c2000 	/System/Library/Frameworks/MapKit.framework/Versions/A/MapKit
0x00000001e6ada000 	/System/Library/Frameworks/ExtensionKit.framework/Versions/A/ExtensionKit
0x000000023ef12000 	/System/Library/PrivateFrameworks/GeoAnalytics.framework/Versions/A/GeoAnalytics
0x00000001ae342000 	/System/Library/PrivateFrameworks/SearchFoundation.framework/Versions/A/SearchFoundation
0x00000001b4027000 	/System/Library/PrivateFrameworks/Navigation.framework/Versions/A/Navigation
0x00000001bd063000 	/System/Library/PrivateFrameworks/VectorKit.framework/Versions/A/VectorKit
0x00000001a66d5000 	/System/Library/PrivateFrameworks/VirtualGarage.framework/Versions/A/VirtualGarage
0x00000001b41a0000 	/System/Library/Frameworks/ExternalAccessory.framework/ExternalAccessory
0x00000001b41ba000 	/System/Library/PrivateFrameworks/IAP.framework/Versions/A/IAP
0x000000019a475000 	/System/Library/PrivateFrameworks/IOPlatformPluginFamily.framework/Versions/A/IOPlatformPluginFamily
0x000000022f723000 	/System/Library/PrivateFrameworks/AvatarKit.framework/Versions/A/AvatarKit
0x000000022f7db000 	/System/Library/PrivateFrameworks/AvatarPersistence.framework/Versions/A/AvatarPersistence
0x0000000252ca7000 	/System/Library/PrivateFrameworks/RemoteUI.framework/Versions/A/RemoteUI
0x000000019a579000 	/usr/lib/libCTGreenTeaLogger.dylib
0x00000001ec231000 	/System/Library/Frameworks/TipKit.framework/Versions/A/TipKit
0x00000001cf327000 	/System/Library/PrivateFrameworks/AppleCVA.framework/Versions/A/AppleCVA
0x000000022f7da000 	/System/Library/PrivateFrameworks/AvatarKitContent.framework/Versions/A/AvatarKitContent
0x000000019a5a1000 	/System/Library/PrivateFrameworks/CoreAppleCVA.framework/Versions/A/CoreAppleCVA
0x000000024599f000 	/System/Library/PrivateFrameworks/LiftUI.framework/Versions/A/LiftUI
0x0000000231f9a000 	/System/Library/PrivateFrameworks/CloudSettings.framework/Versions/A/CloudSettings
0x00000001acf5e000 	/System/Library/PrivateFrameworks/CoreRoutine.framework/Versions/A/CoreRoutine
0x00000001bb7f3000 	/System/Library/PrivateFrameworks/Categories.framework/Versions/A/Categories
0x000000023249a000 	/System/Library/PrivateFrameworks/Coherence.framework/Versions/A/Coherence
0x00000001aa8b3000 	/System/Library/PrivateFrameworks/CoreParsec.framework/Versions/A/CoreParsec
0x000000024ea36000 	/System/Library/PrivateFrameworks/PegasusAPI.framework/Versions/A/PegasusAPI
0x000000024f704000 	/System/Library/PrivateFrameworks/PegasusConfiguration.framework/Versions/A/PegasusConfiguration
0x0000000246b3a000 	/System/Library/PrivateFrameworks/LocalStatusKit.framework/Versions/A/LocalStatusKit
0x00000001aef36000 	/System/Library/PrivateFrameworks/ContextKit.framework/Versions/A/ContextKit
0x0000000232e55000 	/System/Library/PrivateFrameworks/ContextKitCore.framework/Versions/A/ContextKitCore
0x00000001b4354000 	/System/Library/PrivateFrameworks/CharacterPicker.framework/Versions/A/CharacterPicker
0x00000001ad43b000 	/System/Library/PrivateFrameworks/ContactsDonation.framework/Versions/A/ContactsDonation
0x00000001a67f7000 	/System/Library/PrivateFrameworks/ContactsUICore.framework/Versions/A/ContactsUICore
0x00000001acd41000 	/System/Library/PrivateFrameworks/DataDetectors.framework/Versions/A/DataDetectors
0x00000001a0832000 	/System/Library/Frameworks/MediaLibrary.framework/Versions/A/MediaLibrary
0x000000019b39c000 	/System/Library/PrivateFrameworks/PersonaKit.framework/Versions/A/PersonaKit
0x00000001a67e5000 	/System/Library/PrivateFrameworks/PersonaUI.framework/Versions/A/PersonaUI
0x00000002423b1000 	/System/Library/PrivateFrameworks/InputToolKitUI.framework/Versions/A/InputToolKitUI
0x000000024239c000 	/System/Library/PrivateFrameworks/InputToolKit.framework/Versions/A/InputToolKit
0x000000025c498000 	/System/Library/PrivateFrameworks/Stickers.framework/Versions/A/Stickers
0x000000024230a000 	/System/Library/PrivateFrameworks/InputAnalytics.framework/Versions/A/InputAnalytics
0x00000001b5ecb000 	/System/Library/PrivateFrameworks/EmojiFoundation.framework/Versions/A/EmojiFoundation
0x0000000238284000 	/System/Library/PrivateFrameworks/FeedbackService.framework/Versions/A/FeedbackService
0x000000019b018000 	/System/Library/PrivateFrameworks/AddressBookCore.framework/Versions/A/AddressBookCore
0x00000001aec37000 	/System/Library/PrivateFrameworks/IntlPreferences.framework/Versions/A/IntlPreferences
0x00000001b3db6000 	/System/Library/PrivateFrameworks/ToneKit.framework/Versions/A/ToneKit
0x00000001aec7d000 	/System/Library/PrivateFrameworks/ToneLibrary.framework/Versions/A/ToneLibrary
0x0000000232cee000 	/System/Library/PrivateFrameworks/ContactsAccounts.framework/Versions/A/ContactsAccounts
0x00000001bf776000 	/System/Library/PrivateFrameworks/Transparency.framework/Versions/A/Transparency
0x00000001b2490000 	/System/Library/PrivateFrameworks/Lookup.framework/Versions/A/Lookup
0x00000001ea405000 	/System/Library/Frameworks/QuickLookUI.framework/Versions/A/QuickLookUI
0x00000001eade5000 	/System/Library/Frameworks/ScreenCaptureKit.framework/Versions/A/ScreenCaptureKit
0x00000001af8d3000 	/System/Library/Frameworks/Quartz.framework/Versions/A/Frameworks/QuartzComposer.framework/Versions/A/QuartzComposer
0x00000001aec0e000 	/System/Library/Frameworks/Quartz.framework/Versions/A/Frameworks/QuartzFilters.framework/Versions/A/QuartzFilters
0x00000001adcf4000 	/System/Library/Frameworks/Quartz.framework/Versions/A/Frameworks/ImageKit.framework/Versions/A/ImageKit
0x00000001e515a000 	/System/Library/Frameworks/OpenCL.framework/Versions/A/OpenCL
0x00000001ac440000 	/System/Library/PrivateFrameworks/CorePDF.framework/Versions/A/CorePDF
0x0000000198365000 	/System/Library/Frameworks/QuickLook.framework/Versions/A/QuickLook
0x00000001a247a000 	/System/Library/PrivateFrameworks/DisplayServices.framework/Versions/A/DisplayServices
0x00000001aeb7e000 	/System/Library/Frameworks/ImageCaptureCore.framework/Versions/A/ImageCaptureCore
0x0000000263937000 	/System/Library/PrivateFrameworks/VisionKitCore.framework/Versions/A/VisionKitCore
0x00000001aa883000 	/System/Library/PrivateFrameworks/QuickLookSupport.framework/Versions/A/QuickLookSupport
0x00000002491c3000 	/System/Library/PrivateFrameworks/MediaAnalysisServices.framework/Versions/A/MediaAnalysisServices
0x00000001b147f000 	/System/Library/PrivateFrameworks/PhotoLibraryServices.framework/Versions/A/PhotoLibraryServices
0x00000001ae7c7000 	/System/Library/Frameworks/Photos.framework/Versions/A/Photos
0x00000001c1fa5000 	/System/Library/PrivateFrameworks/PhotosFormats.framework/Versions/A/PhotosFormats
0x00000001be574000 	/System/Library/PrivateFrameworks/CloudPhotoLibrary.framework/Versions/A/CloudPhotoLibrary
0x00000001c7596000 	/System/Library/PrivateFrameworks/CloudPhotoServices.framework/Versions/A/CloudPhotoServices
0x00000001c3d2d000 	/System/Library/PrivateFrameworks/CoreMediaStream.framework/Versions/A/CoreMediaStream
0x000000019b9c8000 	/System/Library/PrivateFrameworks/CPAnalytics.framework/Versions/A/CPAnalytics
0x00000001c041a000 	/System/Library/PrivateFrameworks/MediaConversionService.framework/Versions/A/MediaConversionService
0x00000001a20e7000 	/System/Library/PrivateFrameworks/PhotoFoundation.framework/Versions/A/PhotoFoundation
0x000000024fc9c000 	/System/Library/PrivateFrameworks/PhotoLibraryServicesCore.framework/Versions/A/PhotoLibraryServicesCore
0x00000001ba174000 	/System/Library/PrivateFrameworks/MMCS.framework/Versions/A/MMCS
0x00000001a069b000 	/System/Library/PrivateFrameworks/ChunkingLibrary.framework/Versions/A/ChunkingLibrary
0x000000019a87b000 	/System/Library/PrivateFrameworks/AssetCacheServices.framework/Versions/A/AssetCacheServices
0x000000019c5a3000 	/System/Library/PrivateFrameworks/AVFoundationCF.framework/Versions/A/AVFoundationCF
0x00000001d68b8000 	/usr/lib/swift/libswiftDemangle.dylib
0x00000001acfbe000 	/System/Library/PrivateFrameworks/MediaStream.framework/Versions/A/MediaStream
0x00000001c0934000 	/System/Library/PrivateFrameworks/NeutrinoCore.framework/Versions/A/NeutrinoCore
0x000000018bae1000 	/System/Library/PrivateFrameworks/NLP.framework/Versions/A/NLP
0x00000001c6342000 	/System/Library/PrivateFrameworks/PhotoImaging.framework/Versions/A/PhotoImaging
0x00000001c7557000 	/System/Library/PrivateFrameworks/PhotosImagingFoundation.framework/Versions/A/PhotosImagingFoundation
0x0000000250777000 	/System/Library/PrivateFrameworks/PhotosIntelligenceCore.framework/Versions/A/PhotosIntelligenceCore
0x000000019ca3a000 	/System/Library/PrivateFrameworks/EmbeddedAcousticRecognition.framework/Versions/A/EmbeddedAcousticRecognition
0x00000001be7db000 	/System/Library/PrivateFrameworks/SDAPI.framework/Versions/A/SDAPI
0x00000001c75a4000 	/System/Library/PrivateFrameworks/AutoLoop.framework/Versions/A/AutoLoop
0x00000002511e0000 	/System/Library/PrivateFrameworks/Portrait.framework/Versions/A/Portrait
0x000000022e031000 	/System/Library/PrivateFrameworks/AppleDepth.framework/Versions/A/AppleDepth
0x0000000238e1a000 	/System/Library/PrivateFrameworks/FusionTracker.framework/Versions/A/FusionTracker
0x000000022e11f000 	/System/Library/PrivateFrameworks/AppleDepthCore.framework/Versions/A/AppleDepthCore
0x00000001af393000 	/System/Library/PrivateFrameworks/iTunesCloud.framework/Versions/A/iTunesCloud
0x00000001b7c39000 	/System/Library/PrivateFrameworks/DAAPKit.framework/Versions/A/DAAPKit
0x000000026d0f7000 	/usr/lib/swift/libswiftVideoToolbox.dylib
0x00000001aab94000 	/System/Library/PrivateFrameworks/DeviceManagement.framework/Versions/A/DeviceManagement
0x00000001cd02c000 	/System/Library/PrivateFrameworks/ScreenTimeUI.framework/Versions/A/ScreenTimeUI
0x00000001acd3b000 	/System/Library/PrivateFrameworks/QuickLookNonBaseSystem.framework/Versions/A/QuickLookNonBaseSystem
0x00000001ad50a000 	/System/Library/PrivateFrameworks/Catalyst.framework/Versions/A/Catalyst
0x000000024895f000 	/System/Library/PrivateFrameworks/ManagedSettingsObjC.framework/Versions/A/ManagedSettingsObjC
0x00000001aee24000 	/System/Library/PrivateFrameworks/ScreenTimeCore.framework/Versions/A/ScreenTimeCore
0x00000001c1508000 	/System/Library/PrivateFrameworks/ScreenTimeServiceUI.framework/Versions/A/ScreenTimeServiceUI
0x00000001ba2ff000 	/System/Library/PrivateFrameworks/ConfigurationEngineModel.framework/Versions/A/ConfigurationEngineModel
0x00000001bd01f000 	/System/Library/PrivateFrameworks/UsageTracking.framework/Versions/A/UsageTracking
0x00000001e68db000 	/System/Library/Frameworks/DeviceActivity.framework/Versions/A/DeviceActivity
0x00000001bcfef000 	/System/Library/PrivateFrameworks/KnowledgeMonitor.framework/Versions/A/KnowledgeMonitor
0x00000001d3b43000 	/System/Library/PrivateFrameworks/BluetoothManager.framework/Versions/A/BluetoothManager
0x00000001e7a36000 	/System/Library/Frameworks/ManagedSettings.framework/Versions/A/ManagedSettings
0x0000000248998000 	/System/Library/PrivateFrameworks/ManagedSettingsSupport.framework/Versions/A/ManagedSettingsSupport
0x00000001d1440000 	/System/Library/Frameworks/ReplayKit.framework/Versions/A/ReplayKit
0x00000001a3413000 	/System/Library/PrivateFrameworks/MarkupUI.framework/Versions/A/MarkupUI
0x00000001acd13000 	/System/Library/PrivateFrameworks/SidecarCore.framework/Versions/A/SidecarCore
0x00000001af794000 	/System/Library/PrivateFrameworks/AnnotationKit.framework/Versions/A/AnnotationKit
0x00000001ec391000 	/System/Library/Frameworks/Translation.framework/Versions/A/Translation
0x00000001c8f6b000 	/System/Library/PrivateFrameworks/RevealCore.framework/Versions/A/RevealCore
0x00000001c8f5f000 	/System/Library/PrivateFrameworks/Reveal.framework/Versions/A/Reveal
0x000000026073f000 	/System/Library/PrivateFrameworks/TranslationUIServices.framework/Versions/A/TranslationUIServices
0x00000001adf3a000 	/System/Library/Frameworks/PencilKit.framework/Versions/A/PencilKit
0x00000001ae0ef000 	/System/Library/PrivateFrameworks/SidecarUI.framework/Versions/A/SidecarUI
0x00000001ad8e7000 	/System/Library/PrivateFrameworks/CoreHandwriting.framework/Versions/A/CoreHandwriting
0x0000000185ca3000 	/usr/lib/libmecabra.dylib
0x00000001a6c6e000 	/System/Library/PrivateFrameworks/Calculate.framework/Versions/A/Calculate
0x0000000194202000 	/usr/lib/libChineseTokenizer.dylib
0x00000001e209a000 	/System/Library/PrivateFrameworks/ScreenReaderCore.framework/Versions/A/ScreenReaderCore
0x000000025c86f000 	/System/Library/PrivateFrameworks/StocksKit.framework/Versions/A/StocksKit
0x00000001a5de7000 	/System/Library/PrivateFrameworks/OAuth.framework/Versions/A/OAuth
0x000000025c51c000 	/System/Library/PrivateFrameworks/StocksCore.framework/Versions/A/StocksCore
0x000000025d580000 	/System/Library/PrivateFrameworks/TeaFoundation.framework/Versions/A/TeaFoundation
0x000000025d769000 	/System/Library/PrivateFrameworks/TeaSettings.framework/Versions/A/TeaSettings
0x00000001d7c82000 	/System/Library/PrivateFrameworks/NewsCore.framework/Versions/A/NewsCore
0x000000025d51d000 	/System/Library/PrivateFrameworks/TeaDB.framework/Versions/A/TeaDB
0x00000001d492c000 	/System/Library/PrivateFrameworks/RemoteConfiguration.framework/Versions/A/RemoteConfiguration
0x00000001d78bc000 	/System/Library/PrivateFrameworks/NewsTransport.framework/Versions/A/NewsTransport
0x00000001d7c72000 	/System/Library/PrivateFrameworks/NewsFoundation.framework/Versions/A/NewsFoundation
0x000000024c1f5000 	/System/Library/PrivateFrameworks/NewsURLBucket.framework/Versions/A/NewsURLBucket
0x00000001b11b3000 	/System/Library/PrivateFrameworks/MobileInstallation.framework/Versions/A/MobileInstallation
0x000000025f786000 	/System/Library/PrivateFrameworks/TipKitCore.framework/Versions/A/TipKitCore
0x00000001b5f4e000 	/System/Library/PrivateFrameworks/CoreCDPInternal.framework/Versions/A/CoreCDPInternal
0x00000001a5d39000 	/System/Library/PrivateFrameworks/AccountsDaemon.framework/Versions/A/AccountsDaemon
0x00000002528e9000 	/System/Library/PrivateFrameworks/RegulatoryDomain.framework/Versions/A/RegulatoryDomain
0x00000001cd85c000 	/System/Library/PrivateFrameworks/MachineSettings.framework/Versions/A/MachineSettings
0x00000001bfcda000 	/System/Library/PrivateFrameworks/BezelServices.framework/Versions/A/BezelServices
0x00000001b7cc2000 	/System/Library/PrivateFrameworks/SPOwner.framework/Versions/A/SPOwner
0x00000001b0fee000 	/System/Library/PrivateFrameworks/FMCore.framework/Versions/A/FMCore
0x00000002672f6000 	/System/Library/PrivateFrameworks/iCloudQuota.framework/Versions/A/iCloudQuota
0x00000001a676a000 	/System/Library/PrivateFrameworks/CoreRecognition.framework/Versions/A/CoreRecognition
0x00000001bfd8f000 	/System/Library/PrivateFrameworks/InAppMessages.framework/Versions/A/InAppMessages
0x00000001e0de6000 	/System/Library/PrivateFrameworks/JetUI.framework/Versions/A/JetUI
0x00000002456fb000 	/System/Library/PrivateFrameworks/JetPack.framework/Versions/A/JetPack
0x00000001bfd86000 	/System/Library/PrivateFrameworks/InAppMessagesCore.framework/Versions/A/InAppMessagesCore
0x00000002669ee000 	/System/Library/PrivateFrameworks/_JetEngine_SwiftUI.framework/Versions/A/_JetEngine_SwiftUI
0x000000025ce6d000 	/System/Library/PrivateFrameworks/Synapse.framework/Versions/A/Synapse
0x0000000230e85000 	/System/Library/PrivateFrameworks/CSExattrCrypto.framework/Versions/A/CSExattrCrypto
0x00000001a20f8000 	/System/Library/PrivateFrameworks/IMSharedUtilities.framework/Versions/A/IMSharedUtilities
0x00000001bb0ad000 	/System/Library/Frameworks/InstantMessage.framework/Versions/A/InstantMessage
0x00000001b3b34000 	/System/Library/PrivateFrameworks/IDSKVStore.framework/Versions/A/IDSKVStore
0x00000001b3974000 	/System/Library/PrivateFrameworks/IMDPersistence.framework/Versions/A/IMDPersistence
0x000000026d013000 	/usr/lib/swift/libswiftAppleArchive.dylib
0x0000000261e74000 	/System/Library/PrivateFrameworks/UserSafety.framework/Versions/A/UserSafety
0x00000001d2d95000 	/System/Library/PrivateFrameworks/BlastDoor.framework/Versions/A/BlastDoor
0x00000001eae69000 	/System/Library/Frameworks/SensitiveContentAnalysis.framework/Versions/A/SensitiveContentAnalysis
0x00000002467e1000 	/System/Library/PrivateFrameworks/LinkPresentationStyleSheetParsing.framework/Versions/A/LinkPresentationStyleSheetParsing
0x00000001ad393000 	/System/Library/PrivateFrameworks/CoreSDB.framework/Versions/A/CoreSDB
0x000000022f179000 	/System/Library/PrivateFrameworks/AskToCore.framework/Versions/A/AskToCore
0x00000001b217d000 	/System/Library/PrivateFrameworks/StoreFoundation.framework/Versions/A/StoreFoundation
0x00000001b0fe8000 	/System/Library/PrivateFrameworks/ServerInformation.framework/Versions/A/ServerInformation
0x00000001b0a59000 	/System/Library/PrivateFrameworks/Install.framework/Frameworks/DistributionKit.framework/Versions/A/DistributionKit
0x00000001aa650000 	/System/Library/PrivateFrameworks/PackageKit.framework/Versions/A/PackageKit
0x00000001b0a7c000 	/System/Library/PrivateFrameworks/OSPersonalization.framework/Versions/A/OSPersonalization
0x00000001b26e9000 	/System/Library/PrivateFrameworks/BridgeOSSoftwareUpdate.framework/Versions/A/BridgeOSSoftwareUpdate
0x00000001ad80f000 	/System/Library/PrivateFrameworks/StorageManagement.framework/Versions/A/StorageManagement
0x00000001c1091000 	/usr/lib/libauthinstall.dylib
0x00000001b26f2000 	/System/Library/PrivateFrameworks/InstallerDiagnostics.framework/Versions/A/InstallerDiagnostics
0x00000001c16c4000 	/usr/lib/libcrypto.42.dylib
0x00000001b26d7000 	/System/Library/PrivateFrameworks/GPUInfo.framework/Versions/A/GPUInfo
0x00000001bfe86000 	/System/Library/PrivateFrameworks/MobileActivationMacOS.framework/Versions/A/MobileActivationMacOS
0x000000019b96f000 	/System/Library/PrivateFrameworks/GenerationalStorage.framework/Versions/A/GenerationalStorage
0x0000000196ecf000 	/System/Library/PrivateFrameworks/CacheDelete.framework/Versions/A/CacheDelete
0x000000019edad000 	/System/Library/Frameworks/QuickLookThumbnailing.framework/Versions/A/QuickLookThumbnailing
0x000000019b7a1000 	/System/Library/Frameworks/FileProvider.framework/Versions/A/FileProvider
0x0000000189f44000 	/System/Library/PrivateFrameworks/DesktopServicesPriv.framework/Versions/A/DesktopServicesPriv
0x000000018c206000 	/System/Library/Frameworks/Accounts.framework/Versions/A/Accounts
0x00000001b2736000 	/System/Library/PrivateFrameworks/AOSKit.framework/Versions/A/AOSKit
0x0000000194332000 	/System/Library/PrivateFrameworks/AppSSOCore.framework/Versions/A/AppSSOCore
0x000000019e45a000 	/System/Library/PrivateFrameworks/AppSupport.framework/Versions/A/AppSupport
0x00000001ac819000 	/System/Library/Frameworks/AVFoundation.framework/Versions/A/AVFoundation
0x000000019ecd0000 	/System/Library/PrivateFrameworks/DuetActivityScheduler.framework/Versions/A/DuetActivityScheduler
0x00000001ad33a000 	/System/Library/PrivateFrameworks/FTServices.framework/Versions/A/FTServices
0x00000001be4ad000 	/System/Library/PrivateFrameworks/NetworkServiceProxy.framework/Versions/A/NetworkServiceProxy
0x000000019ec96000 	/System/Library/PrivateFrameworks/StreamingZip.framework/Versions/A/StreamingZip
0x000000019dd86000 	/System/Library/PrivateFrameworks/CoreWiFi.framework/Versions/A/CoreWiFi
0x0000000196dfb000 	/System/Library/PrivateFrameworks/MobileAsset.framework/Versions/A/MobileAsset
0x000000019c947000 	/System/Library/PrivateFrameworks/Rapport.framework/Versions/A/Rapport
0x000000025cbd0000 	/System/Library/PrivateFrameworks/Symptoms.framework/Versions/A/Frameworks/SymptomAnalytics.framework/Versions/A/SymptomAnalytics
0x000000019a4e7000 	/usr/lib/libnetworkextension.dylib
0x000000026c8f9000 	/usr/lib/libmrc.dylib
0x0000000241c1d000 	/System/Library/PrivateFrameworks/IPConfiguration.framework/Versions/A/IPConfiguration
0x00000001cd6a4000 	/System/Library/PrivateFrameworks/Netrb.framework/Versions/A/Netrb
0x00000001d8624000 	/System/Library/PrivateFrameworks/WiFiPeerToPeer.framework/Versions/A/WiFiPeerToPeer
0x00000001b42d4000 	/System/Library/PrivateFrameworks/SoftwareUpdateCoreSupport.framework/Versions/A/SoftwareUpdateCoreSupport
0x00000001bbc6f000 	/System/Library/PrivateFrameworks/SoftwareUpdateCoreConnect.framework/Versions/A/SoftwareUpdateCoreConnect
0x000000019e312000 	/System/Library/PrivateFrameworks/RemoteServiceDiscovery.framework/Versions/A/RemoteServiceDiscovery
0x00000001b3f5a000 	/System/Library/PrivateFrameworks/MSUDataAccessor.framework/Versions/A/MSUDataAccessor
0x00000001af74f000 	/usr/lib/libbootpolicy.dylib
0x000000019e328000 	/System/Library/PrivateFrameworks/RemoteXPC.framework/Versions/A/RemoteXPC
0x00000001bb0bd000 	/usr/lib/libFDR.dylib
0x00000001c1164000 	/usr/lib/libamsupport.dylib
0x000000026c04c000 	/usr/lib/libReverseProxyDevice.dylib
0x000000022e19f000 	/System/Library/PrivateFrameworks/AppleDeviceQuerySupport.framework/Versions/A/AppleDeviceQuerySupport
0x00000001c4051000 	/usr/lib/libpartition2_dynamic.dylib
0x000000019292c000 	/System/Library/Frameworks/UserNotifications.framework/Versions/A/UserNotifications
0x00000001d3959000 	/System/Library/Frameworks/CryptoKit.framework/Versions/A/CryptoKit
0x000000019ec6e000 	/System/Library/PrivateFrameworks/CryptoKitCBridging.framework/Versions/A/CryptoKitCBridging
0x000000019c4bd000 	/System/Library/Frameworks/CryptoTokenKit.framework/Versions/A/CryptoTokenKit
0x00000001c7bae000 	/usr/lib/swift/libswiftCryptoTokenKit.dylib
0x000000019c521000 	/System/Library/Frameworks/LocalAuthentication.framework/Versions/A/LocalAuthentication
0x00000002469b6000 	/System/Library/PrivateFrameworks/LocalAuthenticationCore.framework/Versions/A/LocalAuthenticationCore
0x000000019c576000 	/System/Library/Frameworks/LocalAuthentication.framework/Support/SharedUtils.framework/Versions/A/SharedUtils
0x0000000196f67000 	/usr/lib/libTelephonyUtilDynamic.dylib
0x000000019b54a000 	/System/Library/PrivateFrameworks/SymptomDiagnosticReporter.framework/Versions/A/SymptomDiagnosticReporter
0x000000023659a000 	/System/Library/PrivateFrameworks/CryptoKitPrivate.framework/Versions/A/CryptoKitPrivate
0x000000018e31a000 	/System/Library/PrivateFrameworks/ApplePushService.framework/Versions/A/ApplePushService
0x00000001aca44000 	/System/Library/PrivateFrameworks/FindMyDevice.framework/Versions/A/FindMyDevice
0x000000018c28b000 	/System/Library/PrivateFrameworks/CommonUtilities.framework/Versions/A/CommonUtilities
0x00000001c2adb000 	/System/Library/PrivateFrameworks/DeviceIdentity.framework/Versions/A/DeviceIdentity
0x0000000194a5c000 	/System/Library/PrivateFrameworks/Bom.framework/Versions/A/Bom
0x0000000196a2b000 	/usr/lib/libParallelCompression.dylib
0x0000000196a1d000 	/System/Library/PrivateFrameworks/MultiverseSupport.framework/Versions/A/MultiverseSupport
0x00000001a2555000 	/System/Library/PrivateFrameworks/FMCoreLite.framework/Versions/A/FMCoreLite
0x0000000192688000 	/System/Library/PrivateFrameworks/AuthKit.framework/Versions/A/AuthKit
0x000000019b67d000 	/System/Library/PrivateFrameworks/DiskManagement.framework/Versions/A/DiskManagement
0x000000019b589000 	/System/Library/PrivateFrameworks/AppleIDAuthSupport.framework/Versions/A/AppleIDAuthSupport
0x000000022adfb000 	/System/Library/PrivateFrameworks/AAAFoundation.framework/Versions/A/AAAFoundation
0x0000000196f1b000 	/System/Library/PrivateFrameworks/KeychainCircle.framework/Versions/A/KeychainCircle
0x00000001a7148000 	/System/Library/PrivateFrameworks/URLFormatting.framework/Versions/A/URLFormatting
0x000000019e3c6000 	/usr/lib/libcsfde.dylib
0x00000001944bc000 	/usr/lib/libCoreStorage.dylib
0x00000001982da000 	/System/Library/PrivateFrameworks/ProtectedCloudStorage.framework/Versions/A/ProtectedCloudStorage
0x000000019e3c1000 	/System/Library/PrivateFrameworks/EFILogin.framework/Versions/A/EFILogin
0x00000001a63f0000 	/System/Library/PrivateFrameworks/CloudServices.framework/Versions/A/CloudServices
0x000000019b996000 	/System/Library/PrivateFrameworks/OctagonTrust.framework/Versions/A/OctagonTrust
0x000000019c0b0000 	/System/Library/PrivateFrameworks/AVFCore.framework/Versions/A/AVFCore
0x00000001a4e7a000 	/System/Library/PrivateFrameworks/AVFCapture.framework/Versions/A/AVFCapture
0x0000000195704000 	/System/Library/Frameworks/MediaToolbox.framework/Versions/A/MediaToolbox
0x000000019b772000 	/System/Library/PrivateFrameworks/CoreAVCHD.framework/Versions/A/CoreAVCHD
0x000000019b76e000 	/System/Library/PrivateFrameworks/Mangrove.framework/Versions/A/Mangrove
0x0000000230d75000 	/System/Library/PrivateFrameworks/CMPhoto.framework/Versions/A/CMPhoto
0x000000019becd000 	/System/Library/Frameworks/CoreTelephony.framework/Versions/A/CoreTelephony
0x000000019b761000 	/System/Library/PrivateFrameworks/CoreAUC.framework/Versions/A/CoreAUC
0x000000022e5e1000 	/System/Library/PrivateFrameworks/AppleJPEGXL.framework/Versions/A/AppleJPEGXL
0x0000000230ba1000 	/System/Library/PrivateFrameworks/CMImaging.framework/Versions/A/CMImaging
0x00000001a5092000 	/System/Library/PrivateFrameworks/Quagga.framework/Versions/A/Quagga
0x00000001a51c5000 	/System/Library/PrivateFrameworks/CMCapture.framework/Versions/A/CMCapture
0x0000000196aff000 	/System/Library/Frameworks/CoreMediaIO.framework/Versions/A/CoreMediaIO
0x000000019edf9000 	/System/Library/PrivateFrameworks/Espresso.framework/Versions/A/Espresso
0x00000001e2456000 	/System/Library/PrivateFrameworks/ANECompiler.framework/Versions/A/ANECompiler
0x00000001a0ddf000 	/System/Library/PrivateFrameworks/AppleNeuralEngine.framework/Versions/A/AppleNeuralEngine
0x00000001e86f5000 	/System/Library/Frameworks/MetalPerformanceShadersGraph.framework/Versions/A/MetalPerformanceShadersGraph
0x00000002474ae000 	/System/Library/PrivateFrameworks/MLCompilerServices.framework/Versions/A/MLCompilerServices
0x000000019fcb5000 	/System/Library/PrivateFrameworks/ANEServices.framework/Versions/A/ANEServices
0x00000001b24ab000 	/usr/lib/libncurses.5.4.dylib
0x0000000188890000 	/usr/lib/libsandbox.1.dylib
0x00000001944b4000 	/usr/lib/libMatch.1.dylib
0x0000000247452000 	/System/Library/PrivateFrameworks/MLCompilerRuntime.framework/Versions/A/MLCompilerRuntime
0x0000000230ad7000 	/System/Library/PrivateFrameworks/CMCaptureDevice.framework/Versions/A/CMCaptureDevice
0x00000002318c7000 	/System/Library/PrivateFrameworks/CinematicFraming.framework/Versions/A/CinematicFraming
0x00000001ac442000 	/System/Library/Frameworks/CoreMotion.framework/Versions/A/CoreMotion
0x00000001bb166000 	/System/Library/PrivateFrameworks/TimeSync.framework/Versions/A/TimeSync
0x0000000237039000 	/System/Library/PrivateFrameworks/DistributedSensing.framework/Versions/A/DistributedSensing
0x00000001b7035000 	/System/Library/PrivateFrameworks/MobileBluetooth.framework/Versions/A/MobileBluetooth
0x000000019669d000 	/System/Library/PrivateFrameworks/LocationSupport.framework/Versions/A/LocationSupport
0x00000001bcc28000 	/System/Library/PrivateFrameworks/IOKitten.framework/Versions/A/IOKitten
0x000000018a1af000 	/System/Library/PrivateFrameworks/CoreDuet.framework/Versions/A/CoreDuet
0x000000019d6df000 	/System/Library/PrivateFrameworks/CoreDuetContext.framework/Versions/A/CoreDuetContext
0x00000001b7be2000 	/System/Library/PrivateFrameworks/BiomeFoundation.framework/Versions/A/BiomeFoundation
0x000000022f926000 	/System/Library/PrivateFrameworks/BiomeLibrary.framework/Versions/A/BiomeLibrary
0x00000001bb1e4000 	/System/Library/PrivateFrameworks/BiomeStreams.framework/Versions/A/BiomeStreams
0x00000001c150f000 	/System/Library/PrivateFrameworks/BiomePubSub.framework/Versions/A/BiomePubSub
0x000000018e382000 	/System/Library/Frameworks/CloudKit.framework/Versions/A/CloudKit
0x000000019d735000 	/System/Library/Frameworks/Intents.framework/Versions/A/Intents
0x000000019fe5d000 	/System/Library/PrivateFrameworks/CoreDuetDaemonProtocol.framework/Versions/A/CoreDuetDaemonProtocol
0x000000019fce3000 	/System/Library/PrivateFrameworks/ProactiveSupport.framework/Versions/A/ProactiveSupport
0x0000000251147000 	/System/Library/PrivateFrameworks/PoirotSchematizer.framework/Versions/A/PoirotSchematizer
0x000000022ffc0000 	/System/Library/PrivateFrameworks/BiomeSync.framework/Versions/A/BiomeSync
0x000000022f907000 	/System/Library/PrivateFrameworks/BiomeFlexibleStorage.framework/Versions/A/BiomeFlexibleStorage
0x000000022f8eb000 	/System/Library/PrivateFrameworks/BiomeDSL.framework/Versions/A/BiomeDSL
0x00000001c156c000 	/System/Library/PrivateFrameworks/BiomeStorage.framework/Versions/A/BiomeStorage
0x00000002511b4000 	/System/Library/PrivateFrameworks/PoirotUDFs.framework/Versions/A/PoirotUDFs
0x0000000251116000 	/System/Library/PrivateFrameworks/PoirotSQLite.framework/Versions/A/PoirotSQLite
0x000000019e762000 	/System/Library/PrivateFrameworks/InternationalTextSearch.framework/Versions/A/InternationalTextSearch
0x0000000244fda000 	/System/Library/PrivateFrameworks/IntelligencePlatformLibrary.framework/Versions/A/IntelligencePlatformLibrary
0x000000023148c000 	/System/Library/PrivateFrameworks/CascadeSets.framework/Versions/A/CascadeSets
0x00000001979b9000 	/System/Library/PrivateFrameworks/IDS.framework/Versions/A/IDS
0x0000000196623000 	/System/Library/PrivateFrameworks/IMFoundation.framework/Versions/A/IMFoundation
0x00000001a671f000 	/System/Library/PrivateFrameworks/Marco.framework/Versions/A/Marco
0x0000000197b86000 	/System/Library/PrivateFrameworks/IDSFoundation.framework/Versions/A/IDSFoundation
0x00000001a343f000 	/System/Library/PrivateFrameworks/Engram.framework/Versions/A/Engram
0x00000001a33df000 	/usr/lib/libtidy.A.dylib
0x00000001baccd000 	/System/Library/PrivateFrameworks/FTAWD.framework/Versions/A/FTAWD
0x00000001eaf29000 	/System/Library/Frameworks/SharedWithYouCore.framework/Versions/A/SharedWithYouCore
0x000000019e82d000 	/System/Library/PrivateFrameworks/AppleAccount.framework/Versions/A/AppleAccount
0x000000019ed53000 	/System/Library/PrivateFrameworks/C2.framework/Versions/A/C2
0x000000018fb73000 	/System/Library/Frameworks/CoreLocation.framework/Versions/A/CoreLocation
0x0000000231c75000 	/System/Library/PrivateFrameworks/CloudAssets.framework/Versions/A/CloudAssets
0x000000019ed4a000 	/System/Library/Frameworks/PushKit.framework/Versions/A/PushKit
0x00000001c9681000 	/usr/lib/swift/libswiftAVFoundation.dylib
0x00000001b391b000 	/usr/lib/swift/libswiftCoreLocation.dylib
0x00000001b3931000 	/usr/lib/swift/libswiftCoreMIDI.dylib
0x00000001c7bb0000 	/usr/lib/swift/libswiftCoreMedia.dylib
0x0000000197e1a000 	/System/Library/PrivateFrameworks/Sharing.framework/Versions/A/Sharing
0x000000019dd85000 	/System/Library/PrivateFrameworks/Apple80211.framework/Versions/A/Apple80211
0x0000000191c43000 	/System/Library/Frameworks/CoreWLAN.framework/Versions/A/CoreWLAN
0x00000001a1e4a000 	/System/Library/PrivateFrameworks/AssistantServices.framework/Versions/A/AssistantServices
0x000000019c74a000 	/System/Library/PrivateFrameworks/SAObjects.framework/Versions/A/SAObjects
0x00000001a1a82000 	/System/Library/PrivateFrameworks/MediaRemote.framework/Versions/A/MediaRemote
0x00000001b2b8d000 	/System/Library/PrivateFrameworks/SiriInstrumentation.framework/Versions/A/SiriInstrumentation
0x00000002549e4000 	/System/Library/PrivateFrameworks/SiriAnalytics.framework/Versions/A/SiriAnalytics
0x000000025a59a000 	/System/Library/PrivateFrameworks/SiriTTSService.framework/Versions/A/SiriTTSService
0x00000002553a0000 	/System/Library/PrivateFrameworks/SiriCrossDeviceArbitration.framework/Versions/A/SiriCrossDeviceArbitration
0x00000001b0826000 	/System/Library/PrivateFrameworks/FeedbackLogger.framework/Versions/A/FeedbackLogger
0x00000002553f4000 	/System/Library/PrivateFrameworks/SiriCrossDeviceArbitrationFeedback.framework/Versions/A/SiriCrossDeviceArbitrationFeedback
0x000000023eddb000 	/System/Library/PrivateFrameworks/GenerativeModels.framework/Versions/A/GenerativeModels
0x00000001a658b000 	/System/Library/PrivateFrameworks/MediaServices.framework/Versions/A/MediaServices
0x000000019471f000 	/System/Library/PrivateFrameworks/PersistentConnection.framework/Versions/A/PersistentConnection
0x00000001985b3000 	/System/Library/PrivateFrameworks/GeoServices.framework/Versions/A/GeoServices
0x000000023f003000 	/System/Library/PrivateFrameworks/GeoServicesCore.framework/Versions/A/GeoServicesCore
0x00000001a7146000 	/System/Library/PrivateFrameworks/PhoneNumbers.framework/Versions/A/PhoneNumbers
0x0000000236aa2000 	/System/Library/PrivateFrameworks/Dendrite.framework/Versions/A/Dendrite
0x000000022f29f000 	/System/Library/PrivateFrameworks/AtomicsInternal.framework/Versions/A/AtomicsInternal
0x00000001b472b000 	/usr/lib/libtailspin.dylib
0x00000001c76ac000 	/System/Library/PrivateFrameworks/Osprey.framework/Versions/A/Osprey
0x0000000259c19000 	/System/Library/PrivateFrameworks/SiriTTS.framework/Versions/A/SiriTTS
0x00000001ad457000 	/System/Library/Frameworks/NaturalLanguage.framework/Versions/A/NaturalLanguage
0x0000000258953000 	/System/Library/PrivateFrameworks/SiriPowerInstrumentation.framework/Versions/A/SiriPowerInstrumentation
0x00000001ae27c000 	/System/Library/PrivateFrameworks/Trial.framework/Versions/A/Trial
0x00000001ae1fe000 	/System/Library/PrivateFrameworks/TrialProto.framework/Versions/A/TrialProto
0x00000002616ea000 	/System/Library/PrivateFrameworks/UnifiedAssetFramework.framework/Versions/A/UnifiedAssetFramework
0x00000001d85a8000 	/usr/lib/swift/libswiftNaturalLanguage.dylib
0x000000025d51b000 	/System/Library/PrivateFrameworks/TailspinSymbolication.framework/Versions/A/TailspinSymbolication
0x00000002367b1000 	/System/Library/PrivateFrameworks/Darwinup.framework/Versions/A/Darwinup
0x00000001c0487000 	/System/Library/PrivateFrameworks/SignpostSupport.framework/Versions/A/SignpostSupport
0x00000001ad320000 	/System/Library/PrivateFrameworks/FeatureFlagsSupport.framework/Versions/A/FeatureFlagsSupport
0x00000001bfbea000 	/System/Library/PrivateFrameworks/ktrace.framework/Versions/A/ktrace
0x00000001c0707000 	/System/Library/PrivateFrameworks/SampleAnalysis.framework/Versions/A/SampleAnalysis
0x00000001c8f47000 	/System/Library/PrivateFrameworks/kperfdata.framework/Versions/A/kperfdata
0x0000000198494000 	/usr/lib/libdscsym.dylib
0x00000001c93df000 	/System/Library/PrivateFrameworks/BulkSymbolication.framework/Versions/A/BulkSymbolication
0x000000018e81c000 	/System/Library/Frameworks/CoreML.framework/Versions/A/CoreML
0x00000001d6882000 	/usr/lib/libedit.3.dylib
0x0000000192289000 	/System/Library/Frameworks/MLCompute.framework/Versions/A/MLCompute
0x0000000247301000 	/System/Library/PrivateFrameworks/MLAssetIO.framework/Versions/A/MLAssetIO
0x000000026d055000 	/usr/lib/swift/libswiftMLCompute.dylib
0x0000000186d61000 	/System/Library/PrivateFrameworks/LanguageModeling.framework/Versions/A/LanguageModeling
0x000000018b8cd000 	/System/Library/PrivateFrameworks/Montreal.framework/Versions/A/Montreal
0x0000000192bb7000 	/usr/lib/libcmph.dylib
0x000000023ee9d000 	/System/Library/PrivateFrameworks/GenerativeModelsFoundation.framework/Versions/A/GenerativeModelsFoundation
0x000000025fab1000 	/System/Library/PrivateFrameworks/TokenGeneration.framework/Versions/A/TokenGeneration
0x000000023ec74000 	/System/Library/PrivateFrameworks/GenerativeFunctions.framework/Versions/A/GenerativeFunctions
0x000000023ecc5000 	/System/Library/PrivateFrameworks/GenerativeFunctionsFoundation.framework/Versions/A/GenerativeFunctionsFoundation
0x000000024a255000 	/System/Library/PrivateFrameworks/ModelCatalog.framework/Versions/A/ModelCatalog
0x00000002542e1000 	/System/Library/PrivateFrameworks/SensitiveContentAnalysisML.framework/Versions/A/SensitiveContentAnalysisML
0x000000023ed74000 	/System/Library/PrivateFrameworks/GenerativeFunctionsInstrumentation.framework/Versions/A/GenerativeFunctionsInstrumentation
0x00000002521d9000 	/System/Library/PrivateFrameworks/PromptKit.framework/Versions/A/PromptKit
0x0000000251d03000 	/System/Library/PrivateFrameworks/ProactiveDaemonSupport.framework/Versions/A/ProactiveDaemonSupport
0x000000025fc69000 	/System/Library/PrivateFrameworks/TokenGenerationCore.framework/Versions/A/TokenGenerationCore
0x0000000262d61000 	/System/Library/PrivateFrameworks/VectorSearch.framework/Versions/A/VectorSearch
0x000000024a51a000 	/System/Library/PrivateFrameworks/ModelManagerServices.framework/Versions/A/ModelManagerServices
0x000000022e201000 	/System/Library/PrivateFrameworks/AppleFlatBuffers.framework/Versions/A/AppleFlatBuffers
0x00000001a6b35000 	/System/Library/PrivateFrameworks/ProactiveEventTracker.framework/Versions/A/ProactiveEventTracker
0x000000022ae17000 	/System/Library/PrivateFrameworks/AAAFoundationSwift.framework/Versions/A/AAAFoundationSwift
0x000000019ea82000 	/System/Library/PrivateFrameworks/AppleIDSSOAuthentication.framework/Versions/A/AppleIDSSOAuthentication
0x00000001ba458000 	/usr/lib/swift/libswiftCompression.dylib
0x000000025446c000 	/System/Library/PrivateFrameworks/SentencePieceInternal.framework/Versions/A/SentencePieceInternal
0x000000019a915000 	/System/Library/Frameworks/Vision.framework/Versions/A/Vision
0x0000000236205000 	/System/Library/PrivateFrameworks/CoreSceneUnderstanding.framework/Versions/A/CoreSceneUnderstanding
0x00000002638ec000 	/System/Library/PrivateFrameworks/VisionCore.framework/Versions/A/VisionCore
0x00000001b602c000 	/System/Library/Frameworks/Vision.framework/libfaceCore.dylib
0x00000001b6b26000 	/System/Library/PrivateFrameworks/Futhark.framework/Versions/A/Futhark
0x00000001ba220000 	/System/Library/PrivateFrameworks/InertiaCam.framework/Versions/A/InertiaCam
0x00000001b68d9000 	/System/Library/PrivateFrameworks/TextRecognition.framework/Versions/A/TextRecognition
0x0000000194352000 	/System/Library/PrivateFrameworks/CVNLP.framework/Versions/A/CVNLP
0x000000023d9f6000 	/System/Library/PrivateFrameworks/GRDBInternal.framework/Versions/A/GRDBInternal
0x00000001a0b4d000 	/System/Library/PrivateFrameworks/RTCReporting.framework/Versions/A/RTCReporting
0x000000019ed39000 	/System/Library/PrivateFrameworks/IntentsFoundation.framework/Versions/A/IntentsFoundation
0x0000000197742000 	/System/Library/Frameworks/NetworkExtension.framework/Versions/A/NetworkExtension
0x00000001b202c000 	/System/Library/PrivateFrameworks/CaptiveNetwork.framework/Versions/A/CaptiveNetwork
0x000000019e2d2000 	/System/Library/PrivateFrameworks/EAP8021X.framework/Versions/A/EAP8021X
0x00000001b3900000 	/System/Library/Frameworks/Accelerate.framework/Versions/A/Frameworks/vImage.framework/Versions/A/Libraries/libCGInterfaces.dylib
0x00000001c06d3000 	/System/Library/PrivateFrameworks/UIKitServices.framework/Versions/A/UIKitServices
0x000000017e38c000 	/System/Library/Extensions/AGXMetalG16X.bundle/Contents/MacOS/AGXMetalG16X
0x00000001a643d000 	/System/Library/PrivateFrameworks/IOGPU.framework/Versions/A/IOGPU
0x00000001e4fd4000 	/System/Library/Frameworks/OpenGL.framework/Versions/A/Resources/GLEngine.bundle/GLEngine
0x00000001e4e79000 	/System/Library/Frameworks/OpenGL.framework/Versions/A/Libraries/libGLProgrammability.dylib
0x000000017e128000 	/System/Library/Extensions/AppleMetalOpenGLRenderer.bundle/Contents/MacOS/AppleMetalOpenGLRenderer
0x00000001e5135000 	/System/Library/Frameworks/OpenGL.framework/Versions/A/Resources/GLRendererFloat.bundle/GLRendererFloat
0x000000025dad6000 	/System/Library/PrivateFrameworks/TextInputUI.framework/Versions/A/TextInputUI
0x000000025dafa000 	/System/Library/PrivateFrameworks/TextInputUIMacHelper.framework/Versions/A/TextInputUIMacHelper
0x0000000253900000 	/System/Library/PrivateFrameworks/Sage.framework/Versions/A/Sage
0x0000000340e00000 	/Documents/curseforge/minecraft/Install/bin/3f433badf8ea9e0531575e783a5c0538ec9ce27a/liblwjgl_opengl.dylib
0x0000000341768000 	/Documents/curseforge/minecraft/Install/bin/3f433badf8ea9e0531575e783a5c0538ec9ce27a/liblwjgl_stb.dylib
0x000000034fe54000 	/Documents/curseforge/minecraft/Install/bin/3f433badf8ea9e0531575e783a5c0538ec9ce27a/jna5212464076257547039.tmp
0x000000017fe14000 	/Documents/curseforge/minecraft/Install/runtime/java-runtime-gamma/mac-os-arm64/java-runtime-gamma/jre.bundle/Contents/Home/lib/libextnet.dylib
0x000000034f600000 	/private/var/folders/xm/sh__ffh97l38sjy_lf6t69xw0000gn/T/libjcocoa14993450111760039336.dylib
0x00000001b6c17000 	/System/Library/CoreServices/RawCamera.bundle/Contents/MacOS/RawCamera
0x0000000372e48000 	/Documents/curseforge/minecraft/Install/runtime/java-runtime-gamma/mac-os-arm64/java-runtime-gamma/jre.bundle/Contents/Home/lib/libawt.dylib
0x0000000379e0c000 	/Documents/curseforge/minecraft/Install/runtime/java-runtime-gamma/mac-os-arm64/java-runtime-gamma/jre.bundle/Contents/Home/lib/libmlib_image.dylib
0x00000001e7949000 	/System/Library/Frameworks/JavaRuntimeSupport.framework/Versions/A/JavaRuntimeSupport
0x000000039153c000 	/Documents/curseforge/minecraft/Install/runtime/java-runtime-gamma/mac-os-arm64/java-runtime-gamma/jre.bundle/Contents/Home/lib/libawt_lwawt.dylib
0x0000000371da4000 	/Documents/curseforge/minecraft/Install/runtime/java-runtime-gamma/mac-os-arm64/java-runtime-gamma/jre.bundle/Contents/Home/lib/libosxapp.dylib
0x00000001aac58000 	/System/Library/Frameworks/ExceptionHandling.framework/Versions/A/ExceptionHandling
0x000000034260c000 	/Documents/curseforge/minecraft/Install/bin/3f433badf8ea9e0531575e783a5c0538ec9ce27a/libopenal.dylib
0x00000001bb805000 	/System/Library/PrivateFrameworks/TextToSpeech.framework/Versions/A/TextToSpeech
0x00000001c0bcf000 	/System/Library/PrivateFrameworks/AXAssetLoader.framework/Versions/A/AXAssetLoader
0x00000001c1684000 	/System/Library/PrivateFrameworks/UniversalAccess.framework/Versions/A/Frameworks/UniversalAccessCore.framework/Versions/A/UniversalAccessCore
0x00000002618f1000 	/System/Library/PrivateFrameworks/UniversalControl.framework/Versions/A/UniversalControl
0x000000019ec74000 	/usr/lib/libScreenReader.dylib
0x00000001bfbda000 	/System/Library/PrivateFrameworks/AccessibilitySupport.framework/Versions/A/AccessibilitySupport
0x00000001acc9b000 	/System/Library/PrivateFrameworks/AccessibilitySharedSupport.framework/Versions/A/AccessibilitySharedSupport
0x00000001c93b7000 	/System/Library/PrivateFrameworks/AccessibilitySupport.framework/Versions/A/Frameworks/AccessibilityEvents.framework/Versions/A/AccessibilityEvents
0x00000001c085d000 	/System/Library/PrivateFrameworks/AccessibilitySupport.framework/Versions/A/Frameworks/AccessibilityFoundation.framework/Versions/A/AccessibilityFoundation
0x00000001c92f2000 	/System/Library/PrivateFrameworks/AccessibilitySupport.framework/Versions/A/Frameworks/AccessibilityKit.framework/Versions/A/AccessibilityKit
0x00000001c9352000 	/System/Library/PrivateFrameworks/AccessibilitySupport.framework/Versions/A/Frameworks/AccessibilityVisuals.framework/Versions/A/AccessibilityVisuals
0x000000019c715000 	/System/Library/PrivateFrameworks/BatteryUIKit.framework/Versions/A/BatteryUIKit
0x000000022c67e000 	/System/Library/PrivateFrameworks/AccessibilityUtilities.framework/Versions/A/AccessibilityUtilities
0x00000001cd06f000 	/System/Library/PrivateFrameworks/AXRuntime.framework/Versions/A/AXRuntime
0x00000003bb100000 	/Documents/curseforge/minecraft/Install/runtime/java-runtime-gamma/mac-os-arm64/java-runtime-gamma/jre.bundle/Contents/Home/lib/libfontmanager.dylib
0x00000003bb230000 	/Documents/curseforge/minecraft/Install/runtime/java-runtime-gamma/mac-os-arm64/java-runtime-gamma/jre.bundle/Contents/Home/lib/libfreetype.dylib
0x0000000407674000 	/System/Library/Components/CoreAudio.component/Contents/MacOS/CoreAudio
0x000000017fc50000 	/Documents/curseforge/minecraft/Instances/The Last Engineer/config/spark/tmp/spark-3952172221e7-libasyncProfiler.so.tmp
0x00000001e1b8f000 	/System/Library/PrivateFrameworks/VoiceShortcutClient.framework/Versions/A/VoiceShortcutClient
0x00000001b43f7000 	/System/Library/PrivateFrameworks/ChronoServices.framework/Versions/A/ChronoServices
0x0000000252f75000 	/System/Library/PrivateFrameworks/ReplicatorEngine.framework/Versions/A/ReplicatorEngine
0x0000000253128000 	/System/Library/PrivateFrameworks/ReplicatorServices.framework/Versions/A/ReplicatorServices
0x000000025d0e9000 	/System/Library/PrivateFrameworks/SystemWake.framework/Versions/A/SystemWake


VM Arguments:
jvm_args: -Djava.library.path=/Documents/curseforge/minecraft/Install/bin/3f433badf8ea9e0531575e783a5c0538ec9ce27a -Djna.tmpdir=/Documents/curseforge/minecraft/Install/bin/3f433badf8ea9e0531575e783a5c0538ec9ce27a -Dorg.lwjgl.system.SharedLibraryExtractPath=/Documents/curseforge/minecraft/Install/bin/3f433badf8ea9e0531575e783a5c0538ec9ce27a -Dio.netty.native.workdir=/Documents/curseforge/minecraft/Install/bin/3f433badf8ea9e0531575e783a5c0538ec9ce27a -Dminecraft.launcher.brand=minecraft-launcher -Dminecraft.launcher.version=3.18.26 -Djava.net.preferIPv6Addresses=system -DignoreList=bootstraplauncher,securejarhandler,asm-commons,asm-util,asm-analysis,asm-tree,asm,JarJarFileSystems,client-extra,fmlcore,javafmllanguage,lowcodelanguage,mclanguage,forge-,forge-47.4.3.jar,forge-47.4.3 -DmergeModules=jna-5.10.0.jar,jna-platform-5.10.0.jar -DlibraryDirectory=/Documents/curseforge/minecraft/Install/libraries --module-path=/Documents/curseforge/minecraft/Install/libraries/cpw/mods/bootstraplauncher/1.1.2/bootstraplauncher-1.1.2.jar:/Documents/curseforge/minecraft/Install/libraries/cpw/mods/securejarhandler/2.1.10/securejarhandler-2.1.10.jar:/Documents/curseforge/minecraft/Install/libraries/org/ow2/asm/asm-commons/9.7.1/asm-commons-9.7.1.jar:/Documents/curseforge/minecraft/Install/libraries/org/ow2/asm/asm-util/9.7.1/asm-util-9.7.1.jar:/Documents/curseforge/minecraft/Install/libraries/org/ow2/asm/asm-analysis/9.7.1/asm-analysis-9.7.1.jar:/Documents/curseforge/minecraft/Install/libraries/org/ow2/asm/asm-tree/9.7.1/asm-tree-9.7.1.jar:/Documents/curseforge/minecraft/Install/libraries/org/ow2/asm/asm/9.7.1/asm-9.7.1.jar:/Documents/curseforge/minecraft/Install/libraries/net/minecraftforge/JarJarFileSystems/0.3.19/JarJarFileSystems-0.3.19.jar --add-modules=ALL-MODULE-PATH --add-opens=java.base/java.util.jar=cpw.mods.securejarhandler --add-opens=java.base/java.lang.invoke=cpw.mods.securejarhandler --add-exports=java.base/sun.security.util=cpw.mods.securejarhandler --add-exports=jdk.naming.dns/com.sun.jndi.dns=java.naming -Xmx12288m -Xms256m -Dfml.ignorePatchDiscrepancies=true -Dfml.ignoreInvalidMinecraftCertificates=true -Duser.language=en -Duser.country=US -DCFInstanceId=7d01fd3f-8e95-49a5-bbeb-f85242d64d3f -DlibraryDirectory=/Documents/curseforge/minecraft/Install/libraries -XX:+UnlockExperimentalVMOptions -XX:+UseG1GC -XX:G1NewSizePercent=20 -XX:G1ReservePercent=20 -XX:MaxGCPauseMillis=50 -XX:G1HeapRegionSize=32M -Dlog4j.configurationFile=/Documents/curseforge/minecraft/Install/assets/log_configs/client-1.12.xml 
java_command: cpw.mods.bootstraplauncher.BootstrapLauncher --version forge-47.4.3 --gameDir /Documents/curseforge/minecraft/Instances/The Last Engineer --assetsDir /Documents/curseforge/minecraft/Install/assets --assetIndex 5 --userType msa --versionType release --width 1024 --height 768 --quickPlayPath /Documents/curseforge/minecraft/Install/quickPlay/java/1756531629017.json --launchTarget forgeclient --fml.forgeVersion 47.4.3 --fml.mcVersion 1.20.1 --fml.forgeGroup net.minecraftforge --fml.mcpVersion 20230612.114412
java_class_path (initial): /Documents/curseforge/minecraft/Install/libraries/cpw/mods/securejarhandler/2.1.10/securejarhandler-2.1.10.jar:/Documents/curseforge/minecraft/Install/libraries/org/ow2/asm/asm/9.7.1/asm-9.7.1.jar:/Documents/curseforge/minecraft/Install/libraries/org/ow2/asm/asm-commons/9.7.1/asm-commons-9.7.1.jar:/Documents/curseforge/minecraft/Install/libraries/org/ow2/asm/asm-tree/9.7.1/asm-tree-9.7.1.jar:/Documents/curseforge/minecraft/Install/libraries/org/ow2/asm/asm-util/9.7.1/asm-util-9.7.1.jar:/Documents/curseforge/minecraft/Install/libraries/org/ow2/asm/asm-analysis/9.7.1/asm-analysis-9.7.1.jar:/Documents/curseforge/minecraft/Install/libraries/net/minecraftforge/accesstransformers/8.0.4/accesstransformers-8.0.4.jar:/Documents/curseforge/minecraft/Install/libraries/org/antlr/antlr4-runtime/4.9.1/antlr4-runtime-4.9.1.jar:/Documents/curseforge/minecraft/Install/libraries/net/minecraftforge/eventbus/6.0.5/eventbus-6.0.5.jar:/Documents/curseforge/minecraft/Install/libraries/net/minecraftforge/forgespi/7.0.1/forgespi-7.0.1.jar:/Documents/curseforge/minecraft/Install/libraries/net/minecraftforge/coremods/5.2.4/coremods-5.2.4.jar:/Documents/curseforge/minecraft/Install/libraries/cpw/mods/modlauncher/10.0.9/modlauncher-10.0.9.jar:/Documents/curseforge/minecraft/Install/libraries/net/minecraftforge/unsafe/0.2.0/unsafe-0.2.0.jar:/Documents/curseforge/minecraft/Install/libraries/net/minecraftforge/mergetool/1.1.5/mergetool-1.1.5-api.jar:/Documents/curseforge/minecraft/Install/libraries/com/electronwill/night-config/core/3.6.4/core-3.6.4.jar:/Documents/curseforge/minecraft/Install/libraries/com/electronwill/night-config/toml/3.6.4/toml-3.6.4.jar:/Documents/curseforge/minecraft/Install/libraries/org/apache/maven/maven-artifact/3.8.5/maven-artifact-3.8.5.jar:
Launcher Type: SUN_STANDARD

[Global flags]
     intx CICompilerCount                          = 4                                         {product} {ergonomic}
     uint ConcGCThreads                            = 3                                         {product} {ergonomic}
     uint G1ConcRefinementThreads                  = 11                                        {product} {ergonomic}
     uint G1EagerReclaimRemSetThreshold            = 256                                  {experimental} {ergonomic}
   size_t G1HeapRegionSize                         = 33554432                                  {product} {command line}
    uintx G1NewSizePercent                         = 20                                   {experimental} {command line}
    uintx G1ReservePercent                         = 20                                        {product} {command line}
    uintx GCDrainStackTargetSize                   = 64                                        {product} {ergonomic}
   size_t InitialHeapSize                          = 268435456                                 {product} {command line}
   size_t MarkStackSize                            = 4194304                                   {product} {ergonomic}
    uintx MaxGCPauseMillis                         = 50                                        {product} {command line}
   size_t MaxHeapSize                              = 12884901888                               {product} {command line}
   size_t MaxNewSize                               = 7717519360                                {product} {ergonomic}
   size_t MinHeapDeltaBytes                        = 33554432                                  {product} {ergonomic}
   size_t MinHeapSize                              = 268435456                                 {product} {command line}
    uintx NonNMethodCodeHeapSize                   = 5839564                                {pd product} {ergonomic}
    uintx NonProfiledCodeHeapSize                  = 122909338                              {pd product} {ergonomic}
    uintx ProfiledCodeHeapSize                     = 122909338                              {pd product} {ergonomic}
    uintx ReservedCodeCacheSize                    = 251658240                              {pd product} {ergonomic}
     bool SegmentedCodeCache                       = true                                      {product} {ergonomic}
   size_t SoftMaxHeapSize                          = 12884901888                            {manageable} {ergonomic}
     bool UnlockExperimentalVMOptions              = true                                 {experimental} {command line}
     bool UseCompressedClassPointers               = true                           {product lp64_product} {ergonomic}
     bool UseCompressedOops                        = true                           {product lp64_product} {ergonomic}
     bool UseG1GC                                  = true                                      {product} {command line}
     bool UseNUMA                                  = false                                     {product} {ergonomic}
     bool UseNUMAInterleaving                      = false                                     {product} {ergonomic}

Logging:
Log output configuration:
 #0: stdout all=warning,jni+resolve=error uptime,level,tags (reconfigured)
 #1: stderr all=off uptime,level,tags

Environment Variables:
PATH=/usr/bin:/bin:/usr/sbin:/sbin
SHELL=/bin/zsh
TMPDIR=/var/folders/xm/sh__ffh97l38sjy_lf6t69xw0000gn/T/

Active Locale:
LC_ALL=C
LC_COLLATE=C
LC_CTYPE=C
LC_MESSAGES=C
LC_MONETARY=C
LC_NUMERIC=C
LC_TIME=C

Signal Handlers:
   SIGSEGV: crash_handler in libjvm.dylib, mask=11100110000111110111111111111111, flags=SA_RESTART|SA_SIGINFO, unblocked
    SIGBUS: crash_handler in libjvm.dylib, mask=11100110000111110111111111111111, flags=SA_RESTART|SA_SIGINFO, unblocked
    SIGFPE: crash_handler in libjvm.dylib, mask=11100110000111110111111111111111, flags=SA_RESTART|SA_SIGINFO, unblocked
   SIGPIPE: javaSignalHandler in libjvm.dylib, mask=11100110000111110111111111111111, flags=SA_RESTART|SA_SIGINFO, blocked
   SIGXFSZ: javaSignalHandler in libjvm.dylib, mask=11100110000111110111111111111111, flags=SA_RESTART|SA_SIGINFO, blocked
    SIGILL: crash_handler in libjvm.dylib, mask=11100110000111110111111111111111, flags=SA_RESTART|SA_SIGINFO, unblocked
   SIGUSR2: SR_handler in libjvm.dylib, mask=00000000000000000000000000000000, flags=SA_RESTART|SA_SIGINFO, blocked
    SIGHUP: UserHandler in libjvm.dylib, mask=11100110000111110111111111111111, flags=SA_RESTART|SA_SIGINFO, blocked
    SIGINT: UserHandler in libjvm.dylib, mask=11100110000111110111111111111111, flags=SA_RESTART|SA_SIGINFO, blocked
   SIGTERM: UserHandler in libjvm.dylib, mask=11100110000111110111111111111111, flags=SA_RESTART|SA_SIGINFO, blocked
   SIGQUIT: UserHandler in libjvm.dylib, mask=11100110000111110111111111111111, flags=SA_RESTART|SA_SIGINFO, blocked
   SIGTRAP: crash_handler in libjvm.dylib, mask=11100110000111110111111111111111, flags=SA_RESTART|SA_SIGINFO, unblocked


Periodic native trim disabled


---------------  S Y S T E M  ---------------

OS:
uname: Darwin 24.6.0 Darwin Kernel Version 24.6.0: Mon Jul 14 11:30:40 PDT 2025; root:xnu-11417.140.69~1/RELEASE_ARM64_T6041 arm64
OS uptime: 1 days 8:13 hours
rlimit (soft/hard): STACK 8176k/65520k , CORE 0k/infinity , NPROC 8000/12000 , NOFILE 1048576/infinity , AS infinity/infinity , CPU infinity/infinity , DATA infinity/infinity , FSIZE infinity/infinity , MEMLOCK infinity/infinity , RSS infinity/infinity
load average: 4.63 5.09 5.23

CPU: total 14 (initial active 14) 0x61:0x0:0x17d5b93a:0, fp, simd, crc, lse
machdep.cpu.brand_string:Apple M4 Pro
hw.cachelinesize:128
hw.l1icachesize:131072
hw.l1dcachesize:65536
hw.l2cachesize:4194304

Memory: 16k page, physical 50331648k(189440k free), swap 0k(0k free)

vm_info: OpenJDK 64-Bit Server VM (17.0.15+6-LTS) for bsd-aarch64 JRE (17.0.15+6-LTS), built on Apr  9 2025 22:12:40 by "MicrosoftCorporation" with clang Apple LLVM 12.0.5 (clang-1205.0.22.9)

END.
